ARR_HOUR,ARR_HOURNAME,ARR_MIN,ARR_MINNAME,CF1,CF1NAME,CF2,CF2NAME,CF3,CF3NAME,CITY,CITYNAME,COUNTY,COUNTYNAME,CaseYear,DAY,DAY_WEEK,DAY_WEEKNAME,DRUNK_DR,FATALS,FUNC_SYS,FUNC_SYSNAME,HARM_EV,HARM_EVNAME,HOSP_HR,HOSP_HRNAME,HOSP_MN,HOSP_MNNAME,HOUR,HOURNAME,LATITUDE,LATITUDENAME,LGT_COND,LGT_CONDNAME,LONGITUD,LONGITUDNAME,MAN_COLL,MAN_COLLNAME,MILEPT,MILEPTNAME,MINUTE,MINUTENAME,MONTH,MonthName,NHS,NHSNAME,NOT_HOUR,NOT_HOURNAME,NOT_MIN,NOT_MINNAME,PEDS,PERMVIT,PERNOTMVIT,PERSONS,PVH_INVL,ParkWorks,RAIL,RAILNAME,RD_OWNER,RD_OWNERNAME,RELJCT1,RELJCT1NAME,RELJCT2,RELJCT2NAME,REL_ROAD,REL_ROADNAME,ROAD_FNC,ROAD_FNCNAME,ROUTE,ROUTENAME,RUR_URB,RUR_URBNAME,SCH_BUS,SCH_BUSNAME,SP_JUR,SP_JURNAME,STATENAME,ST_CASE,State,TWAY_ID,TWAY_ID2,TYP_INT,TYP_INTNAME,VE_FORMS,VE_TOTAL,WEATHER,WEATHER1,WEATHER1NAME,WEATHER2,WEATHER2NAME,WEATHERNAME,WRK_ZONE,WRK_ZONENAME,YEAR
21,9:00pm-9:59pm,18,18,0,None,0,None,0,None,2600,HEMPSTEAD,59,NASSAU (59),2013,27,4,Wednesday,1,1,,,12,Motor Vehicle In-Transport ,99,Unknown,99,Unknown EMS Hospital Arrival Time,21,9:00pm-9:59pm,40.66786111,40.66786111,1,Daylight,-73.698308330,-73.698308330,6,Angle ,0,None,15,15,2,February,0,This section IS NOT on the NHS,21,9:00pm-9:59pm,16,16,0,3,0,3,0,,0000000,Not Applicable,,,0,No,2,Intersection,1,On Roadway,16,Urban-Local Road or Street,6,Local Street - Municipality,,,0,No,0,No Special Jurisdiction,New York,360086,36,FRANKLIN AVE,CORONA AVE,3,T-Intersection,3,3,10,10,Cloudy,0,No Additional Atmospheric Conditions,Cloudy,0,None,2013
19,7:00pm-7:59pm,28,28,0,None,0,None,0,None,6550,WESTBURY,59,NASSAU (59),2019,26,3,Tuesday,1,3,7,Local,10,Railway Vehicle,88,Not Applicable (Not Transported) ,88,Not Applicable (Not Transported),19,7:00pm-7:59pm,40.75455833,40.75455833,3,Dark - Lighted,-73.581219440,-73.581219440,0,The First Harmful Event was Not a Collision with a Motor Vehicle in Transport,99998,Not Reported,24,24,2,February,0,This section IS NOT on the NHS,19,7:00pm-7:59pm,24,24,0,3,0,3,0,,338146F,338146F,3,Town or Township Highway Agency,0,No,6,Railway Grade Crossing ,1,On Roadway,,,5,Local Street - Township,2,Urban,0,No,0,No Special Jurisdiction,New York,360087,36,SCHOOL ST,,1,Not an Intersection,1,1,1,1,Clear,0,No Additional Atmospheric Conditions,Clear,0,None,2019
23,11:00pm-11:59pm,49,49,0,None,0,None,0,None,4600,OYSTER BAY,59,NASSAU (59),2017,23,5,Thursday,1,1,1,Interstate,12,Motor Vehicle In-Transport ,99,Unknown,99,Unknown EMS Hospital Arrival Time,23,11:00pm-11:59pm,40.79911944,40.79911944,3,Dark - Lighted,-73.483563890,-73.483563890,99,Unknown,0,None,48,48,2,February,1,This section IS ON the NHS,23,11:00pm-11:59pm,48,48,0,6,0,6,0,,0000000,Not Applicable,1,State Highway Agency,0,No,1,Non-Junction,1,On Roadway,,,1,Interstate,1,Rural,0,No,0,No Special Jurisdiction,New York,360087,36,I-495,,1,Not an Intersection,3,3,1,1,Clear,0,No Additional Atmospheric Conditions,Clear,0,None,2017
99,Unknown EMS Scene Arrival Hour,99,Unknown EMS Scene Arrival Minutes,0,None,0,None,0,None,2600,HEMPSTEAD,59,NASSAU (59),2016,30,7,Saturday,1,1,3,Principal Arterial - Other,12,Motor Vehicle In-Transport ,99,Unknown,99,Unknown EMS Hospital Arrival Time,3,3:00am-3:59am,40.62391111,40.62391111,3,Dark - Lighted,-73.740802780,-73.740802780,2,Front-to-Front,0,None,24,24,1,January,1,This section IS ON the NHS,99,Unknown,99,Unknown,0,2,0,2,0,,0000000,Not Applicable,1,State Highway Agency,0,No,1,Non-Junction,1,On Roadway,,,3,State Highway,2,Urban,0,No,0,No Special Jurisdiction,New York,360088,36,SR-878 NASSAU EXPY,,1,Not an Intersection,2,2,1,1,Clear,0,No Additional Atmospheric Conditions,Clear,0,None,2016
16,4:00pm-4:59pm,5,5,0,None,0,None,0,None,4600,OYSTER BAY,59,NASSAU (59),2018,8,5,Thursday,1,1,7,Local,12,Motor Vehicle In-Transport ,99,Unknown,99,Unknown EMS Hospital Arrival Time,16,4:00pm-4:59pm,40.83553611,40.83553611,1,Daylight,-73.621738890,-73.621738890,6,Angle ,0,None,3,3,3,March,0,This section IS NOT on the NHS,16,4:00pm-4:59pm,4,4,0,3,0,3,0,,0000000,Not Applicable,3,Town or Township Highway Agency,0,No,2,Intersection,1,On Roadway,,,5,Local Street - Township,2,Urban,0,No,0,No Special Jurisdiction,New York,360090,36,GLEN HEAD RD,SHEPPARD ST,3,T-Intersection,2,2,10,10,Cloudy,0,No Additional Atmospheric Conditions,Cloudy,0,None,2018
11,11:00am-11:59am,4,4,0,None,0,None,0,None,4600,OYSTER BAY,59,NASSAU (59),2010,20,4,Wednesday,0,1,,,8,Pedestrian,99,Unknown,99,Unknown EMS Hospital Arrival Time,11,11:00am-11:59am,40.69092222,40.69092222,1,Daylight,-73.465644440,-73.465644440,0,Not a Collision with Motor Vehicle In-Transport,0,None,0,0,1,January,0,This section IS NOT on the NHS,11,11:00am-11:59am,3,3,1,,,1,,,0000000,Not Applicable,,,0,No,1,Non-Junction,1,On Roadway,14,Urban-Minor Arterial,6,Local Street - Municipality,,,0,No,0,No Special Jurisdiction,New York,360092,36,BROADWAY,,1,Not an Intersection,1,1,1,1,Clear,0,No Additional Atmospheric Conditions,Clear,0,None,2010
9,9:00am-9:59am,10,10,0,None,0,None,0,None,3120,LAKE SUCCESS,59,NASSAU (59),2019,17,1,Sunday,0,1,1,Interstate,9,Pedalcyclist,9,9:00am-9:59am,23,23,9,9:00am-9:59am,40.76677222,40.76677222,1,Daylight,-73.695661110,-73.695661110,0,The First Harmful Event was Not a Collision with a Motor Vehicle in Transport,99998,Not Reported,3,3,3,March,1,This section IS ON the NHS,9,9:00am-9:59am,8,8,1,1,1,1,0,,0000000,Not Applicable,1,State Highway Agency,0,No,1,Non-Junction,1,On Roadway,,,7,Local Street - Frontage Road,2,Urban,0,No,0,No Special Jurisdiction,New York,360095,36,I-495 S SERVICE RD,,1,Not an Intersection,1,1,1,1,Clear,0,No Additional Atmospheric Conditions,Clear,0,None,2019
99,Unknown EMS Scene Arrival Hour,99,Unknown EMS Scene Arrival Minutes,0,None,0,None,0,None,2600,HEMPSTEAD,59,NASSAU (59),2010,7,1,Sunday,0,1,,,8,Pedestrian,99,Unknown,99,Unknown EMS Hospital Arrival Time,15,3:00pm-3:59pm,40.70946667,40.70946667,1,Daylight,-73.594922220,-73.594922220,0,Not a Collision with Motor Vehicle In-Transport,0,None,13,13,2,February,0,This section IS NOT on the NHS,99,Unknown,99,Unknown,1,,,2,,,0000000,Not Applicable,,,0,No,3,Intersection-Related ,1,On Roadway,16,Urban-Local Road or Street,6,Local Street - Municipality,,,0,No,0,No Special Jurisdiction,New York,360097,36,FRONT ST,MAPLE AVE,2,Four-Way Intersection,1,1,1,1,Clear,0,No Additional Atmospheric Conditions,Clear,0,None,2010
99,Unknown EMS Scene Arrival Hour,99,Unknown EMS Scene Arrival Minutes,0,None,0,None,0,None,2600,HEMPSTEAD,59,NASSAU (59),2010,14,1,Sunday,0,1,,,8,Pedestrian,99,Unknown,99,Unknown EMS Hospital Arrival Time,3,3:00am-3:59am,40.68281944,40.68281944,3,Dark - Lighted,-73.592005560,-73.592005560,0,Not a Collision with Motor Vehicle In-Transport,0,None,17,17,2,February,0,This section IS NOT on the NHS,99,Unknown,99,Unknown,1,,,3,,,0000000,Not Applicable,,,0,No,3,Intersection-Related ,1,On Roadway,14,Urban-Minor Arterial,6,Local Street - Municipality,,,0,No,0,No Special Jurisdiction,New York,360098,36,NASSAU RD,W ROOSEVELT AVE,2,Four-Way Intersection,2,2,1,1,Clear,0,No Additional Atmospheric Conditions,Clear,0,None,2010
99,Unknown EMS Scene Arrival Hour,99,Unknown EMS Scene Arrival Minutes,0,None,0,None,0,None,4090,NEW HYDE PARK,59,NASSAU (59),2014,5,4,Wednesday,1,2,,,33,Curb,99,Unknown,99,Unknown EMS Hospital Arrival Time,1,1:00am-1:59am,40.77637222,40.77637222,3,Dark - Lighted,-73.636363890,-73.636363890,0,Not a Collision with Motor Vehicle In-Transport,0,None,15,15,3,March,0,This section IS NOT on the NHS,99,Unknown,99,Unknown,0,2,0,2,0,,0000000,Not Applicable,,,0,No,3,Intersection-Related ,4,On Roadside,16,Urban-Local Road or Street,5,Local Street - Township,,,0,No,0,No Special Jurisdiction,New York,360098,36,ROSLYN RD,LOCUST LN,3,T-Intersection,1,1,1,1,Clear,0,No Additional Atmospheric Conditions,Clear,0,None,2014
99,Unknown EMS Scene Arrival Hour,99,Unknown EMS Scene Arrival Minutes,0,None,0,None,0,None,5250,ROCKVILLE CENTRE,59,NASSAU (59),2013,21,2,Monday,1,1,,,30,Utility Pole/Light Support,99,Unknown,99,Unknown EMS Hospital Arrival Time,20,8:00pm-8:59pm,99.99990000,Unknown,3,Dark - Lighted,999.999900000,Unknown,0,Not a Collision with Motor Vehicle In-Transport,0,None,29,29,1,January,1,This section IS ON the NHS,99,Unknown,99,Unknown,0,1,1,2,1,,0000000,Not Applicable,,,0,No,1,Non-Junction,4,On Roadside,13,Urban-Other Principal Arterial,3,State Highway,,,0,No,0,No Special Jurisdiction,New York,360098,36,SR-27,,1,Not an Intersection,1,2,4,4,Snow,0,No Additional Atmospheric Conditions,Snow,0,None,2013
99,Unknown EMS Scene Arrival Hour,99,Unknown EMS Scene Arrival Minutes,0,None,0,None,0,None,4335,NORTH VALLEY STREAM,59,NASSAU (59),2010,30,7,Saturday,0,1,,,8,Pedestrian,99,Unknown,99,Unknown EMS Hospital Arrival Time,19,7:00pm-7:59pm,40.68076389,40.68076389,3,Dark - Lighted,-73.685394440,-73.685394440,0,Not a Collision with Motor Vehicle In-Transport,0,None,15,15,1,January,0,This section IS NOT on the NHS,99,Unknown,99,Unknown,1,,,1,,,0000000,Not Applicable,,,0,No,3,Intersection-Related ,1,On Roadway,13,Urban-Other Principal Arterial,6,Local Street - Municipality,,,0,No,0,No Special Jurisdiction,New York,360099,36,FRANKLIN AVE,LINDEN ST,3,T-Intersection,1,1,1,1,Clear,0,No Additional Atmospheric Conditions,Clear,0,None,2010
20,8:00pm-8:59pm,11,11,0,None,0,None,0,None,1740,EAST ROCKWAY,59,NASSAU (59),2015,18,4,Wednesday,0,1,7,Local,8,Pedestrian,20,8:00pm-8:59pm,30,30,20,8:00pm-8:59pm,40.64079444,40.64079444,3,Dark - Lighted,-73.659611110,-73.659611110,0,Not a Collision with Motor Vehicle In-Transport,0,None,5,5,2,February,0,This section IS NOT on the NHS,20,8:00pm-8:59pm,9,9,1,3,1,3,0,,0000000,Not Applicable,3,Town or Township Highway Agency,0,No,3,Intersection-Related ,1,On Roadway,,,5,Local Street - Township,2,Urban,0,No,0,No Special Jurisdiction,New York,360099,36,ATLANTIC AVE,OCEAN AVE,2,Four-Way Intersection,1,1,1,1,Clear,0,No Additional Atmospheric Conditions,Clear,0,None,2015
99,Unknown EMS Scene Arrival Hour,99,Unknown EMS Scene Arrival Minutes,0,None,0,None,0,None,2600,HEMPSTEAD,59,NASSAU (59),2014,3,2,Monday,0,1,,,12,Motor Vehicle In-Transport ,99,Unknown,99,Unknown EMS Hospital Arrival Time,21,9:00pm-9:59pm,40.64200000,40.64200000,3,Dark - Lighted,-73.633961110,-73.633961110,6,Angle ,0,None,35,35,3,March,0,This section IS NOT on the NHS,99,Unknown,99,Unknown,0,3,0,3,0,,0000000,Not Applicable,,,0,No,2,Intersection,1,On Roadway,16,Urban-Local Road or Street,5,Local Street - Township,,,0,No,0,No Special Jurisdiction,New York,360100,36,OCEANSIDE RD,DAVISON AVE,2,Four-Way Intersection,2,2,1,1,Clear,0,No Additional Atmospheric Conditions,Clear,0,None,2014
23,11:00pm-11:59pm,37,37,0,None,0,None,0,None,4090,NEW HYDE PARK,59,NASSAU (59),2016,27,7,Saturday,0,1,7,Local,8,Pedestrian,23,11:00pm-11:59pm,54,54,23,11:00pm-11:59pm,40.74691667,40.74691667,3,Dark - Lighted,-73.630802780,-73.630802780,0,Not a Collision with Motor Vehicle In-Transport,0,None,31,31,2,February,0,This section IS NOT on the NHS,23,11:00pm-11:59pm,33,33,1,1,1,1,0,,0000000,Not Applicable,3,Town or Township Highway Agency,0,No,3,Intersection-Related ,1,On Roadway,,,5,Local Street - Township,2,Urban,0,No,0,No Special Jurisdiction,New York,360102,36,WESTBURY AVE,DENTON AVE,3,T-Intersection,1,1,1,1,Clear,0,No Additional Atmospheric Conditions,Clear,0,None,2016
99,Unknown EMS Scene Arrival Hour,99,Unknown EMS Scene Arrival Minutes,0,None,0,None,0,None,4600,OYSTER BAY,59,NASSAU (59),2010,3,4,Wednesday,1,1,,,42,Tree (Standing Only),99,Unknown,99,Unknown EMS Hospital Arrival Time,0,0:00am-0:59am,40.79555278,40.79555278,2,Dark - Not Lighted,-73.540763890,-73.540763890,0,Not a Collision with Motor Vehicle In-Transport,0,None,45,45,3,March,0,This section IS NOT on the NHS,99,Unknown,99,Unknown,0,,,1,,,0000000,Not Applicable,,,0,No,1,Non-Junction,4,On Roadside,14,Urban-Minor Arterial,6,Local Street - Municipality,,,0,No,0,No Special Jurisdiction,New York,360104,36,N BROADWAY,,1,Not an Intersection,1,1,10,10,Cloudy,0,No Additional Atmospheric Conditions,Cloudy,0,None,2010
4,4:00am-4:59am,4,4,0,None,0,None,0,None,4090,NEW HYDE PARK,59,NASSAU (59),2011,19,7,Saturday,1,1,,,14,Parked Motor Vehicle ,99,Unknown,99,Unknown EMS Hospital Arrival Time,4,4:00am-4:59am,40.75456389,40.75456389,3,Dark - Lighted,-73.562780560,-73.562780560,0,Not a Collision with Motor Vehicle In-Transport,0,None,0,0,2,February,0,This section IS NOT on the NHS,4,4:00am-4:59am,0,0,0,2,0,2,1,,0000000,Not Applicable,,,0,No,1,Non-Junction,7,In Parking Lane/Zone,15,Urban-Collector,5,Local Street - Township,,,0,No,0,No Special Jurisdiction,New York,360105,36,URBAN AVE,,1,Not an Intersection,1,2,1,1,Clear,0,No Additional Atmospheric Conditions,Clear,0,None,2011
99,Unknown EMS Scene Arrival Hour,99,Unknown EMS Scene Arrival Minutes,0,None,0,None,0,None,2600,HEMPSTEAD,59,NASSAU (59),2018,25,5,Thursday,0,1,7,Local,12,Motor Vehicle In-Transport ,99,Unknown,99,Unknown EMS Hospital Arrival Time,10,10:00am-10:59am,40.69903611,40.69903611,1,Daylight,-73.560025000,-73.560025000,6,Angle ,0,None,30,30,1,January,0,This section IS NOT on the NHS,99,Unknown,99,Unknown,0,2,0,2,0,,0000000,Not Applicable,3,Town or Township Highway Agency,0,No,2,Intersection,1,On Roadway,,,5,Local Street - Township,2,Urban,0,No,0,No Special Jurisdiction,New York,360106,36,BELLMORE AVE,N JERUSALEM RD,2,Four-Way Intersection,2,2,1,1,Clear,0,No Additional Atmospheric Conditions,Clear,0,None,2018
99,Unknown EMS Scene Arrival Hour,99,Unknown EMS Scene Arrival Minutes,0,None,0,None,0,None,2280,GLEN COVE,59,NASSAU (59),2012,23,5,Thursday,0,1,,,8,Pedestrian,99,Unknown,99,Unknown EMS Hospital Arrival Time,18,6:00pm-6:59pm,40.85915556,40.85915556,5,Dusk,-73.634483330,-73.634483330,0,Not a Collision with Motor Vehicle In-Transport,0,None,38,38,2,February,0,This section IS NOT on the NHS,99,Unknown,99,Unknown,1,1,1,1,0,,0000000,Not Applicable,,,0,No,1,Non-Junction,1,On Roadway,14,Urban-Minor Arterial,5,Local Street - Township,,,0,No,0,No Special Jurisdiction,New York,360106,36,GLEN COVE AVE,,1,Not an Intersection,1,1,1,1,Clear,0,No Additional Atmospheric Conditions,Clear,0,None,2012
20,8:00pm-8:59pm,19,19,0,None,0,None,0,None,2160,FREEPORT,59,NASSAU (59),2016,20,7,Saturday,0,1,3,Principal Arterial - Other,9,Pedalcyclist,20,8:00pm-8:59pm,33,33,20,8:00pm-8:59pm,40.65676667,40.65676667,3,Dark - Lighted,-73.578469440,-73.578469440,0,Not a Collision with Motor Vehicle In-Transport,0,None,12,12,2,February,1,This section IS ON the NHS,20,8:00pm-8:59pm,12,12,1,2,1,2,0,,0000000,Not Applicable,1,State Highway Agency,0,No,3,Intersection-Related ,1,On Roadway,,,3,State Highway,2,Urban,0,No,0,No Special Jurisdiction,New York,360107,36,SR-27 SUNRISE HWY,BENSON PL,3,T-Intersection,1,1,1,1,Clear,0,No Additional Atmospheric Conditions,Clear,0,None,2016
99,Unknown EMS Scene Arrival Hour,99,Unknown EMS Scene Arrival Minutes,0,None,0,None,0,None,4600,OYSTER BAY,59,NASSAU (59),2010,4,5,Thursday,0,1,,,38,Fence,99,Unknown,99,Unknown EMS Hospital Arrival Time,17,5:00pm-5:59pm,40.75502778,40.75502778,1,Daylight,-73.479480560,-73.479480560,0,Not a Collision with Motor Vehicle In-Transport,0,None,8,8,3,March,0,This section IS NOT on the NHS,99,Unknown,99,Unknown,0,,,1,,,0000000,Not Applicable,,,0,No,1,Non-Junction,4,On Roadside,16,Urban-Local Road or Street,6,Local Street - Municipality,,,0,No,0,No Special Jurisdiction,New York,360110,36,CHERRY AVE,,1,Not an Intersection,1,1,10,10,Cloudy,0,No Additional Atmospheric Conditions,Cloudy,0,None,2010
9,9:00am-9:59am,36,36,0,None,0,None,0,None,4600,OYSTER BAY,59,NASSAU (59),2014,15,7,Saturday,0,1,,,1,Rollover/Overturn,88,Not Applicable (Not Transported) ,88,Not Applicable (Not Transported),9,9:00am-9:59am,40.79919167,40.79919167,1,Daylight,-73.466300000,-73.466300000,0,Not a Collision with Motor Vehicle In-Transport,0,None,25,25,2,February,1,This section IS ON the NHS,9,9:00am-9:59am,27,27,0,1,0,1,0,,0000000,Not Applicable,,,0,No,1,Non-Junction,4,On Roadside,13,Urban-Other Principal Arterial,3,State Highway,,,0,No,0,No Special Jurisdiction,New York,360110,36,SR-908G,,1,Not an Intersection,1,1,10,10,Cloudy,0,No Additional Atmospheric Conditions,Cloudy,0,None,2014
99,Unknown EMS Scene Arrival Hour,99,Unknown EMS Scene Arrival Minutes,0,None,0,None,0,None,4090,NEW HYDE PARK,59,NASSAU (59),2017,15,4,Wednesday,0,1,7,Local,9,Pedalcyclist,99,Unknown,99,Unknown EMS Hospital Arrival Time,1,1:00am-1:59am,40.75383611,40.75383611,3,Dark - Lighted,-73.687411110,-73.687411110,0,Not a Collision with Motor Vehicle In-Transport,0,None,20,20,2,February,0,This section IS NOT on the NHS,99,Unknown,99,Unknown,1,1,1,1,0,,0000000,Not Applicable,3,Town or Township Highway Agency,0,No,1,Non-Junction,1,On Roadway,,,5,Local Street - Township,2,Urban,0,No,0,No Special Jurisdiction,New York,360112,36,NEW HYDE PARK RD,,1,Not an Intersection,1,1,1,1,Clear,0,No Additional Atmospheric Conditions,Clear,0,None,2017
15,3:00pm-3:59pm,16,16,0,None,0,None,0,None,4600,OYSTER BAY,59,NASSAU (59),2011,29,3,Tuesday,0,1,,,12,Motor Vehicle In-Transport ,15,3:00pm-3:59pm,36,36,15,3:00pm-3:59pm,40.76305556,40.76305556,1,Daylight,-73.538938890,-73.538938890,6,Angle ,0,None,15,15,3,March,0,This section IS NOT on the NHS,15,3:00pm-3:59pm,16,16,0,2,0,2,0,,0000000,Not Applicable,,,0,No,2,Intersection,1,On Roadway,14,Urban-Minor Arterial,5,Local Street - Township,,,0,No,0,No Special Jurisdiction,New York,360113,36,DUFFY AVE,W NICHOLAI ST,3,T-Intersection,2,2,1,1,Clear,0,No Additional Atmospheric Conditions,Clear,0,None,2011
8,8:00am-8:59am,55,55,0,None,0,None,0,None,2600,HEMPSTEAD,59,NASSAU (59),2016,13,1,Sunday,1,1,4,Minor Arterial,12,Motor Vehicle In-Transport ,9,9:00am-9:59am,30,30,8,8:00am-8:59am,40.69380833,40.69380833,1,Daylight,-73.501583330,-73.501583330,2,Front-to-Front,0,None,45,45,3,March,0,This section IS NOT on the NHS,8,8:00am-8:59am,52,52,0,2,0,2,0,,0000000,Not Applicable,1,State Highway Agency,0,No,3,Intersection-Related ,1,On Roadway,,,3,State Highway,2,Urban,0,No,0,No Special Jurisdiction,New York,360113,36,SR-105 JERUSALEM AVE,CAMPBELL RD,3,T-Intersection,2,2,1,1,Clear,0,No Additional Atmospheric Conditions,Clear,0,None,2016
99,Unknown EMS Scene Arrival Hour,99,Unknown EMS Scene Arrival Minutes,0,None,0,None,0,None,2600,HEMPSTEAD,59,NASSAU (59),2015,15,1,Sunday,1,1,7,Local,59,Traffic Sign Support ,88,Not Applicable (Not Transported) ,88,Not Applicable (Not Transported),3,3:00am-3:59am,40.71403889,40.71403889,3,Dark - Lighted,-73.501977780,-73.501977780,0,Not a Collision with Motor Vehicle In-Transport,0,None,35,35,3,March,0,This section IS NOT on the NHS,99,Unknown,99,Unknown,0,1,0,1,0,,0000000,Not Applicable,3,Town or Township Highway Agency,0,No,1,Non-Junction,4,On Roadside,,,5,Local Street - Township,2,Urban,0,No,0,No Special Jurisdiction,New York,360117,36,WANTAGH AVE,,1,Not an Intersection,1,1,10,10,Cloudy,0,No Additional Atmospheric Conditions,Cloudy,0,None,2015
16,4:00pm-4:59pm,8,8,0,None,0,None,0,None,4600,OYSTER BAY,59,NASSAU (59),2014,7,6,Friday,0,1,,,12,Motor Vehicle In-Transport ,16,4:00pm-4:59pm,35,35,16,4:00pm-4:59pm,40.77769722,40.77769722,1,Daylight,-73.529844440,-73.529844440,6,Angle ,0,None,0,0,3,March,0,This section IS NOT on the NHS,16,4:00pm-4:59pm,6,6,0,3,0,3,0,,0000000,Not Applicable,,,0,No,2,Intersection,1,On Roadway,13,Urban-Other Principal Arterial,5,Local Street - Township,,,0,No,0,No Special Jurisdiction,New York,360120,36,N BROADWAY,PRINCESS ST,3,T-Intersection,3,3,10,10,Cloudy,0,No Additional Atmospheric Conditions,Cloudy,0,None,2014
4,4:00am-4:59am,32,32,0,None,0,None,0,None,2600,HEMPSTEAD,59,NASSAU (59),2010,30,7,Saturday,1,1,,,12,Motor Vehicle In-Transport ,5,5:00am-5:59am,5,5,4,4:00am-4:59am,40.63311389,40.63311389,3,Dark - Lighted,-73.739186110,-73.739186110,1,Front-to-Rear ,0,None,30,30,1,January,0,This section IS NOT on the NHS,4,4:00am-4:59am,31,31,0,,,4,,,0000000,Not Applicable,,,0,No,1,Non-Junction,1,On Roadway,14,Urban-Minor Arterial,6,Local Street - Municipality,,,0,No,0,No Special Jurisdiction,New York,360122,36,ROCKAWAY TPK,,1,Not an Intersection,2,2,1,1,Clear,0,No Additional Atmospheric Conditions,Clear,0,None,2010
6,6:00am-6:59am,30,30,0,None,0,None,0,None,2675,HICKSVILLE,59,NASSAU (59),2017,13,2,Monday,0,1,3,Principal Arterial - Other,8,Pedestrian,6,6:00am-6:59am,51,51,6,6:00am-6:59am,40.76925833,40.76925833,3,Dark - Lighted,-73.527766670,-73.527766670,0,Not a Collision with Motor Vehicle In-Transport,0,None,28,28,3,March,0,This section IS NOT on the NHS,6,6:00am-6:59am,30,30,1,1,1,1,0,,0000000,Not Applicable,1,State Highway Agency,0,No,1,Non-Junction,1,On Roadway,,,3,State Highway,2,Urban,0,No,0,No Special Jurisdiction,New York,360123,36,SR-106,,1,Not an Intersection,1,1,10,10,Cloudy,0,No Additional Atmospheric Conditions,Cloudy,0,None,2017
19,7:00pm-7:59pm,15,15,0,None,0,None,0,None,2600,HEMPSTEAD,59,NASSAU (59),2019,23,7,Saturday,0,1,7,Local,8,Pedestrian,19,7:00pm-7:59pm,25,25,19,7:00pm-7:59pm,40.69446389,40.69446389,3,Dark - Lighted,-73.621766670,-73.621766670,0,The First Harmful Event was Not a Collision with a Motor Vehicle in Transport,99998,Not Reported,1,1,2,February,0,This section IS NOT on the NHS,19,7:00pm-7:59pm,3,3,1,1,1,1,0,,0000000,Not Applicable,3,Town or Township Highway Agency,0,No,3,Intersection-Related ,1,On Roadway,,,5,Local Street - Township,2,Urban,0,No,0,No Special Jurisdiction,New York,360124,36,S FRANKLIN ST,STERLING PL,3,T-Intersection,1,1,1,1,Clear,0,No Additional Atmospheric Conditions,Clear,0,None,2019
5,5:00am-5:59am,55,55,0,None,0,None,0,None,2600,HEMPSTEAD,59,NASSAU (59),2012,4,1,Sunday,0,1,,,14,Parked Motor Vehicle ,88,Not Applicable (Not Transported) ,88,Not Applicable (Not Transported),5,5:00am-5:59am,40.66129444,40.66129444,3,Dark - Lighted,-73.539000000,-73.539000000,0,Not a Collision with Motor Vehicle In-Transport,0,None,45,45,3,March,0,This section IS NOT on the NHS,5,5:00am-5:59am,51,51,0,1,0,1,1,,0000000,Not Applicable,,,0,No,3,Intersection-Related ,7,In Parking Lane/Zone,16,Urban-Local Road or Street,6,Local Street - Municipality,,,0,No,0,No Special Jurisdiction,New York,360126,36,MERRICK RD,SOMA AVE,3,T-Intersection,1,2,1,1,Clear,0,No Additional Atmospheric Conditions,Clear,0,None,2012
21,9:00pm-9:59pm,10,10,0,None,0,None,0,None,2600,HEMPSTEAD,59,NASSAU (59),2019,2,3,Tuesday,0,1,7,Local,8,Pedestrian,99,Unknown,99,Unknown EMS Hospital Arrival Time,21,9:00pm-9:59pm,40.69909167,40.69909167,3,Dark - Lighted,-73.623172220,-73.623172220,0,The First Harmful Event was Not a Collision with a Motor Vehicle in Transport,99998,Not Reported,6,6,4,April,0,This section IS NOT on the NHS,21,9:00pm-9:59pm,6,6,1,3,1,3,0,,0000000,Not Applicable,3,Town or Township Highway Agency,0,No,3,Intersection-Related ,1,On Roadway,,,5,Local Street - Township,2,Urban,0,No,0,No Special Jurisdiction,New York,360128,36,S FRANKLIN ST,ELM AVE,3,T-Intersection,2,2,2,2,Rain,0,No Additional Atmospheric Conditions,Rain,0,None,2019
99,Unknown EMS Scene Arrival Hour,99,Unknown EMS Scene Arrival Minutes,0,None,0,None,0,None,1960,FARMINGDALE,59,NASSAU (59),2017,8,4,Wednesday,0,1,3,Principal Arterial - Other,12,Motor Vehicle In-Transport ,99,Unknown,99,Unknown EMS Hospital Arrival Time,14,2:00pm-2:59pm,40.72735833,40.72735833,1,Daylight,-73.444225000,-73.444225000,2,Front-to-Front,0,None,35,35,3,March,1,This section IS ON the NHS,15,3:00pm-3:59pm,0,0,0,4,0,4,1,,0000000,Not Applicable,1,State Highway Agency,0,No,2,Intersection,1,On Roadway,,,3,State Highway,2,Urban,0,No,0,No Special Jurisdiction,New York,360128,36,SR-109 FULTON ST,MAIN ST,2,Four-Way Intersection,3,4,1,1,Clear,0,No Additional Atmospheric Conditions,Clear,0,None,2017
17,5:00pm-5:59pm,10,10,0,None,0,None,0,None,2600,HEMPSTEAD,59,NASSAU (59),2014,25,3,Tuesday,0,1,,,8,Pedestrian,99,Unknown,99,Unknown EMS Hospital Arrival Time,17,5:00pm-5:59pm,40.61376111,40.61376111,1,Daylight,-73.753905560,-73.753905560,0,Not a Collision with Motor Vehicle In-Transport,0,None,3,3,3,March,0,This section IS NOT on the NHS,17,5:00pm-5:59pm,6,6,1,1,1,1,0,,0000000,Not Applicable,,,0,No,1,Non-Junction,4,On Roadside,16,Urban-Local Road or Street,5,Local Street - Township,,,0,No,0,No Special Jurisdiction,New York,360130,36,NASSAU AVE,,1,Not an Intersection,1,1,10,10,Cloudy,0,No Additional Atmospheric Conditions,Cloudy,0,None,2014