ARR_HOUR,ARR_HOURNAME,ARR_MIN,ARR_MINNAME,CF1,CF1NAME,CF2,CF2NAME,CF3,CF3NAME,CITY,CITYNAME,COUNTY,COUNTYNAME,CaseYear,DAY,DAY_WEEK,DAY_WEEKNAME,DRUNK_DR,FATALS,FUNC_SYS,FUNC_SYSNAME,HARM_EV,HARM_EVNAME,HOSP_HR,HOSP_HRNAME,HOSP_MN,HOSP_MNNAME,HOUR,HOURNAME,LATITUDE,LATITUDENAME,LGT_COND,LGT_CONDNAME,LONGITUD,LONGITUDNAME,MAN_COLL,MAN_COLLNAME,MILEPT,MILEPTNAME,MINUTE,MINUTENAME,MONTH,MonthName,NHS,NHSNAME,NOT_HOUR,NOT_HOURNAME,NOT_MIN,NOT_MINNAME,PEDS,PERMVIT,PERNOTMVIT,PERSONS,PVH_INVL,ParkWorks,RAIL,RAILNAME,RD_OWNER,RD_OWNERNAME,RELJCT1,RELJCT1NAME,RELJCT2,RELJCT2NAME,REL_ROAD,REL_ROADNAME,ROAD_FNC,ROAD_FNCNAME,ROUTE,ROUTENAME,RUR_URB,RUR_URBNAME,SCH_BUS,SCH_BUSNAME,SP_JUR,SP_JURNAME,STATENAME,ST_CASE,State,TWAY_ID,TWAY_ID2,TYP_INT,TYP_INTNAME,VE_FORMS,VE_TOTAL,WEATHER,WEATHER1,WEATHER1NAME,WEATHER2,WEATHER2NAME,WEATHERNAME,WRK_ZONE,WRK_ZONENAME,YEAR
1,1:00am-1:59am,40,40,0,None,0,None,0,None,2600,HEMPSTEAD,59,NASSAU (59),2013,4,2,Monday,1,1,,,42,Tree (Standing Only),99,Unknown,99,Unknown EMS Hospital Arrival Time,1,1:00am-1:59am,99.99990000,Unknown,3,Dark - Lighted,999.999900000,Unknown,0,Not a Collision with Motor Vehicle In-Transport,0,None,30,30,2,February,0,This section IS NOT on the NHS,1,1:00am-1:59am,36,36,0,1,0,1,0,,0000000,Not Applicable,,,0,No,1,Non-Junction,4,On Roadside,2,Rural-Principal Arterial-Other,5,Local Street - Township,,,0,No,0,No Special Jurisdiction,New York,360131,36,PENINSULA BLVD,,1,Not an Intersection,1,1,1,1,Clear,0,No Additional Atmospheric Conditions,Clear,0,None,2013
9,9:00am-9:59am,44,44,0,None,0,None,0,None,2370,GREAT NECK,59,NASSAU (59),2014,30,1,Sunday,0,1,,,33,Curb,10,10:00am-10:59am,4,4,9,9:00am-9:59am,40.79771667,40.79771667,1,Daylight,-73.735158330,-73.735158330,0,Not a Collision with Motor Vehicle In-Transport,0,None,36,36,3,March,0,This section IS NOT on the NHS,9,9:00am-9:59am,40,40,1,1,1,1,0,,0000000,Not Applicable,,,0,No,1,Non-Junction,4,On Roadside,16,Urban-Local Road or Street,5,Local Street - Township,,,0,No,0,No Special Jurisdiction,New York,360134,36,OLD MILL RD,,1,Not an Intersection,1,1,2,2,Rain,0,No Additional Atmospheric Conditions,Rain,0,None,2014
9,9:00am-9:59am,59,59,0,None,0,None,0,None,2600,HEMPSTEAD,59,NASSAU (59),2015,21,7,Saturday,0,1,7,Local,59,Traffic Sign Support ,10,10:00am-10:59am,24,24,9,9:00am-9:59am,40.70625278,40.70625278,1,Daylight,-73.680894440,-73.680894440,0,Not a Collision with Motor Vehicle In-Transport,0,None,53,53,3,March,0,This section IS NOT on the NHS,9,9:00am-9:59am,56,56,0,1,0,1,0,,0000000,Not Applicable,3,Town or Township Highway Agency,0,No,3,Intersection-Related ,4,On Roadside,,,5,Local Street - Township,2,Urban,0,No,0,No Special Jurisdiction,New York,360136,36,SCHERER BLVD,RUSSELL ST,2,Four-Way Intersection,1,1,10,10,Cloudy,0,No Additional Atmospheric Conditions,Cloudy,0,None,2015
18,6:00pm-6:59pm,5,5,0,None,0,None,0,None,4090,NEW HYDE PARK,59,NASSAU (59),2017,8,1,Sunday,0,3,7,Local,38,Fence,99,Unknown,99,Unknown EMS Hospital Arrival Time,17,5:00pm-5:59pm,40.76974722,40.76974722,3,Dark - Lighted,-73.657488890,-73.657488890,0,Not a Collision with Motor Vehicle In-Transport,0,None,57,57,1,January,0,This section IS NOT on the NHS,18,6:00pm-6:59pm,0,0,0,3,0,3,0,,0000000,Not Applicable,3,Town or Township Highway Agency,0,No,3,Intersection-Related ,4,On Roadside,,,5,Local Street - Township,2,Urban,0,No,0,No Special Jurisdiction,New York,360137,36,IU WILLETS RD,SEARINGTOWN RD,2,Four-Way Intersection,1,1,1,1,Clear,0,No Additional Atmospheric Conditions,Clear,0,None,2017
6,6:00am-6:59am,8,8,0,None,0,None,0,None,2600,HEMPSTEAD,59,NASSAU (59),2011,6,4,Wednesday,0,1,,,9,Pedalcyclist,6,6:00am-6:59am,21,21,6,6:00am-6:59am,40.73615278,40.73615278,4,Dawn,-73.494330560,-73.494330560,0,Not a Collision with Motor Vehicle In-Transport,0,None,5,5,4,April,0,This section IS NOT on the NHS,6,6:00am-6:59am,5,5,2,1,2,1,0,,0000000,Not Applicable,,,0,No,1,Non-Junction,1,On Roadway,13,Urban-Other Principal Arterial,3,State Highway,,,0,No,0,No Special Jurisdiction,New York,360138,36,SR-107,,1,Not an Intersection,1,1,1,1,Clear,0,No Additional Atmospheric Conditions,Clear,0,None,2011
4,4:00am-4:59am,25,25,0,None,0,None,0,None,2600,HEMPSTEAD,59,NASSAU (59),2019,27,4,Wednesday,0,1,2,Principal Arterial - Other Freeways and Expressways,21,Bridge Pier or Support,4,4:00am-4:59am,45,45,4,4:00am-4:59am,40.69037500,40.69037500,3,Dark - Lighted,-73.632561110,-73.632561110,0,The First Harmful Event was Not a Collision with a Motor Vehicle in Transport,99998,Not Reported,21,21,3,March,1,This section IS ON the NHS,4,4:00am-4:59am,22,22,0,1,0,1,0,,0000000,Not Applicable,1,State Highway Agency,0,No,1,Non-Junction,4,On Roadside,,,3,State Highway,2,Urban,0,No,0,No Special Jurisdiction,New York,360141,36,SR-908M,,1,Not an Intersection,1,1,1,1,Clear,0,No Additional Atmospheric Conditions,Clear,0,None,2019
9,9:00am-9:59am,44,44,0,None,0,None,0,None,4090,NEW HYDE PARK,59,NASSAU (59),2014,18,3,Tuesday,0,1,,,1,Rollover/Overturn,9,9:00am-9:59am,57,57,9,9:00am-9:59am,40.73429722,40.73429722,1,Daylight,-73.584702780,-73.584702780,0,Not a Collision with Motor Vehicle In-Transport,0,None,44,44,3,March,1,This section IS ON the NHS,9,9:00am-9:59am,44,44,0,2,0,2,0,,0000000,Not Applicable,,,0,No,1,Non-Junction,3,On Median,13,Urban-Other Principal Arterial,3,State Highway,,,0,No,0,No Special Jurisdiction,New York,360142,36,SR-908E,,1,Not an Intersection,1,1,1,1,Clear,0,No Additional Atmospheric Conditions,Clear,0,None,2014
11,11:00am-11:59am,26,26,0,None,0,None,0,None,3565,MASSAPEQUA,59,NASSAU (59),2017,31,6,Friday,0,1,4,Minor Arterial,12,Motor Vehicle In-Transport ,12,12:00pm-12:59pm,4,4,11,11:00am-11:59am,40.66823889,40.66823889,1,Daylight,-73.475416670,-73.475416670,6,Angle ,0,None,20,20,3,March,0,This section IS NOT on the NHS,11,11:00am-11:59am,23,23,0,2,0,2,0,,0000000,Not Applicable,1,State Highway Agency,0,No,2,Intersection,1,On Roadway,,,3,State Highway,2,Urban,0,No,0,No Special Jurisdiction,New York,360143,36,SR-107,ELM ST,3,T-Intersection,2,2,2,2,Rain,0,No Additional Atmospheric Conditions,Rain,0,None,2017
5,5:00am-5:59am,4,4,0,None,0,None,0,None,4600,OYSTER BAY,59,NASSAU (59),2016,25,6,Friday,1,1,7,Local,30,Utility Pole/Light Support,99,Unknown,99,Unknown EMS Hospital Arrival Time,4,4:00am-4:59am,40.83278333,40.83278333,3,Dark - Lighted,-73.649319440,-73.649319440,0,Not a Collision with Motor Vehicle In-Transport,0,None,50,50,3,March,0,This section IS NOT on the NHS,4,4:00am-4:59am,57,57,0,2,0,2,0,,0000000,Not Applicable,3,Town or Township Highway Agency,0,No,1,Non-Junction,4,On Roadside,,,5,Local Street - Township,1,Rural,0,No,0,No Special Jurisdiction,New York,360143,36,SHORE RD,,1,Not an Intersection,1,1,10,10,Cloudy,0,No Additional Atmospheric Conditions,Cloudy,0,None,2016
99,Unknown EMS Scene Arrival Hour,99,Unknown EMS Scene Arrival Minutes,0,None,0,None,0,None,4090,NEW HYDE PARK,59,NASSAU (59),2017,20,2,Monday,0,1,7,Local,8,Pedestrian,99,Unknown,99,Unknown EMS Hospital Arrival Time,10,10:00am-10:59am,40.75287778,40.75287778,1,Daylight,-73.660997220,-73.660997220,0,Not a Collision with Motor Vehicle In-Transport,0,None,15,15,3,March,0,This section IS NOT on the NHS,99,Unknown,99,Unknown,1,1,1,1,0,,0000000,Not Applicable,3,Town or Township Highway Agency,0,No,1,Non-Junction,1,On Roadway,,,5,Local Street - Township,2,Urban,0,No,0,No Special Jurisdiction,New York,360144,36,HILLSIDE AVE,,1,Not an Intersection,1,1,1,1,Clear,0,No Additional Atmospheric Conditions,Clear,0,None,2017
99,Unknown EMS Scene Arrival Hour,99,Unknown EMS Scene Arrival Minutes,0,None,0,None,0,None,2600,HEMPSTEAD,59,NASSAU (59),2018,13,3,Tuesday,0,1,7,Local,12,Motor Vehicle In-Transport ,99,Unknown,99,Unknown EMS Hospital Arrival Time,22,10:00pm-10:59pm,40.66116111,40.66116111,3,Dark - Lighted,-73.607619440,-73.607619440,1,Front-to-Rear ,0,None,14,14,3,March,0,This section IS NOT on the NHS,99,Unknown,99,Unknown,0,4,0,4,0,,0000000,Not Applicable,3,Town or Township Highway Agency,0,No,2,Intersection,1,On Roadway,,,5,Local Street - Township,2,Urban,0,No,0,No Special Jurisdiction,New York,360144,36,GRAND AVE,MILBURN AVE,4,Y-Intersection,2,2,1,1,Clear,0,No Additional Atmospheric Conditions,Clear,0,None,2018
99,Unknown EMS Scene Arrival Hour,99,Unknown EMS Scene Arrival Minutes,0,None,0,None,0,None,2600,HEMPSTEAD,59,NASSAU (59),2010,17,4,Wednesday,1,1,,,12,Motor Vehicle In-Transport ,99,Unknown,99,Unknown EMS Hospital Arrival Time,16,4:00pm-4:59pm,99.99990000,Unknown,1,Daylight,999.999900000,Unknown,6,Angle ,0,None,39,39,3,March,0,This section IS NOT on the NHS,99,Unknown,99,Unknown,0,,,2,,,0000000,Not Applicable,,,0,No,4,Driveway Access,1,On Roadway,13,Urban-Other Principal Arterial,6,Local Street - Municipality,,,1,Yes,0,No Special Jurisdiction,New York,360146,36,LAWSON BLVD,,1,Not an Intersection,2,2,1,1,Clear,0,No Additional Atmospheric Conditions,Clear,0,None,2010
10,10:00am-10:59am,52,52,0,None,0,None,0,None,3120,LAKE SUCCESS,59,NASSAU (59),2015,26,5,Thursday,0,1,7,Local,8,Pedestrian,99,Unknown,99,Unknown EMS Hospital Arrival Time,10,10:00am-10:59am,40.77663333,40.77663333,1,Daylight,-73.713647220,-73.713647220,0,Not a Collision with Motor Vehicle In-Transport,0,None,45,45,3,March,0,This section IS NOT on the NHS,10,10:00am-10:59am,45,45,1,1,1,1,0,,0000000,Not Applicable,3,Town or Township Highway Agency,0,No,8,Driveway Access Related,1,On Roadway,,,5,Local Street - Township,1,Rural,0,No,0,No Special Jurisdiction,New York,360146,36,LAKEVILLE RD,,1,Not an Intersection,1,1,10,10,Cloudy,0,No Additional Atmospheric Conditions,Cloudy,0,None,2015
23,11:00pm-11:59pm,30,30,0,None,0,None,0,None,1960,FARMINGDALE,59,NASSAU (59),2012,12,2,Monday,1,2,,,12,Motor Vehicle In-Transport ,23,11:00pm-11:59pm,53,53,23,11:00pm-11:59pm,40.72573889,40.72573889,3,Dark - Lighted,-73.436950000,-73.436950000,6,Angle ,0,None,23,23,3,March,1,This section IS ON the NHS,23,11:00pm-11:59pm,24,24,0,2,0,2,0,,0000000,Not Applicable,,,0,No,2,Intersection,1,On Roadway,13,Urban-Other Principal Arterial,3,State Highway,,,0,No,0,No Special Jurisdiction,New York,360147,36,SR-109,NELSON ST,3,T-Intersection,2,2,10,10,Cloudy,0,No Additional Atmospheric Conditions,Cloudy,0,None,2012
7,7:00am-7:59am,52,52,0,None,0,None,0,None,4600,OYSTER BAY,59,NASSAU (59),2016,28,2,Monday,0,1,1,Interstate,24,Guardrail Face,8,8:00am-8:59am,29,29,7,7:00am-7:59am,40.79846944,40.79846944,1,Daylight,-73.479275000,-73.479275000,0,Not a Collision with Motor Vehicle In-Transport,0,None,45,45,3,March,1,This section IS ON the NHS,7,7:00am-7:59am,46,46,0,2,0,2,0,,0000000,Not Applicable,1,State Highway Agency,0,No,1,Non-Junction,4,On Roadside,,,1,Interstate,1,Rural,0,No,0,No Special Jurisdiction,New York,360147,36,I-495,,1,Not an Intersection,2,2,2,2,Rain,0,No Additional Atmospheric Conditions,Rain,0,None,2016
99,Unknown EMS Scene Arrival Hour,99,Unknown EMS Scene Arrival Minutes,0,None,0,None,0,None,2280,GLEN COVE,59,NASSAU (59),2012,9,5,Thursday,0,1,,,39,Wall,99,Unknown,99,Unknown EMS Hospital Arrival Time,23,11:00pm-11:59pm,40.85165833,40.85165833,3,Dark - Lighted,-73.624330560,-73.624330560,0,Not a Collision with Motor Vehicle In-Transport,0,None,26,26,2,February,0,This section IS NOT on the NHS,99,Unknown,99,Unknown,0,4,0,4,0,,0000000,Not Applicable,,,0,No,1,Non-Junction,4,On Roadside,14,Urban-Minor Arterial,5,Local Street - Township,,,0,No,0,No Special Jurisdiction,New York,360148,36,SEA CLIFF AVE,,1,Not an Intersection,1,1,1,1,Clear,0,No Additional Atmospheric Conditions,Clear,0,None,2012
99,Unknown EMS Scene Arrival Hour,99,Unknown EMS Scene Arrival Minutes,0,None,0,None,0,None,4600,OYSTER BAY,59,NASSAU (59),2010,14,5,Thursday,0,1,,,14,Parked Motor Vehicle ,99,Unknown,99,Unknown EMS Hospital Arrival Time,10,10:00am-10:59am,40.67523611,40.67523611,1,Daylight,-73.439516670,-73.439516670,0,Not a Collision with Motor Vehicle In-Transport,0,None,12,12,1,January,0,This section IS NOT on the NHS,99,Unknown,99,Unknown,0,,,2,,,0000000,Not Applicable,,,0,No,1,Non-Junction,7,In Parking Lane/Zone,15,Urban-Collector,5,Local Street - Township,,,0,No,0,No Special Jurisdiction,New York,360148,36,UNQUA RD,,1,Not an Intersection,1,3,1,1,Clear,0,No Additional Atmospheric Conditions,Clear,0,None,2010
99,Unknown EMS Scene Arrival Hour,99,Unknown EMS Scene Arrival Minutes,0,None,0,None,0,None,4090,NEW HYDE PARK,59,NASSAU (59),2012,26,1,Sunday,0,1,,,8,Pedestrian,99,Unknown,99,Unknown EMS Hospital Arrival Time,19,7:00pm-7:59pm,40.75996111,40.75996111,3,Dark - Lighted,-73.663438890,-73.663438890,0,Not a Collision with Motor Vehicle In-Transport,0,None,15,15,2,February,0,This section IS NOT on the NHS,99,Unknown,99,Unknown,1,2,1,2,0,,0000000,Not Applicable,,,0,No,2,Intersection,1,On Roadway,14,Urban-Minor Arterial,5,Local Street - Township,,,0,No,0,No Special Jurisdiction,New York,360155,36,SHELTER ROCK RD,MOORE ST,2,Four-Way Intersection,1,1,1,1,Clear,0,No Additional Atmospheric Conditions,Clear,0,None,2012
4,4:00am-4:59am,29,29,0,None,0,None,0,None,2600,HEMPSTEAD,59,NASSAU (59),2013,1,2,Monday,1,1,,,24,Guardrail Face,5,5:00am-5:59am,23,23,4,4:00am-4:59am,99.99990000,Unknown,3,Dark - Lighted,999.999900000,Unknown,0,Not a Collision with Motor Vehicle In-Transport,0,None,29,29,4,April,1,This section IS ON the NHS,4,4:00am-4:59am,29,29,0,5,0,5,0,,0000000,Not Applicable,,,0,No,1,Non-Junction,4,On Roadside,2,Rural-Principal Arterial-Other,3,State Highway,,,0,No,0,No Special Jurisdiction,New York,360155,36,SR-908M,,1,Not an Intersection,1,1,10,10,Cloudy,0,No Additional Atmospheric Conditions,Cloudy,0,None,2013
10,10:00am-10:59am,6,6,0,None,0,None,0,None,2600,HEMPSTEAD,59,NASSAU (59),2018,21,4,Wednesday,0,1,3,Principal Arterial - Other,30,Utility Pole/Light Support,10,10:00am-10:59am,23,23,10,10:00am-10:59am,99.99990000,Unknown,1,Daylight,999.999900000,Unknown,0,Not a Collision with Motor Vehicle In-Transport,0,None,2,2,3,March,1,This section IS ON the NHS,10,10:00am-10:59am,2,2,0,5,0,5,0,,0000000,Not Applicable,1,State Highway Agency,0,No,1,Non-Junction,4,On Roadside,,,3,State Highway,1,Rural,0,No,0,No Special Jurisdiction,New York,360156,36,SR-908T,,1,Not an Intersection,1,1,98,98,Not Reported,0,No Additional Atmospheric Conditions,Not Reported,0,None,2018
6,6:00am-6:59am,7,7,0,None,0,None,0,None,2600,HEMPSTEAD,59,NASSAU (59),2010,30,7,Saturday,0,1,,,30,Utility Pole/Light Support,6,6:00am-6:59am,50,50,5,5:00am-5:59am,40.61315556,40.61315556,3,Dark - Lighted,-73.732488890,-73.732488890,0,Not a Collision with Motor Vehicle In-Transport,0,None,55,55,1,January,0,This section IS NOT on the NHS,5,5:00am-5:59am,59,59,0,,,1,,,0000000,Not Applicable,,,0,No,3,Intersection-Related ,4,On Roadside,14,Urban-Minor Arterial,5,Local Street - Township,,,0,No,0,No Special Jurisdiction,New York,360157,36,BROADWAY,HERRICK DR,2,Four-Way Intersection,1,1,10,10,Cloudy,0,No Additional Atmospheric Conditions,Cloudy,0,None,2010
10,10:00am-10:59am,35,35,0,None,0,None,0,None,4090,NEW HYDE PARK,59,NASSAU (59),2015,9,5,Thursday,0,1,7,Local,12,Motor Vehicle In-Transport ,10,10:00am-10:59am,45,45,10,10:00am-10:59am,40.78377222,40.78377222,1,Daylight,-73.704419440,-73.704419440,2,Front-to-Front,0,None,30,30,4,April,0,This section IS NOT on the NHS,99,Unknown,99,Unknown,0,4,0,4,0,,0000000,Not Applicable,3,Town or Township Highway Agency,0,No,1,Non-Junction,1,On Roadway,,,5,Local Street - Township,2,Urban,0,No,0,No Special Jurisdiction,New York,360157,36,COMMUNITY DR,,1,Not an Intersection,3,3,10,10,Cloudy,0,No Additional Atmospheric Conditions,Cloudy,0,None,2015
0,0:00am-0:59am,30,30,0,None,0,None,0,None,4600,OYSTER BAY,59,NASSAU (59),2017,2,1,Sunday,0,1,7,Local,8,Pedestrian,99,Unknown,99,Unknown EMS Hospital Arrival Time,0,0:00am-0:59am,40.73558333,40.73558333,3,Dark - Lighted,-73.495813890,-73.495813890,0,Not a Collision with Motor Vehicle In-Transport,0,None,20,20,4,April,0,This section IS NOT on the NHS,0,0:00am-0:59am,25,25,1,1,1,1,0,,0000000,Not Applicable,3,Town or Township Highway Agency,0,No,3,Intersection-Related ,1,On Roadway,,,5,Local Street - Township,2,Urban,0,No,0,No Special Jurisdiction,New York,360158,36,N WANTAGH AVE,BOONE ST,3,T-Intersection,1,1,10,10,Cloudy,0,No Additional Atmospheric Conditions,Cloudy,0,None,2017
9,9:00am-9:59am,7,7,14,"Motor Vehicle struck by falling cargo,or something that came loose from or something that was set in motion by a vehicle",0,None,0,None,4090,NEW HYDE PARK,59,NASSAU (59),2014,1,3,Tuesday,0,1,,,12,Motor Vehicle In-Transport ,99,Unknown,99,Unknown EMS Hospital Arrival Time,9,9:00am-9:59am,40.76873333,40.76873333,1,Daylight,-73.636997220,-73.636997220,2,Front-to-Front,0,None,2,2,4,April,0,This section IS NOT on the NHS,9,9:00am-9:59am,2,2,0,8,0,8,0,,0000000,Not Applicable,,,0,No,2,Intersection,1,On Roadway,16,Urban-Local Road or Street,6,Local Street - Municipality,,,0,No,0,No Special Jurisdiction,New York,360159,36,ROSLYN RD,HEATHCOTE DR,3,T-Intersection,4,4,1,1,Clear,0,No Additional Atmospheric Conditions,Clear,0,None,2014
17,5:00pm-5:59pm,20,20,0,None,0,None,0,None,4600,OYSTER BAY,59,NASSAU (59),2011,13,1,Sunday,0,1,,,12,Motor Vehicle In-Transport ,99,Unknown,99,Unknown EMS Hospital Arrival Time,17,5:00pm-5:59pm,40.76222222,40.76222222,5,Dusk,-73.517252780,-73.517252780,6,Angle ,0,None,16,16,2,February,0,This section IS NOT on the NHS,17,5:00pm-5:59pm,17,17,0,2,0,2,0,,0000000,Not Applicable,,,0,No,2,Intersection,1,On Roadway,16,Urban-Local Road or Street,5,Local Street - Township,,,0,No,0,No Special Jurisdiction,New York,360161,36,S BROADWAY,4TH ST,3,T-Intersection,2,2,10,10,Cloudy,0,No Additional Atmospheric Conditions,Cloudy,0,None,2011
99,Unknown EMS Scene Arrival Hour,99,Unknown EMS Scene Arrival Minutes,0,None,0,None,0,None,2600,HEMPSTEAD,59,NASSAU (59),2012,6,6,Friday,0,1,,,12,Motor Vehicle In-Transport ,99,Unknown,99,Unknown EMS Hospital Arrival Time,5,5:00am-5:59am,40.68827222,40.68827222,3,Dark - Lighted,-73.633683330,-73.633683330,6,Angle ,0,None,55,55,1,January,0,This section IS NOT on the NHS,99,Unknown,99,Unknown,0,3,0,3,0,,0000000,Not Applicable,,,0,No,5,Entrance/Exit Ramp Related,1,On Roadway,16,Urban-Local Road or Street,6,Local Street - Municipality,,,0,No,0,No Special Jurisdiction,New York,360162,36,PENINSULA BLVD,,1,Not an Intersection,3,3,1,1,Clear,0,No Additional Atmospheric Conditions,Clear,0,None,2012
99,Unknown EMS Scene Arrival Hour,99,Unknown EMS Scene Arrival Minutes,0,None,0,None,0,None,2600,HEMPSTEAD,59,NASSAU (59),2012,14,3,Tuesday,0,1,,,8,Pedestrian,99,Unknown,99,Unknown EMS Hospital Arrival Time,20,8:00pm-8:59pm,40.70855556,40.70855556,3,Dark - Lighted,-73.719705560,-73.719705560,0,Not a Collision with Motor Vehicle In-Transport,0,None,10,10,2,February,1,This section IS ON the NHS,99,Unknown,99,Unknown,1,1,1,1,0,,0000000,Not Applicable,,,0,No,3,Intersection-Related ,1,On Roadway,2,Rural-Principal Arterial-Other,3,State Highway,,,0,No,0,No Special Jurisdiction,New York,360163,36,SR-24,STERLING RD,3,T-Intersection,1,1,1,1,Clear,0,No Additional Atmospheric Conditions,Clear,0,None,2012
9,9:00am-9:59am,53,53,0,None,0,None,0,None,4600,OYSTER BAY,59,NASSAU (59),2011,20,4,Wednesday,0,1,,,42,Tree (Standing Only),10,10:00am-10:59am,3,3,9,9:00am-9:59am,40.77638056,40.77638056,1,Daylight,-73.469416670,-73.469416670,0,Not a Collision with Motor Vehicle In-Transport,0,None,50,50,4,April,0,This section IS NOT on the NHS,9,9:00am-9:59am,52,52,0,1,0,1,0,,0000000,Not Applicable,,,0,No,1,Non-Junction,4,On Roadside,14,Urban-Minor Arterial,5,Local Street - Township,,,0,No,0,No Special Jurisdiction,New York,360167,36,OLD COUNTRY RD,,1,Not an Intersection,1,1,10,10,Cloudy,0,No Additional Atmospheric Conditions,Cloudy,0,None,2011
99,Unknown EMS Scene Arrival Hour,99,Unknown EMS Scene Arrival Minutes,0,None,0,None,0,None,2600,HEMPSTEAD,59,NASSAU (59),2012,16,6,Friday,0,1,,,12,Motor Vehicle In-Transport ,99,Unknown,99,Unknown EMS Hospital Arrival Time,17,5:00pm-5:59pm,40.69899722,40.69899722,1,Daylight,-73.544594440,-73.544594440,2,Front-to-Front,0,None,32,32,3,March,0,This section IS NOT on the NHS,99,Unknown,99,Unknown,0,2,0,2,0,,0000000,Not Applicable,,,0,No,1,Non-Junction,1,On Roadway,13,Urban-Other Principal Arterial,3,State Highway,,,0,No,0,No Special Jurisdiction,New York,360168,36,SR-106,,1,Not an Intersection,2,2,10,10,Cloudy,0,No Additional Atmospheric Conditions,Cloudy,0,None,2012
6,6:00am-6:59am,34,34,0,None,0,None,0,None,4600,OYSTER BAY,59,NASSAU (59),2018,24,7,Saturday,1,1,3,Principal Arterial - Other,24,Guardrail Face,88,Not Applicable (Not Transported) ,88,Not Applicable (Not Transported),6,6:00am-6:59am,40.73775556,40.73775556,2,Dark - Not Lighted,-73.468997220,-73.468997220,0,Not a Collision with Motor Vehicle In-Transport,0,None,27,27,2,February,0,This section IS NOT on the NHS,6,6:00am-6:59am,27,27,0,1,0,1,0,,0000000,Not Applicable,1,State Highway Agency,0,No,3,Intersection-Related ,3,On Median,,,3,State Highway,1,Rural,0,No,0,No Special Jurisdiction,New York,360168,36,SR-907E BETHPAGE STATE PKWY,PLAINVIEW RD,5,Traffic Circle,1,1,5,5,"Fog, Smog, Smoke",0,No Additional Atmospheric Conditions,"Fog, Smog, Smoke",0,None,2018
99,Unknown EMS Scene Arrival Hour,99,Unknown EMS Scene Arrival Minutes,0,None,0,None,0,None,4090,NEW HYDE PARK,59,NASSAU (59),2010,18,5,Thursday,1,1,,,33,Curb,99,Unknown,99,Unknown EMS Hospital Arrival Time,2,2:00am-2:59am,40.73620278,40.73620278,3,Dark - Lighted,-73.666377780,-73.666377780,0,Not a Collision with Motor Vehicle In-Transport,0,None,15,15,3,March,0,This section IS NOT on the NHS,99,Unknown,99,Unknown,0,,,3,,,0000000,Not Applicable,,,0,No,3,Intersection-Related ,4,On Roadside,16,Urban-Local Road or Street,5,Local Street - Township,,,0,No,0,No Special Jurisdiction,New York,360169,36,BROADWAY,5TH AVE,3,T-Intersection,1,1,1,1,Clear,0,No Additional Atmospheric Conditions,Clear,0,None,2010
8,8:00am-8:59am,39,39,0,None,0,None,0,None,2600,HEMPSTEAD,59,NASSAU (59),2016,19,7,Saturday,0,1,2,Principal Arterial - Other Freeways and Expressways,24,Guardrail Face,9,9:00am-9:59am,4,4,8,8:00am-8:59am,40.69335833,40.69335833,1,Daylight,-73.547097220,-73.547097220,0,Not a Collision with Motor Vehicle In-Transport,0,None,34,34,3,March,1,This section IS ON the NHS,8,8:00am-8:59am,32,32,0,1,0,1,0,,0000000,Not Applicable,1,State Highway Agency,0,No,1,Non-Junction,3,On Median,,,3,State Highway,1,Rural,0,No,0,No Special Jurisdiction,New York,360169,36,SR-908M SOUTHERN STATE PKWY,,1,Not an Intersection,1,1,1,1,Clear,0,No Additional Atmospheric Conditions,Clear,0,None,2016
17,5:00pm-5:59pm,56,56,0,None,0,None,0,None,4600,OYSTER BAY,59,NASSAU (59),2010,7,4,Wednesday,0,2,,,12,Motor Vehicle In-Transport ,99,Unknown,99,Unknown EMS Hospital Arrival Time,17,5:00pm-5:59pm,40.73956944,40.73956944,1,Daylight,-73.495372220,-73.495372220,6,Angle ,51,51,54,54,4,April,0,This section IS NOT on the NHS,17,5:00pm-5:59pm,54,54,0,,,6,,,0000000,Not Applicable,,,0,No,2,Intersection,1,On Roadway,13,Urban-Other Principal Arterial,3,State Highway,,,0,No,0,No Special Jurisdiction,New York,360172,36,SR-107,CENTRAL AVE,3,T-Intersection,5,5,1,1,Clear,0,No Additional Atmospheric Conditions,Clear,0,None,2010
9,9:00am-9:59am,23,23,0,None,0,None,0,None,4600,OYSTER BAY,59,NASSAU (59),2014,18,6,Friday,0,1,,,12,Motor Vehicle In-Transport ,99,Unknown,99,Unknown EMS Hospital Arrival Time,9,9:00am-9:59am,40.77360556,40.77360556,1,Daylight,-73.528094440,-73.528094440,6,Angle ,0,None,20,20,4,April,0,This section IS NOT on the NHS,9,9:00am-9:59am,22,22,0,2,0,2,0,,0000000,Not Applicable,,,0,No,2,Intersection,1,On Roadway,14,Urban-Minor Arterial,3,State Highway,,,0,No,0,No Special Jurisdiction,New York,360172,36,SR-107 BROADWAY,BROADWAY MALL,2,Four-Way Intersection,2,2,10,10,Cloudy,0,No Additional Atmospheric Conditions,Cloudy,0,None,2014