ARR_HOUR,ARR_HOURNAME,ARR_MIN,ARR_MINNAME,CF1,CF1NAME,CF2,CF2NAME,CF3,CF3NAME,CITY,CITYNAME,COUNTY,COUNTYNAME,CaseYear,DAY,DAY_WEEK,DAY_WEEKNAME,DRUNK_DR,FATALS,FUNC_SYS,FUNC_SYSNAME,HARM_EV,HARM_EVNAME,HOSP_HR,HOSP_HRNAME,HOSP_MN,HOSP_MNNAME,HOUR,HOURNAME,LATITUDE,LATITUDENAME,LGT_COND,LGT_CONDNAME,LONGITUD,LONGITUDNAME,MAN_COLL,MAN_COLLNAME,MILEPT,MILEPTNAME,MINUTE,MINUTENAME,MONTH,MonthName,NHS,NHSNAME,NOT_HOUR,NOT_HOURNAME,NOT_MIN,NOT_MINNAME,PEDS,PERMVIT,PERNOTMVIT,PERSONS,PVH_INVL,ParkWorks,RAIL,RAILNAME,RD_OWNER,RD_OWNERNAME,RELJCT1,RELJCT1NAME,RELJCT2,RELJCT2NAME,REL_ROAD,REL_ROADNAME,ROAD_FNC,ROAD_FNCNAME,ROUTE,ROUTENAME,RUR_URB,RUR_URBNAME,SCH_BUS,SCH_BUSNAME,SP_JUR,SP_JURNAME,STATENAME,ST_CASE,State,TWAY_ID,TWAY_ID2,TYP_INT,TYP_INTNAME,VE_FORMS,VE_TOTAL,WEATHER,WEATHER1,WEATHER1NAME,WEATHER2,WEATHER2NAME,WEATHERNAME,WRK_ZONE,WRK_ZONENAME,YEAR
99,Unknown EMS Scene Arrival Hour,99,Unknown EMS Scene Arrival Minutes,0,None,0,None,0,None,2600,HEMPSTEAD,59,NASSAU (59),2015,12,1,Sunday,1,1,7,Local,30,Utility Pole/Light Support,88,Not Applicable (Not Transported) ,88,Not Applicable (Not Transported),4,4:00am-4:59am,40.67167500,40.67167500,3,Dark - Lighted,-73.610775000,-73.610775000,0,Not a Collision with Motor Vehicle In-Transport,0,None,0,0,4,April,0,This section IS NOT on the NHS,99,Unknown,99,Unknown,0,1,0,1,0,,0000000,Not Applicable,3,Town or Township Highway Agency,0,No,3,Intersection-Related ,4,On Roadside,,,5,Local Street - Township,2,Urban,0,No,0,No Special Jurisdiction,New York,360172,36,GRAND AVE,KINGS PKWY,2,Four-Way Intersection,1,1,1,1,Clear,0,No Additional Atmospheric Conditions,Clear,0,None,2015
99,Unknown EMS Scene Arrival Hour,99,Unknown EMS Scene Arrival Minutes,0,None,0,None,0,None,4450,OLD WESTBURY,59,NASSAU (59),2012,17,7,Saturday,0,1,,,12,Motor Vehicle In-Transport ,14,2:00pm-2:59pm,19,19,13,1:00pm-1:59pm,40.76401111,40.76401111,1,Daylight,-73.599011110,-73.599011110,6,Angle ,0,None,59,59,3,March,1,This section IS ON the NHS,99,Unknown,99,Unknown,0,2,0,2,0,,0000000,Not Applicable,,,0,No,8,Driveway Access Related,1,On Roadway,13,Urban-Other Principal Arterial,3,State Highway,,,0,No,0,No Special Jurisdiction,New York,360172,36,SR-25,,1,Not an Intersection,2,2,1,1,Clear,0,No Additional Atmospheric Conditions,Clear,0,None,2012
23,11:00pm-11:59pm,57,57,0,None,0,None,0,None,2600,HEMPSTEAD,59,NASSAU (59),2019,20,7,Saturday,0,1,3,Principal Arterial - Other,8,Pedestrian,0,0:00am-0:59am,24,24,23,11:00pm-11:59pm,40.67188889,40.67188889,3,Dark - Lighted,-73.510436110,-73.510436110,0,The First Harmful Event was Not a Collision with a Motor Vehicle in Transport,99998,Not Reported,55,55,4,April,1,This section IS ON the NHS,23,11:00pm-11:59pm,55,55,1,1,1,1,0,,0000000,Not Applicable,1,State Highway Agency,0,No,3,Intersection-Related ,1,On Roadway,,,3,State Highway,2,Urban,0,No,0,No Special Jurisdiction,New York,360174,36,SR-27,WANTAGH AVE,2,Four-Way Intersection,1,1,1,1,Clear,0,No Additional Atmospheric Conditions,Clear,0,None,2019
4,4:00am-4:59am,30,30,0,None,0,None,0,None,2600,HEMPSTEAD,59,NASSAU (59),2013,20,7,Saturday,1,1,,,42,Tree (Standing Only),88,Not Applicable (Not Transported) ,88,Not Applicable (Not Transported),4,4:00am-4:59am,40.68600000,40.68600000,3,Dark - Lighted,-73.601922220,-73.601922220,0,Not a Collision with Motor Vehicle In-Transport,0,None,27,27,4,April,1,This section IS ON the NHS,4,4:00am-4:59am,27,27,0,1,0,1,0,,0000000,Not Applicable,,,0,No,1,Non-Junction,3,On Median,2,Rural-Principal Arterial-Other,3,State Highway,,,0,No,0,No Special Jurisdiction,New York,360176,36,SR-908M,,1,Not an Intersection,1,1,2,2,Rain,0,No Additional Atmospheric Conditions,Rain,0,None,2013
19,7:00pm-7:59pm,33,33,0,None,0,None,0,None,2600,HEMPSTEAD,59,NASSAU (59),2012,18,1,Sunday,1,1,,,8,Pedestrian,19,7:00pm-7:59pm,40,40,19,7:00pm-7:59pm,40.70895000,40.70895000,5,Dusk,-73.611297220,-73.611297220,0,Not a Collision with Motor Vehicle In-Transport,0,None,29,29,3,March,0,This section IS NOT on the NHS,19,7:00pm-7:59pm,30,30,1,1,1,1,0,,0000000,Not Applicable,,,0,No,1,Non-Junction,1,On Roadway,16,Urban-Local Road or Street,6,Local Street - Municipality,,,0,No,0,No Special Jurisdiction,New York,360176,36,FRONT ST,,1,Not an Intersection,1,1,1,1,Clear,0,No Additional Atmospheric Conditions,Clear,0,None,2012
99,Unknown EMS Scene Arrival Hour,99,Unknown EMS Scene Arrival Minutes,0,None,0,None,0,None,1660,EAST HILLS,59,NASSAU (59),2013,18,6,Friday,0,1,,,8,Pedestrian,99,Unknown,99,Unknown EMS Hospital Arrival Time,10,10:00am-10:59am,40.80839444,40.80839444,1,Daylight,-73.631100000,-73.631100000,0,Not a Collision with Motor Vehicle In-Transport,0,None,8,8,1,January,0,This section IS NOT on the NHS,99,Unknown,99,Unknown,1,1,1,1,0,,0000000,Not Applicable,,,0,No,3,Intersection-Related ,1,On Roadway,6,Rural-Local Road or Street,5,Local Street - Township,,,0,No,0,No Special Jurisdiction,New York,360179,36,TOWN PATH,NORTHERN BLVD,3,T-Intersection,1,1,1,1,Clear,0,No Additional Atmospheric Conditions,Clear,0,None,2013
20,8:00pm-8:59pm,2,2,14,"Motor Vehicle struck by falling cargo,or something that came loose from or something that was set in motion by a vehicle",0,None,0,None,3380,LYNBROOK,59,NASSAU (59),2019,25,5,Thursday,0,1,4,Minor Arterial,8,Pedestrian,20,8:00pm-8:59pm,22,22,19,7:00pm-7:59pm,40.65891944,40.65891944,3,Dark - Lighted,-73.677930560,-73.677930560,0,The First Harmful Event was Not a Collision with a Motor Vehicle in Transport,99998,Not Reported,57,57,4,April,0,This section IS NOT on the NHS,19,7:00pm-7:59pm,59,59,1,1,1,1,1,,0000000,Not Applicable,2,County Highway Agency,0,No,3,Intersection-Related ,1,On Roadway,,,4,County Road,2,Urban,0,No,0,No Special Jurisdiction,New York,360179,36,CR-27,BLOSSOM HEATH AVE,3,T-Intersection,1,2,2,2,Rain,0,No Additional Atmospheric Conditions,Rain,0,None,2019
99,Unknown EMS Scene Arrival Hour,99,Unknown EMS Scene Arrival Minutes,0,None,0,None,0,None,2600,HEMPSTEAD,59,NASSAU (59),2014,22,3,Tuesday,1,1,,,8,Pedestrian,88,Not Applicable (Not Transported) ,88,Not Applicable (Not Transported),5,5:00am-5:59am,40.72601944,40.72601944,3,Dark - Lighted,-73.515508330,-73.515508330,0,Not a Collision with Motor Vehicle In-Transport,0,None,40,40,4,April,1,This section IS ON the NHS,99,Unknown,99,Unknown,1,1,1,1,0,,0000000,Not Applicable,,,0,No,1,Non-Junction,1,On Roadway,13,Urban-Other Principal Arterial,3,State Highway,,,0,No,0,No Special Jurisdiction,New York,360180,36,SR-24 HEMPSTEAD TPK,,1,Not an Intersection,1,1,1,1,Clear,0,No Additional Atmospheric Conditions,Clear,0,None,2014
1,1:00am-1:59am,50,50,0,None,0,None,0,None,2600,HEMPSTEAD,59,NASSAU (59),2017,7,6,Friday,1,1,7,Local,12,Motor Vehicle In-Transport ,99,Unknown,99,Unknown EMS Hospital Arrival Time,1,1:00am-1:59am,40.65153889,40.65153889,3,Dark - Lighted,-73.614363890,-73.614363890,2,Front-to-Front,0,None,46,46,4,April,0,This section IS NOT on the NHS,1,1:00am-1:59am,47,47,0,2,0,2,0,,0000000,Not Applicable,3,Town or Township Highway Agency,0,No,2,Intersection,1,On Roadway,,,5,Local Street - Township,2,Urban,0,No,0,No Special Jurisdiction,New York,360180,36,MERRICK RD,GALE AVE,3,T-Intersection,2,2,1,1,Clear,0,No Additional Atmospheric Conditions,Clear,0,None,2017
99,Unknown EMS Scene Arrival Hour,99,Unknown EMS Scene Arrival Minutes,23,Indication of a Stalled/Disabled Vehicle,0,None,0,None,4090,NEW HYDE PARK,59,NASSAU (59),2013,5,7,Saturday,0,1,,,12,Motor Vehicle In-Transport ,99,Unknown,99,Unknown EMS Hospital Arrival Time,11,11:00am-11:59am,40.75192778,40.75192778,1,Daylight,-73.621225000,-73.621225000,6,Angle ,0,None,53,53,1,January,0,This section IS NOT on the NHS,99,Unknown,99,Unknown,2,1,2,1,0,,0000000,Not Applicable,,,0,No,2,Intersection,1,On Roadway,16,Urban-Local Road or Street,5,Local Street - Township,,,0,No,0,No Special Jurisdiction,New York,360182,36,PARK AVE,RAFF AVE,2,Four-Way Intersection,2,2,1,1,Clear,0,No Additional Atmospheric Conditions,Clear,0,None,2013
2,2:00am-2:59am,12,12,23,Indication of a Stalled/Disabled Vehicle,0,None,0,None,4600,OYSTER BAY,59,NASSAU (59),2016,7,5,Thursday,1,1,1,Interstate,12,Motor Vehicle In-Transport ,88,Not Applicable (Not Transported) ,88,Not Applicable (Not Transported),2,2:00am-2:59am,40.78462778,40.78462778,3,Dark - Lighted,-73.536194440,-73.536194440,7,Sideswipe - Same Direction,0,None,9,9,4,April,1,This section IS ON the NHS,2,2:00am-2:59am,11,11,1,4,1,4,0,,0000000,Not Applicable,1,State Highway Agency,0,No,1,Non-Junction,1,On Roadway,,,1,Interstate,1,Rural,0,No,0,No Special Jurisdiction,New York,360183,36,I-495 LONG ISLAND EXPY,,1,Not an Intersection,3,3,1,1,Clear,0,No Additional Atmospheric Conditions,Clear,0,None,2016
21,9:00pm-9:59pm,22,22,0,None,0,None,0,None,2600,HEMPSTEAD,59,NASSAU (59),2011,29,6,Friday,0,1,,,8,Pedestrian,99,Unknown,99,Unknown EMS Hospital Arrival Time,21,9:00pm-9:59pm,40.66831389,40.66831389,3,Dark - Lighted,-73.528447220,-73.528447220,0,Not a Collision with Motor Vehicle In-Transport,0,None,20,20,4,April,1,This section IS ON the NHS,21,9:00pm-9:59pm,20,20,1,1,1,1,0,,0000000,Not Applicable,,,0,No,3,Intersection-Related ,1,On Roadway,13,Urban-Other Principal Arterial,3,State Highway,,,0,No,0,No Special Jurisdiction,New York,360185,36,SR-27,WASHINGTON AVE,3,T-Intersection,1,1,10,10,Cloudy,0,No Additional Atmospheric Conditions,Cloudy,0,None,2011
23,11:00pm-11:59pm,15,15,0,None,0,None,0,None,4090,NEW HYDE PARK,59,NASSAU (59),2015,6,6,Friday,0,2,3,Principal Arterial - Other,12,Motor Vehicle In-Transport ,99,Unknown,99,Unknown EMS Hospital Arrival Time,23,11:00pm-11:59pm,40.77150833,40.77150833,3,Dark - Lighted,-73.625736110,-73.625736110,7,Sideswipe - Same Direction,0,None,6,6,3,March,1,This section IS ON the NHS,23,11:00pm-11:59pm,6,6,0,5,0,5,0,,0000000,Not Applicable,1,State Highway Agency,1,Yes,18,Through Roadway,1,On Roadway,,,3,State Highway,2,Urban,0,No,0,No Special Jurisdiction,New York,360188,36,SR-908G NORTHERN STATE PKWY,,1,Not an Intersection,2,2,1,1,Clear,0,No Additional Atmospheric Conditions,Clear,0,None,2015
16,4:00pm-4:59pm,32,32,0,None,0,None,0,None,4090,NEW HYDE PARK,59,NASSAU (59),2018,17,3,Tuesday,0,1,3,Principal Arterial - Other,8,Pedestrian,99,Unknown,99,Unknown EMS Hospital Arrival Time,16,4:00pm-4:59pm,99.99990000,Unknown,1,Daylight,999.999900000,Unknown,0,Not a Collision with Motor Vehicle In-Transport,0,None,22,22,4,April,1,This section IS ON the NHS,16,4:00pm-4:59pm,32,32,1,1,1,1,0,,0000000,Not Applicable,1,State Highway Agency,0,No,1,Non-Junction,1,On Roadway,,,3,State Highway,1,Rural,0,No,0,No Special Jurisdiction,New York,360188,36,SR-908G,,1,Not an Intersection,1,1,10,10,Cloudy,0,No Additional Atmospheric Conditions,Cloudy,0,None,2018
21,9:00pm-9:59pm,15,15,0,None,0,None,0,None,2600,HEMPSTEAD,59,NASSAU (59),2013,21,1,Sunday,0,1,,,8,Pedestrian,21,9:00pm-9:59pm,30,30,21,9:00pm-9:59pm,40.70950278,40.70950278,3,Dark - Lighted,-73.619022220,-73.619022220,0,Not a Collision with Motor Vehicle In-Transport,0,None,8,8,4,April,0,This section IS NOT on the NHS,21,9:00pm-9:59pm,9,9,1,1,1,1,0,,0000000,Not Applicable,,,0,No,1,Non-Junction,1,On Roadway,16,Urban-Local Road or Street,5,Local Street - Township,,,0,No,0,No Special Jurisdiction,New York,360189,36,FULTON AVE,,1,Not an Intersection,1,1,10,10,Cloudy,0,No Additional Atmospheric Conditions,Cloudy,0,None,2013
5,5:00am-5:59am,4,4,0,None,0,None,0,None,4600,OYSTER BAY,59,NASSAU (59),2010,6,3,Tuesday,1,1,,,42,Tree (Standing Only),99,Unknown,99,Unknown EMS Hospital Arrival Time,4,4:00am-4:59am,40.76032500,40.76032500,3,Dark - Lighted,-73.474525000,-73.474525000,0,Not a Collision with Motor Vehicle In-Transport,0,None,55,55,4,April,0,This section IS NOT on the NHS,5,5:00am-5:59am,0,0,0,,,2,,,0000000,Not Applicable,,,0,No,1,Non-Junction,4,On Roadside,14,Urban-Minor Arterial,5,Local Street - Township,,,0,No,0,No Special Jurisdiction,New York,360189,36,PLAINVIEW RD,,1,Not an Intersection,1,1,1,1,Clear,0,No Additional Atmospheric Conditions,Clear,0,None,2010
22,10:00pm-10:59pm,59,59,0,None,0,None,0,None,2600,HEMPSTEAD,59,NASSAU (59),2010,17,4,Wednesday,0,1,,,8,Pedestrian,99,Unknown,99,Unknown EMS Hospital Arrival Time,22,10:00pm-10:59pm,40.67611389,40.67611389,3,Dark - Lighted,-73.471413890,-73.471413890,0,Not a Collision with Motor Vehicle In-Transport,0,None,58,58,3,March,1,This section IS ON the NHS,22,10:00pm-10:59pm,58,58,3,,,1,,,0000000,Not Applicable,,,0,No,3,Intersection-Related ,1,On Roadway,2,Rural-Principal Arterial-Other,3,State Highway,,,0,No,0,No Special Jurisdiction,New York,360191,36,SR-27,CENTRAL AVE,9,Unknown,1,1,1,1,Clear,0,No Additional Atmospheric Conditions,Clear,0,None,2010
13,1:00pm-1:59pm,44,44,0,None,0,None,0,None,4600,OYSTER BAY,59,NASSAU (59),2017,21,6,Friday,0,1,7,Local,12,Motor Vehicle In-Transport ,14,2:00pm-2:59pm,11,11,13,1:00pm-1:59pm,40.76968611,40.76968611,1,Daylight,-73.501202780,-73.501202780,2,Front-to-Front,0,None,40,40,4,April,0,This section IS NOT on the NHS,13,1:00pm-1:59pm,40,40,0,2,0,2,0,,0000000,Not Applicable,3,Town or Township Highway Agency,0,No,2,Intersection,1,On Roadway,,,5,Local Street - Township,2,Urban,0,No,0,No Special Jurisdiction,New York,360191,36,S OYSTER BAY RD,OLD COUNTRY RD,2,Four-Way Intersection,2,2,10,10,Cloudy,0,No Additional Atmospheric Conditions,Cloudy,0,None,2017
20,8:00pm-8:59pm,19,19,0,None,0,None,0,None,3570,MASSAPEQUA PARK,59,NASSAU (59),2017,22,7,Saturday,1,2,7,Local,8,Pedestrian,99,Unknown,99,Unknown EMS Hospital Arrival Time,20,8:00pm-8:59pm,40.66645833,40.66645833,3,Dark - Lighted,-73.455508330,-73.455508330,0,Not a Collision with Motor Vehicle In-Transport,0,None,10,10,4,April,0,This section IS NOT on the NHS,20,8:00pm-8:59pm,12,12,2,1,2,1,0,,0000000,Not Applicable,3,Town or Township Highway Agency,0,No,1,Non-Junction,1,On Roadway,,,5,Local Street - Township,2,Urban,0,No,0,No Special Jurisdiction,New York,360193,36,MERRICK RD,,1,Not an Intersection,1,1,10,10,Cloudy,0,No Additional Atmospheric Conditions,Cloudy,0,None,2017
19,7:00pm-7:59pm,34,34,0,None,0,None,0,None,3120,LAKE SUCCESS,59,NASSAU (59),2015,20,2,Monday,0,1,7,Local,42,Tree (Standing Only),88,Not Applicable (Not Transported) ,88,Not Applicable (Not Transported),19,7:00pm-7:59pm,40.76802222,40.76802222,2,Dark - Not Lighted,-73.702402780,-73.702402780,0,Not a Collision with Motor Vehicle In-Transport,0,None,30,30,4,April,0,This section IS NOT on the NHS,19,7:00pm-7:59pm,32,32,0,1,0,1,0,,0000000,Not Applicable,3,Town or Township Highway Agency,0,No,1,Non-Junction,4,On Roadside,,,5,Local Street - Township,1,Rural,0,No,0,No Special Jurisdiction,New York,360193,36,S SERVICE RD,,1,Not an Intersection,1,1,5,5,"Fog, Smog, Smoke",0,No Additional Atmospheric Conditions,"Fog, Smog, Smoke",0,None,2015
99,Unknown EMS Scene Arrival Hour,99,Unknown EMS Scene Arrival Minutes,14,"Motor Vehicle struck by falling cargo,or something that came loose from or something that was set in motion by a vehicle",0,None,0,None,2600,HEMPSTEAD,59,NASSAU (59),2018,4,4,Wednesday,1,2,3,Principal Arterial - Other,24,Guardrail Face,99,Unknown,99,Unknown EMS Hospital Arrival Time,1,1:00am-1:59am,40.62384722,40.62384722,3,Dark - Lighted,-73.740741670,-73.740741670,0,Not a Collision with Motor Vehicle In-Transport,0,None,40,40,4,April,1,This section IS ON the NHS,99,Unknown,99,Unknown,0,9,0,9,0,,0000000,Not Applicable,1,State Highway Agency,0,No,1,Non-Junction,4,On Roadside,,,3,State Highway,2,Urban,0,No,0,No Special Jurisdiction,New York,360193,36,SR-878,,1,Not an Intersection,5,5,2,2,Rain,0,No Additional Atmospheric Conditions,Rain,0,None,2018
21,9:00pm-9:59pm,24,24,0,None,0,None,0,None,2600,HEMPSTEAD,59,NASSAU (59),2012,27,3,Tuesday,0,1,,,8,Pedestrian,99,Unknown,99,Unknown EMS Hospital Arrival Time,21,9:00pm-9:59pm,40.69476944,40.69476944,3,Dark - Lighted,-73.682811110,-73.682811110,0,Not a Collision with Motor Vehicle In-Transport,0,None,20,20,3,March,0,This section IS NOT on the NHS,21,9:00pm-9:59pm,22,22,1,1,1,1,0,,0000000,Not Applicable,,,0,No,2,Intersection,1,On Roadway,16,Urban-Local Road or Street,5,Local Street - Township,,,0,No,0,No Special Jurisdiction,New York,360194,36,FRANKLIN AVE,1ST AVE,3,T-Intersection,1,1,1,1,Clear,0,No Additional Atmospheric Conditions,Clear,0,None,2012
99,Unknown EMS Scene Arrival Hour,99,Unknown EMS Scene Arrival Minutes,0,None,0,None,0,None,4450,OLD WESTBURY,59,NASSAU (59),2016,16,7,Saturday,0,1,7,Local,42,Tree (Standing Only),99,Unknown,99,Unknown EMS Hospital Arrival Time,19,7:00pm-7:59pm,40.78296667,40.78296667,5,Dusk,-73.591563890,-73.591563890,0,Not a Collision with Motor Vehicle In-Transport,0,None,12,12,4,April,0,This section IS NOT on the NHS,99,Unknown,99,Unknown,0,2,0,2,0,,0000000,Not Applicable,3,Town or Township Highway Agency,0,No,1,Non-Junction,4,On Roadside,,,5,Local Street - Township,1,Rural,0,No,0,No Special Jurisdiction,New York,360197,36,STORE HILL RD,,1,Not an Intersection,1,1,1,1,Clear,0,No Additional Atmospheric Conditions,Clear,0,None,2016
6,6:00am-6:59am,52,52,0,None,0,None,0,None,2600,HEMPSTEAD,59,NASSAU (59),2019,1,4,Wednesday,0,1,7,Local,12,Motor Vehicle In-Transport ,7,7:00am-7:59am,3,3,6,6:00am-6:59am,40.65866667,40.65866667,1,Daylight,-73.671033330,-73.671033330,6,Angle ,99998,Not Reported,45,45,5,May,0,This section IS NOT on the NHS,6,6:00am-6:59am,47,47,0,2,0,2,0,,0000000,Not Applicable,3,Town or Township Highway Agency,0,No,2,Intersection,1,On Roadway,,,5,Local Street - Township,2,Urban,0,No,0,No Special Jurisdiction,New York,360199,36,PENINSULA BLVD,HEMPSTEAD AVE,2,Four-Way Intersection,2,2,10,10,Cloudy,0,No Additional Atmospheric Conditions,Cloudy,0,None,2019
5,5:00am-5:59am,22,22,0,None,0,None,0,None,4600,OYSTER BAY,59,NASSAU (59),2010,4,1,Sunday,1,1,,,42,Tree (Standing Only),99,Unknown,99,Unknown EMS Hospital Arrival Time,5,5:00am-5:59am,99.99990000,Unknown,3,Dark - Lighted,999.999900000,Unknown,0,Not a Collision with Motor Vehicle In-Transport,592,592,16,16,4,April,1,This section IS ON the NHS,5,5:00am-5:59am,16,16,0,,,4,,,0000000,Not Applicable,,,0,No,1,Non-Junction,4,On Roadside,12,Urban-Principal Arterial-Other Freeways or Expressways,3,State Highway,,,0,No,0,No Special Jurisdiction,New York,360200,36,SR-908M,,1,Not an Intersection,1,1,5,5,"Fog, Smog, Smoke",0,No Additional Atmospheric Conditions,"Fog, Smog, Smoke",0,None,2010
99,Unknown EMS Scene Arrival Hour,99,Unknown EMS Scene Arrival Minutes,0,None,0,None,0,None,4600,OYSTER BAY,59,NASSAU (59),2012,2,2,Monday,0,1,,,59,Traffic Sign Support ,99,Unknown,99,Unknown EMS Hospital Arrival Time,18,6:00pm-6:59pm,40.76155278,40.76155278,1,Daylight,-73.468061110,-73.468061110,0,Not a Collision with Motor Vehicle In-Transport,0,None,0,0,4,April,0,This section IS NOT on the NHS,99,Unknown,99,Unknown,0,1,0,1,0,,0000000,Not Applicable,,,0,No,3,Intersection-Related ,4,On Roadside,16,Urban-Local Road or Street,5,Local Street - Township,,,0,No,0,No Special Jurisdiction,New York,360201,36,HAYPATH RD,COLONIAL RD,2,Four-Way Intersection,1,1,1,1,Clear,0,No Additional Atmospheric Conditions,Clear,0,None,2012
17,5:00pm-5:59pm,3,3,0,None,0,None,0,None,2600,HEMPSTEAD,59,NASSAU (59),2016,20,4,Wednesday,0,1,7,Local,8,Pedestrian,17,5:00pm-5:59pm,22,22,16,4:00pm-4:59pm,40.69724444,40.69724444,1,Daylight,-73.624722220,-73.624722220,0,Not a Collision with Motor Vehicle In-Transport,0,None,58,58,4,April,0,This section IS NOT on the NHS,16,4:00pm-4:59pm,58,58,4,1,4,1,0,,0000000,Not Applicable,3,Town or Township Highway Agency,0,No,3,Intersection-Related ,1,On Roadway,,,5,Local Street - Township,2,Urban,0,No,0,No Special Jurisdiction,New York,360201,36,LINDEN AVE,LAUREL AVE,2,Four-Way Intersection,1,1,1,1,Clear,0,No Additional Atmospheric Conditions,Clear,0,None,2016
9,9:00am-9:59am,45,45,0,None,0,None,0,None,4450,OLD WESTBURY,59,NASSAU (59),2015,24,6,Friday,0,1,2,Principal Arterial - Other Freeways and Expressways,12,Motor Vehicle In-Transport ,10,10:00am-10:59am,3,3,9,9:00am-9:59am,40.76760833,40.76760833,1,Daylight,-73.625608330,-73.625608330,7,Sideswipe - Same Direction,0,None,37,37,4,April,1,This section IS ON the NHS,9,9:00am-9:59am,37,37,0,2,0,2,0,,0000000,Not Applicable,1,State Highway Agency,0,No,1,Non-Junction,1,On Roadway,,,3,State Highway,2,Urban,0,No,0,No Special Jurisdiction,New York,360202,36,SR-908G,,1,Not an Intersection,2,2,1,1,Clear,0,No Additional Atmospheric Conditions,Clear,0,None,2015
99,Unknown EMS Scene Arrival Hour,99,Unknown EMS Scene Arrival Minutes,0,None,0,None,0,None,5250,ROCKVILLE CENTRE,59,NASSAU (59),2012,2,2,Monday,0,1,,,8,Pedestrian,99,Unknown,99,Unknown EMS Hospital Arrival Time,19,7:00pm-7:59pm,40.65746944,40.65746944,1,Daylight,-73.645127780,-73.645127780,0,Not a Collision with Motor Vehicle In-Transport,0,None,6,6,4,April,1,This section IS ON the NHS,99,Unknown,99,Unknown,1,1,1,1,0,,0000000,Not Applicable,,,0,No,3,Intersection-Related ,1,On Roadway,2,Rural-Principal Arterial-Other,3,State Highway,,,0,No,0,No Special Jurisdiction,New York,360203,36,SR-27 SUNRISE HWY,N PARK AVE,2,Four-Way Intersection,1,1,1,1,Clear,0,No Additional Atmospheric Conditions,Clear,0,None,2012
11,11:00am-11:59am,44,44,0,None,0,None,0,None,2600,HEMPSTEAD,59,NASSAU (59),2019,24,4,Wednesday,0,1,3,Principal Arterial - Other,9,Pedalcyclist,12,12:00pm-12:59pm,10,10,11,11:00am-11:59am,40.69409722,40.69409722,1,Daylight,-73.543800000,-73.543800000,0,The First Harmful Event was Not a Collision with a Motor Vehicle in Transport,99998,Not Reported,43,43,4,April,1,This section IS ON the NHS,11,11:00am-11:59am,43,43,1,1,1,1,0,,0000000,Not Applicable,1,State Highway Agency,0,No,1,Non-Junction,1,On Roadway,,,3,State Highway,2,Urban,0,No,0,No Special Jurisdiction,New York,360203,36,SR-106,,1,Not an Intersection,1,1,1,1,Clear,0,No Additional Atmospheric Conditions,Clear,0,None,2019
20,8:00pm-8:59pm,3,3,0,None,0,None,0,None,4090,NEW HYDE PARK,59,NASSAU (59),2012,2,2,Monday,0,1,,,8,Pedestrian,20,8:00pm-8:59pm,8,8,20,8:00pm-8:59pm,40.74550000,40.74550000,3,Dark - Lighted,-73.601925000,-73.601925000,0,Not a Collision with Motor Vehicle In-Transport,0,None,0,0,4,April,0,This section IS NOT on the NHS,20,8:00pm-8:59pm,2,2,1,1,1,1,0,,0000000,Not Applicable,,,0,No,1,Non-Junction,1,On Roadway,13,Urban-Other Principal Arterial,6,Local Street - Municipality,,,0,No,0,No Special Jurisdiction,New York,360204,36,OLD COUNTRY RD,,1,Not an Intersection,1,1,10,10,Cloudy,0,No Additional Atmospheric Conditions,Cloudy,0,None,2012
4,4:00am-4:59am,49,49,0,None,0,None,0,None,2600,HEMPSTEAD,59,NASSAU (59),2014,21,2,Monday,0,1,,,12,Motor Vehicle In-Transport ,99,Unknown,99,Unknown EMS Hospital Arrival Time,4,4:00am-4:59am,40.69495278,40.69495278,1,Daylight,-73.605516670,-73.605516670,6,Angle ,0,None,46,46,4,April,0,This section IS NOT on the NHS,4,4:00am-4:59am,47,47,0,5,0,5,0,,0000000,Not Applicable,,,0,No,2,Intersection,1,On Roadway,16,Urban-Local Road or Street,5,Local Street - Township,,,0,No,0,No Special Jurisdiction,New York,360205,36,GREENWICH ST,STANTON BLVD,3,T-Intersection,2,2,1,1,Clear,0,No Additional Atmospheric Conditions,Clear,0,None,2014
2,2:00am-2:59am,46,46,0,None,0,None,0,None,2600,HEMPSTEAD,59,NASSAU (59),2010,24,7,Saturday,1,1,,,25,Concrete Traffic Barrier,3,3:00am-3:59am,1,1,2,2:00am-2:59am,40.73286111,40.73286111,3,Dark - Lighted,-73.542597220,-73.542597220,0,Not a Collision with Motor Vehicle In-Transport,0,None,43,43,4,April,1,This section IS ON the NHS,2,2:00am-2:59am,44,44,0,,,2,,,0000000,Not Applicable,,,0,No,1,Non-Junction,4,On Roadside,2,Rural-Principal Arterial-Other,3,State Highway,,,0,No,0,No Special Jurisdiction,New York,360208,36,SR-908T,,1,Not an Intersection,1,1,1,1,Clear,0,No Additional Atmospheric Conditions,Clear,0,None,2010
0,0:00am-0:59am,45,45,0,None,0,None,0,None,2600,HEMPSTEAD,59,NASSAU (59),2016,27,1,Sunday,0,1,3,Principal Arterial - Other,59,Traffic Sign Support ,88,Not Applicable (Not Transported) ,88,Not Applicable (Not Transported),0,0:00am-0:59am,40.69452222,40.69452222,3,Dark - Lighted,-73.541936110,-73.541936110,0,Not a Collision with Motor Vehicle In-Transport,0,None,37,37,3,March,1,This section IS ON the NHS,0,0:00am-0:59am,37,37,0,1,0,1,0,,0000000,Not Applicable,1,State Highway Agency,0,No,1,Non-Junction,4,On Roadside,,,3,State Highway,1,Rural,0,No,0,No Special Jurisdiction,New York,360209,36,SR-908M SOUTHERN STATE PKWY,,1,Not an Intersection,1,1,1,1,Clear,0,No Additional Atmospheric Conditions,Clear,0,None,2016