ARR_HOUR,ARR_HOURNAME,ARR_MIN,ARR_MINNAME,CF1,CF1NAME,CF2,CF2NAME,CF3,CF3NAME,CITY,CITYNAME,COUNTY,COUNTYNAME,CaseYear,DAY,DAY_WEEK,DAY_WEEKNAME,DRUNK_DR,FATALS,FUNC_SYS,FUNC_SYSNAME,HARM_EV,HARM_EVNAME,HOSP_HR,HOSP_HRNAME,HOSP_MN,HOSP_MNNAME,HOUR,HOURNAME,LATITUDE,LATITUDENAME,LGT_COND,LGT_CONDNAME,LONGITUD,LONGITUDNAME,MAN_COLL,MAN_COLLNAME,MILEPT,MILEPTNAME,MINUTE,MINUTENAME,MONTH,MonthName,NHS,NHSNAME,NOT_HOUR,NOT_HOURNAME,NOT_MIN,NOT_MINNAME,PEDS,PERMVIT,PERNOTMVIT,PERSONS,PVH_INVL,ParkWorks,RAIL,RAILNAME,RD_OWNER,RD_OWNERNAME,RELJCT1,RELJCT1NAME,RELJCT2,RELJCT2NAME,REL_ROAD,REL_ROADNAME,ROAD_FNC,ROAD_FNCNAME,ROUTE,ROUTENAME,RUR_URB,RUR_URBNAME,SCH_BUS,SCH_BUSNAME,SP_JUR,SP_JURNAME,STATENAME,ST_CASE,State,TWAY_ID,TWAY_ID2,TYP_INT,TYP_INTNAME,VE_FORMS,VE_TOTAL,WEATHER,WEATHER1,WEATHER1NAME,WEATHER2,WEATHER2NAME,WEATHERNAME,WRK_ZONE,WRK_ZONENAME,YEAR
1,1:00am-1:59am,4,4,0,None,0,None,0,None,4090,NEW HYDE PARK,59,NASSAU (59),2019,1,7,Saturday,0,1,2,Principal Arterial - Other Freeways and Expressways,12,Motor Vehicle In-Transport ,1,1:00am-1:59am,56,56,0,0:00am-0:59am,40.75769444,40.75769444,3,Dark - Lighted,-73.622102780,-73.622102780,1,Front-to-Rear ,99998,Not Reported,56,56,6,June,1,This section IS ON the NHS,0,0:00am-0:59am,56,56,0,4,0,4,0,,0000000,Not Applicable,1,State Highway Agency,0,No,1,Non-Junction,1,On Roadway,,,3,State Highway,2,Urban,0,No,0,No Special Jurisdiction,New York,360295,36,SR-908G,,1,Not an Intersection,2,2,10,10,Cloudy,0,No Additional Atmospheric Conditions,Cloudy,0,None,2019
16,4:00pm-4:59pm,13,13,0,None,0,None,0,None,2600,HEMPSTEAD,59,NASSAU (59),2018,6,4,Wednesday,1,1,3,Principal Arterial - Other,24,Guardrail Face,18,6:00pm-6:59pm,30,30,16,4:00pm-4:59pm,40.64427222,40.64427222,1,Daylight,-73.509933330,-73.509933330,0,Not a Collision with Motor Vehicle In-Transport,0,None,0,0,6,June,1,This section IS ON the NHS,16,4:00pm-4:59pm,0,0,0,2,0,2,0,,0000000,Not Applicable,1,State Highway Agency,0,No,1,Non-Junction,3,On Median,,,3,State Highway,1,Rural,0,No,0,No Special Jurisdiction,New York,360296,36,SR-908T,,1,Not an Intersection,1,1,1,1,Clear,0,No Additional Atmospheric Conditions,Clear,0,None,2018
21,9:00pm-9:59pm,39,39,0,None,0,None,0,None,1960,FARMINGDALE,59,NASSAU (59),2017,31,4,Wednesday,1,1,7,Local,12,Motor Vehicle In-Transport ,99,Unknown,99,Unknown EMS Hospital Arrival Time,21,9:00pm-9:59pm,40.73324444,40.73324444,3,Dark - Lighted,-73.443308330,-73.443308330,2,Front-to-Front,0,None,35,35,5,May,0,This section IS NOT on the NHS,21,9:00pm-9:59pm,37,37,0,3,0,3,0,,0000000,Not Applicable,3,Town or Township Highway Agency,0,No,2,Intersection,1,On Roadway,,,5,Local Street - Township,2,Urban,0,No,0,No Special Jurisdiction,New York,360296,36,CONKLIN ST,CHERRY ST,3,T-Intersection,2,2,1,1,Clear,0,No Additional Atmospheric Conditions,Clear,0,None,2017
1,1:00am-1:59am,37,37,0,None,0,None,0,None,4090,NEW HYDE PARK,59,NASSAU (59),2011,10,6,Friday,1,1,,,59,Traffic Sign Support ,99,Unknown,99,Unknown EMS Hospital Arrival Time,1,1:00am-1:59am,40.78054167,40.78054167,3,Dark - Lighted,-73.629791670,-73.629791670,0,Not a Collision with Motor Vehicle In-Transport,0,None,28,28,6,June,1,This section IS ON the NHS,1,1:00am-1:59am,28,28,0,2,0,2,0,,0000000,Not Applicable,,,0,No,1,Non-Junction,4,On Roadside,2,Rural-Principal Arterial-Other,3,State Highway,,,0,No,0,No Special Jurisdiction,New York,360298,36,SR-908G,,1,Not an Intersection,1,1,10,10,Cloudy,0,No Additional Atmospheric Conditions,Cloudy,0,None,2011
23,11:00pm-11:59pm,37,37,0,None,0,None,0,None,6550,WESTBURY,59,NASSAU (59),2015,30,7,Saturday,0,1,7,Local,8,Pedestrian,0,0:00am-0:59am,0,0,23,11:00pm-11:59pm,40.76304167,40.76304167,3,Dark - Lighted,-73.559647220,-73.559647220,0,Not a Collision with Motor Vehicle In-Transport,0,None,33,33,5,May,0,This section IS NOT on the NHS,23,11:00pm-11:59pm,34,34,1,1,1,1,0,,0000000,Not Applicable,3,Town or Township Highway Agency,0,No,3,Intersection-Related ,1,On Roadway,,,5,Local Street - Township,1,Rural,0,No,0,No Special Jurisdiction,New York,360301,36,STATE ST,PROSPECT AVE,2,Four-Way Intersection,1,1,1,1,Clear,0,No Additional Atmospheric Conditions,Clear,0,None,2015
99,Unknown EMS Scene Arrival Hour,99,Unknown EMS Scene Arrival Minutes,0,None,0,None,0,None,2160,FREEPORT,59,NASSAU (59),2014,1,1,Sunday,0,1,,,12,Motor Vehicle In-Transport ,99,Unknown,99,Unknown EMS Hospital Arrival Time,16,4:00pm-4:59pm,40.65770278,40.65770278,1,Daylight,-73.571158330,-73.571158330,6,Angle ,0,None,46,46,6,June,1,This section IS ON the NHS,99,Unknown,99,Unknown,0,3,0,3,0,,0000000,Not Applicable,,,0,No,2,Intersection,1,On Roadway,13,Urban-Other Principal Arterial,3,State Highway,,,0,No,0,No Special Jurisdiction,New York,360302,36,SR-27,BUFFALO AVE,3,T-Intersection,2,2,10,10,Cloudy,0,No Additional Atmospheric Conditions,Cloudy,0,None,2014
22,10:00pm-10:59pm,26,26,0,None,0,None,0,None,4600,OYSTER BAY,59,NASSAU (59),2017,2,6,Friday,0,1,7,Local,30,Utility Pole/Light Support,22,10:00pm-10:59pm,49,49,22,10:00pm-10:59pm,40.80307222,40.80307222,3,Dark - Lighted,-73.480780560,-73.480780560,0,Not a Collision with Motor Vehicle In-Transport,0,None,0,0,6,June,0,This section IS NOT on the NHS,22,10:00pm-10:59pm,21,21,0,3,0,3,0,,0000000,Not Applicable,3,Town or Township Highway Agency,0,No,3,Intersection-Related ,4,On Roadside,,,5,Local Street - Township,1,Rural,0,No,0,No Special Jurisdiction,New York,360303,36,WOODBURY RD,VERNA WAY,2,Four-Way Intersection,1,1,1,1,Clear,0,No Additional Atmospheric Conditions,Clear,0,None,2017
1,1:00am-1:59am,25,25,0,None,0,None,0,None,2600,HEMPSTEAD,59,NASSAU (59),2015,29,6,Friday,1,1,3,Principal Arterial - Other,24,Guardrail Face,3,3:00am-3:59am,45,45,1,1:00am-1:59am,99.99990000,Unknown,3,Dark - Lighted,999.999900000,Unknown,0,Not a Collision with Motor Vehicle In-Transport,0,None,15,15,5,May,1,This section IS ON the NHS,1,1:00am-1:59am,20,20,0,1,0,1,0,,0000000,Not Applicable,1,State Highway Agency,0,No,1,Non-Junction,3,On Median,,,3,State Highway,2,Urban,0,No,0,No Special Jurisdiction,New York,360303,36,SR-908M,,1,Not an Intersection,1,1,1,1,Clear,0,No Additional Atmospheric Conditions,Clear,0,None,2015
23,11:00pm-11:59pm,54,54,0,None,0,None,0,None,2600,HEMPSTEAD,59,NASSAU (59),2012,8,3,Tuesday,0,1,,,8,Pedestrian,0,0:00am-0:59am,6,6,23,11:00pm-11:59pm,40.70202500,40.70202500,2,Dark - Not Lighted,-73.602294440,-73.602294440,0,Not a Collision with Motor Vehicle In-Transport,0,None,52,52,5,May,0,This section IS NOT on the NHS,23,11:00pm-11:59pm,50,50,1,1,1,1,0,,0000000,Not Applicable,,,0,No,2,Intersection,1,On Roadway,14,Urban-Minor Arterial,5,Local Street - Township,,,0,No,0,No Special Jurisdiction,New York,360311,36,JERUSALEM AVE,FLORENCE AVE,3,T-Intersection,1,1,2,2,Rain,0,No Additional Atmospheric Conditions,Rain,0,None,2012
22,10:00pm-10:59pm,3,3,0,None,0,None,0,None,2600,HEMPSTEAD,59,NASSAU (59),2019,21,6,Friday,0,1,6,Minor Collector,8,Pedestrian,22,10:00pm-10:59pm,14,14,21,9:00pm-9:59pm,40.65680556,40.65680556,3,Dark - Lighted,-73.608994440,-73.608994440,0,The First Harmful Event was Not a Collision with a Motor Vehicle in Transport,99998,Not Reported,48,48,6,June,0,This section IS NOT on the NHS,21,9:00pm-9:59pm,49,49,1,1,1,1,0,,0000000,Not Applicable,2,County Highway Agency,0,No,3,Intersection-Related ,1,On Roadway,,,4,County Road,2,Urban,0,No,0,No Special Jurisdiction,New York,360312,36,CR-55,BROOKLYN AVE,2,Four-Way Intersection,1,1,1,1,Clear,0,No Additional Atmospheric Conditions,Clear,0,None,2019
99,Unknown EMS Scene Arrival Hour,99,Unknown EMS Scene Arrival Minutes,0,None,0,None,0,None,4600,OYSTER BAY,59,NASSAU (59),2011,13,6,Friday,0,1,,,59,Traffic Sign Support ,99,Unknown,99,Unknown EMS Hospital Arrival Time,14,2:00pm-2:59pm,40.79488611,40.79488611,1,Daylight,-73.481797220,-73.481797220,0,Not a Collision with Motor Vehicle In-Transport,0,None,36,36,5,May,1,This section IS ON the NHS,99,Unknown,99,Unknown,0,1,0,1,0,,0000000,Not Applicable,,,1,Yes,5,Entrance/Exit Ramp Related,8,Gore,2,Rural-Principal Arterial-Other,3,State Highway,,,0,No,0,No Special Jurisdiction,New York,360312,36,SR-908G,,1,Not an Intersection,1,1,10,10,Cloudy,0,No Additional Atmospheric Conditions,Cloudy,0,None,2011
7,7:00am-7:59am,27,27,0,None,0,None,0,None,2600,HEMPSTEAD,59,NASSAU (59),2017,5,2,Monday,0,1,7,Local,12,Motor Vehicle In-Transport ,7,7:00am-7:59am,46,46,7,7:00am-7:59am,40.69439722,40.69439722,1,Daylight,-73.576369440,-73.576369440,6,Angle ,0,None,20,20,6,June,0,This section IS NOT on the NHS,7,7:00am-7:59am,23,23,0,3,0,3,0,,0000000,Not Applicable,3,Town or Township Highway Agency,0,No,1,Non-Junction,1,On Roadway,,,5,Local Street - Township,2,Urban,0,No,0,No Special Jurisdiction,New York,360312,36,JERUSALEM AVE,,1,Not an Intersection,2,2,10,10,Cloudy,0,No Additional Atmospheric Conditions,Cloudy,0,None,2017
18,6:00pm-6:59pm,0,0,0,None,0,None,0,None,2600,HEMPSTEAD,59,NASSAU (59),2010,12,6,Friday,1,1,,,12,Motor Vehicle In-Transport ,99,Unknown,99,Unknown EMS Hospital Arrival Time,17,5:00pm-5:59pm,40.68000278,40.68000278,3,Dark - Lighted,-73.703047220,-73.703047220,7,Sideswipe - Same Direction,0,None,58,58,2,February,1,This section IS ON the NHS,17,5:00pm-5:59pm,58,58,0,,,2,,,0000000,Not Applicable,,,0,No,1,Non-Junction,1,On Roadway,2,Rural-Principal Arterial-Other,3,State Highway,,,0,No,0,No Special Jurisdiction,New York,360312,36,SR-908M,,1,Not an Intersection,2,2,1,1,Clear,0,No Additional Atmospheric Conditions,Clear,0,None,2010
99,Unknown EMS Scene Arrival Hour,99,Unknown EMS Scene Arrival Minutes,0,None,0,None,0,None,4090,NEW HYDE PARK,59,NASSAU (59),2011,9,2,Monday,0,1,,,12,Motor Vehicle In-Transport ,99,Unknown,99,Unknown EMS Hospital Arrival Time,9,9:00am-9:59am,40.78635833,40.78635833,1,Daylight,-73.705644440,-73.705644440,6,Angle ,0,None,8,8,5,May,1,This section IS ON the NHS,99,Unknown,99,Unknown,0,3,0,3,0,,0000000,Not Applicable,,,0,No,4,Driveway Access,1,On Roadway,2,Rural-Principal Arterial-Other,3,State Highway,,,0,No,0,No Special Jurisdiction,New York,360315,36,SR-25A,,1,Not an Intersection,2,2,1,1,Clear,0,No Additional Atmospheric Conditions,Clear,0,None,2011
99,Unknown EMS Scene Arrival Hour,99,Unknown EMS Scene Arrival Minutes,0,None,0,None,0,None,2240,GARDEN CITY,59,NASSAU (59),2019,4,5,Thursday,0,1,4,Minor Arterial,33,Curb,99,Unknown,99,Unknown EMS Hospital Arrival Time,22,10:00pm-10:59pm,40.72222500,40.72222500,3,Dark - Lighted,-73.620602780,-73.620602780,0,The First Harmful Event was Not a Collision with a Motor Vehicle in Transport,99998,Not Reported,24,24,4,April,0,This section IS NOT on the NHS,99,Unknown,99,Unknown,0,1,0,1,0,,0000000,Not Applicable,2,County Highway Agency,0,No,3,Intersection-Related ,4,On Roadside,,,4,County Road,2,Urban,0,No,0,No Special Jurisdiction,New York,360320,36,CR-1,GARDEN ST,2,Four-Way Intersection,1,1,10,10,Cloudy,0,No Additional Atmospheric Conditions,Cloudy,0,None,2019
99,Unknown EMS Scene Arrival Hour,99,Unknown EMS Scene Arrival Minutes,0,None,0,None,0,None,4090,NEW HYDE PARK,59,NASSAU (59),2013,25,7,Saturday,1,1,,,33,Curb,99,Unknown,99,Unknown EMS Hospital Arrival Time,23,11:00pm-11:59pm,99.99990000,Unknown,2,Dark - Not Lighted,999.999900000,Unknown,0,Not a Collision with Motor Vehicle In-Transport,0,None,49,49,5,May,1,This section IS ON the NHS,99,Unknown,99,Unknown,0,1,0,1,0,,0000000,Not Applicable,,,0,No,1,Non-Junction,4,On Roadside,2,Rural-Principal Arterial-Other,3,State Highway,,,0,No,0,No Special Jurisdiction,New York,360320,36,SR-908G,,1,Not an Intersection,1,1,10,10,Cloudy,0,No Additional Atmospheric Conditions,Cloudy,0,None,2013
99,Unknown EMS Scene Arrival Hour,99,Unknown EMS Scene Arrival Minutes,0,None,0,None,0,None,2600,HEMPSTEAD,59,NASSAU (59),2012,11,1,Sunday,0,1,,,8,Pedestrian,99,Unknown,99,Unknown EMS Hospital Arrival Time,6,6:00am-6:59am,40.66673611,40.66673611,4,Dawn,-73.526441670,-73.526441670,0,Not a Collision with Motor Vehicle In-Transport,0,None,35,35,3,March,0,This section IS NOT on the NHS,99,Unknown,99,Unknown,1,1,1,1,0,,0000000,Not Applicable,,,0,No,1,Non-Junction,1,On Roadway,16,Urban-Local Road or Street,5,Local Street - Township,,,0,No,0,No Special Jurisdiction,New York,360320,36,BEDFORD AVE,,1,Not an Intersection,1,1,1,1,Clear,0,No Additional Atmospheric Conditions,Clear,0,None,2012
99,Unknown EMS Scene Arrival Hour,99,Unknown EMS Scene Arrival Minutes,0,None,0,None,0,None,4090,NEW HYDE PARK,59,NASSAU (59),2015,27,2,Monday,0,1,3,Principal Arterial - Other,12,Motor Vehicle In-Transport ,99,Unknown,99,Unknown EMS Hospital Arrival Time,13,1:00pm-1:59pm,40.79850000,40.79850000,1,Daylight,-73.663241670,-73.663241670,7,Sideswipe - Same Direction,0,None,30,30,4,April,0,This section IS NOT on the NHS,99,Unknown,99,Unknown,0,2,0,2,0,,0000000,Not Applicable,1,State Highway Agency,0,No,2,Intersection,1,On Roadway,,,3,State Highway,2,Urban,0,No,0,No Special Jurisdiction,New York,360322,36,SR-25A,THE LOCUSTS,7,"Five Point, or More",2,2,10,10,Cloudy,0,No Additional Atmospheric Conditions,Cloudy,0,None,2015
99,Unknown EMS Scene Arrival Hour,99,Unknown EMS Scene Arrival Minutes,0,None,0,None,0,None,4600,OYSTER BAY,59,NASSAU (59),2012,8,5,Thursday,0,1,,,9,Pedalcyclist,99,Unknown,99,Unknown EMS Hospital Arrival Time,11,11:00am-11:59am,40.67297222,40.67297222,1,Daylight,-73.439452780,-73.439452780,0,Not a Collision with Motor Vehicle In-Transport,0,None,35,35,3,March,0,This section IS NOT on the NHS,99,Unknown,99,Unknown,1,1,1,1,0,,0000000,Not Applicable,,,0,No,1,Non-Junction,1,On Roadway,16,Urban-Local Road or Street,6,Local Street - Municipality,,,0,No,0,No Special Jurisdiction,New York,360325,36,UNQUA RD,,1,Not an Intersection,1,1,1,1,Clear,0,No Additional Atmospheric Conditions,Clear,0,None,2012
99,Unknown EMS Scene Arrival Hour,99,Unknown EMS Scene Arrival Minutes,0,None,0,None,0,None,2600,HEMPSTEAD,59,NASSAU (59),2012,16,4,Wednesday,0,1,,,12,Motor Vehicle In-Transport ,99,Unknown,99,Unknown EMS Hospital Arrival Time,8,8:00am-8:59am,40.65672778,40.65672778,1,Daylight,-73.622233330,-73.622233330,6,Angle ,0,None,3,3,5,May,1,This section IS ON the NHS,8,8:00am-8:59am,8,8,0,2,0,2,0,,0000000,Not Applicable,,,0,No,2,Intersection,1,On Roadway,2,Rural-Principal Arterial-Other,3,State Highway,,,0,No,0,No Special Jurisdiction,New York,360326,36,SR-27 SUNRISE HWY,CHARING CROSS RD,3,T-Intersection,2,2,10,10,Cloudy,0,No Additional Atmospheric Conditions,Cloudy,0,None,2012
99,Unknown EMS Scene Arrival Hour,99,Unknown EMS Scene Arrival Minutes,0,None,0,None,0,None,4844,PLAINVIEW,59,NASSAU (59),2015,12,6,Friday,1,1,7,Local,12,Motor Vehicle In-Transport ,99,Unknown,99,Unknown EMS Hospital Arrival Time,23,11:00pm-11:59pm,40.78903611,40.78903611,3,Dark - Lighted,-73.495411110,-73.495411110,1,Front-to-Rear ,0,None,7,7,6,June,0,This section IS NOT on the NHS,99,Unknown,99,Unknown,0,4,0,4,0,,0000000,Not Applicable,3,Town or Township Highway Agency,0,No,3,Intersection-Related ,1,On Roadway,,,5,Local Street - Township,2,Urban,0,No,0,No Special Jurisdiction,New York,360329,36,WOODBURY RD,EAST CT,3,T-Intersection,2,2,1,1,Clear,0,No Additional Atmospheric Conditions,Clear,0,None,2015
16,4:00pm-4:59pm,48,48,0,None,0,None,0,None,4600,OYSTER BAY,59,NASSAU (59),2014,13,6,Friday,0,1,,,42,Tree (Standing Only),17,5:00pm-5:59pm,15,15,16,4:00pm-4:59pm,40.77827500,40.77827500,1,Daylight,-73.563980560,-73.563980560,0,Not a Collision with Motor Vehicle In-Transport,0,None,43,43,6,June,0,This section IS NOT on the NHS,16,4:00pm-4:59pm,44,44,0,1,0,1,0,,0000000,Not Applicable,,,0,No,1,Non-Junction,4,On Roadside,13,Urban-Other Principal Arterial,3,State Highway,,,0,No,0,No Special Jurisdiction,New York,360331,36,SR-25,ABERDEEN RD,1,Not an Intersection,1,1,10,10,Cloudy,0,No Additional Atmospheric Conditions,Cloudy,0,None,2014
99,Unknown EMS Scene Arrival Hour,99,Unknown EMS Scene Arrival Minutes,0,None,0,None,0,None,2600,HEMPSTEAD,59,NASSAU (59),2012,17,5,Thursday,0,1,,,12,Motor Vehicle In-Transport ,99,Unknown,99,Unknown EMS Hospital Arrival Time,21,9:00pm-9:59pm,40.73787778,40.73787778,3,Dark - Lighted,-73.514166670,-73.514166670,6,Angle ,0,None,37,37,5,May,0,This section IS NOT on the NHS,99,Unknown,99,Unknown,0,4,0,4,0,,0000000,Not Applicable,,,0,No,2,Intersection,1,On Roadway,16,Urban-Local Road or Street,6,Local Street - Municipality,,,0,No,0,No Special Jurisdiction,New York,360331,36,JERUSALEM AVE,COOL LN,3,T-Intersection,2,2,10,10,Cloudy,0,No Additional Atmospheric Conditions,Cloudy,0,None,2012
17,5:00pm-5:59pm,19,19,0,None,0,None,0,None,1760,EAST WILLISTON,59,NASSAU (59),2015,13,7,Saturday,0,1,7,Local,5,Fell/Jumped from Vehicle,99,Unknown,99,Unknown EMS Hospital Arrival Time,17,5:00pm-5:59pm,40.75835000,40.75835000,1,Daylight,-73.634852780,-73.634852780,0,Not a Collision with Motor Vehicle In-Transport,0,None,22,22,6,June,0,This section IS NOT on the NHS,17,5:00pm-5:59pm,16,16,0,1,0,1,0,,0000000,Not Applicable,4,City or Municipal Highway Agency,0,No,2,Intersection,1,On Roadway,,,5,Local Street - Township,2,Urban,0,No,0,No Special Jurisdiction,New York,360332,36,ROSLYN RD,E WILLISTON AVE,2,Four-Way Intersection,1,1,1,1,Clear,0,No Additional Atmospheric Conditions,Clear,0,None,2015
18,6:00pm-6:59pm,21,21,0,None,0,None,0,None,1960,FARMINGDALE,59,NASSAU (59),2017,14,4,Wednesday,0,1,4,Minor Arterial,12,Motor Vehicle In-Transport ,18,6:00pm-6:59pm,58,58,18,6:00pm-6:59pm,40.72742778,40.72742778,1,Daylight,-73.444283330,-73.444283330,6,Angle ,0,None,15,15,6,June,0,This section IS NOT on the NHS,18,6:00pm-6:59pm,16,16,0,7,0,7,0,,0000000,Not Applicable,2,County Highway Agency,0,No,2,Intersection,1,On Roadway,,,4,County Road,2,Urban,0,No,0,No Special Jurisdiction,New York,360334,36,CR-109,MAIN ST,2,Four-Way Intersection,4,4,1,1,Clear,0,No Additional Atmospheric Conditions,Clear,0,None,2017
2,2:00am-2:59am,15,15,0,None,0,None,0,None,2600,HEMPSTEAD,59,NASSAU (59),2017,15,5,Thursday,0,1,3,Principal Arterial - Other,24,Guardrail Face,2,2:00am-2:59am,40,40,2,2:00am-2:59am,40.76870278,40.76870278,3,Dark - Lighted,-73.561733330,-73.561733330,0,Not a Collision with Motor Vehicle In-Transport,0,None,0,0,6,June,1,This section IS ON the NHS,1,1:00am-1:59am,56,56,0,1,0,1,0,,0000000,Not Applicable,1,State Highway Agency,0,No,1,Non-Junction,4,On Roadside,,,3,State Highway,2,Urban,0,No,0,No Special Jurisdiction,New York,360337,36,SR-908T,,1,Not an Intersection,1,1,1,1,Clear,0,No Additional Atmospheric Conditions,Clear,0,None,2017
7,7:00am-7:59am,43,43,0,None,0,None,0,None,6250,VALLEY STREAM,59,NASSAU (59),2018,26,3,Tuesday,0,1,7,Local,5,Fell/Jumped from Vehicle,7,7:00am-7:59am,55,55,7,7:00am-7:59am,40.67346667,40.67346667,1,Daylight,-73.693830560,-73.693830560,0,Not a Collision with Motor Vehicle In-Transport,0,None,37,37,6,June,0,This section IS NOT on the NHS,7,7:00am-7:59am,39,39,0,4,0,4,0,,0000000,Not Applicable,3,Town or Township Highway Agency,0,No,2,Intersection,1,On Roadway,,,5,Local Street - Township,2,Urban,0,No,0,No Special Jurisdiction,New York,360337,36,WHEELER AVE,ROCKAWAY PKWY,2,Four-Way Intersection,1,1,1,1,Clear,0,No Additional Atmospheric Conditions,Clear,0,None,2018
99,Unknown EMS Scene Arrival Hour,99,Unknown EMS Scene Arrival Minutes,0,None,0,None,0,None,2600,HEMPSTEAD,59,NASSAU (59),2013,7,6,Friday,0,1,,,42,Tree (Standing Only),99,Unknown,99,Unknown EMS Hospital Arrival Time,10,10:00am-10:59am,40.73111111,40.73111111,1,Daylight,-73.541455560,-73.541455560,0,Not a Collision with Motor Vehicle In-Transport,0,None,48,48,6,June,1,This section IS ON the NHS,10,10:00am-10:59am,48,48,0,1,0,1,0,,0000000,Not Applicable,,,0,No,1,Non-Junction,4,On Roadside,2,Rural-Principal Arterial-Other,3,State Highway,,,0,No,0,No Special Jurisdiction,New York,360339,36,SR-908T,,1,Not an Intersection,1,1,2,2,Rain,0,No Additional Atmospheric Conditions,Rain,0,None,2013
0,0:00am-0:59am,36,36,0,None,0,None,0,None,4600,OYSTER BAY,59,NASSAU (59),2010,16,1,Sunday,1,1,,,59,Traffic Sign Support ,88,Not Applicable (Not Transported) ,88,Not Applicable (Not Transported),0,0:00am-0:59am,40.79118333,40.79118333,2,Dark - Not Lighted,-73.486175000,-73.486175000,0,Not a Collision with Motor Vehicle In-Transport,0,None,30,30,5,May,0,This section IS NOT on the NHS,0,0:00am-0:59am,33,33,0,,,1,,,0000000,Not Applicable,,,0,No,1,Non-Junction,4,On Roadside,12,Urban-Principal Arterial-Other Freeways or Expressways,5,Local Street - Township,,,0,No,0,No Special Jurisdiction,New York,360340,36,SEAFORD OYSTER BAY E,,1,Not an Intersection,1,1,1,1,Clear,0,No Additional Atmospheric Conditions,Clear,0,None,2010
0,0:00am-0:59am,11,11,0,None,0,None,0,None,2600,HEMPSTEAD,59,NASSAU (59),2014,15,1,Sunday,0,1,,,8,Pedestrian,0,0:00am-0:59am,18,18,0,0:00am-0:59am,40.72589722,40.72589722,3,Dark - Lighted,-73.514486110,-73.514486110,0,Not a Collision with Motor Vehicle In-Transport,0,None,5,5,6,June,0,This section IS NOT on the NHS,0,0:00am-0:59am,10,10,1,1,1,1,0,,0000000,Not Applicable,,,0,No,3,Intersection-Related ,1,On Roadway,13,Urban-Other Principal Arterial,3,State Highway,,,0,No,0,No Special Jurisdiction,New York,360342,36,SR-24,GARDINERS AVE,2,Four-Way Intersection,1,1,10,10,Cloudy,0,No Additional Atmospheric Conditions,Cloudy,0,None,2014
18,6:00pm-6:59pm,9,9,0,None,0,None,0,None,2600,HEMPSTEAD,59,NASSAU (59),2019,30,1,Sunday,0,1,3,Principal Arterial - Other,9,Pedalcyclist,18,6:00pm-6:59pm,13,13,18,6:00pm-6:59pm,40.72564444,40.72564444,1,Daylight,-73.494002780,-73.494002780,0,The First Harmful Event was Not a Collision with a Motor Vehicle in Transport,99998,Not Reported,5,5,6,June,1,This section IS ON the NHS,18,6:00pm-6:59pm,7,7,1,1,1,1,0,,0000000,Not Applicable,1,State Highway Agency,0,No,1,Non-Junction,1,On Roadway,,,3,State Highway,2,Urban,0,No,0,No Special Jurisdiction,New York,360342,36,SR-24,,1,Not an Intersection,1,1,1,1,Clear,0,No Additional Atmospheric Conditions,Clear,0,None,2019
99,Unknown EMS Scene Arrival Hour,99,Unknown EMS Scene Arrival Minutes,0,None,0,None,0,None,2600,HEMPSTEAD,59,NASSAU (59),2010,27,7,Saturday,0,1,,,59,Traffic Sign Support ,99,Unknown,99,Unknown EMS Hospital Arrival Time,23,11:00pm-11:59pm,40.63440000,40.63440000,3,Dark - Lighted,-73.714516670,-73.714516670,0,Not a Collision with Motor Vehicle In-Transport,0,None,15,15,3,March,0,This section IS NOT on the NHS,99,Unknown,99,Unknown,0,,,3,,,0000000,Not Applicable,,,0,No,2,Intersection,4,On Roadside,15,Urban-Collector,5,Local Street - Township,,,0,No,0,No Special Jurisdiction,New York,360343,36,WOODMERE BLVD,ACADEMY RD,3,T-Intersection,1,1,1,1,Clear,0,No Additional Atmospheric Conditions,Clear,0,None,2010
2,2:00am-2:59am,38,38,0,None,0,None,0,None,2600,HEMPSTEAD,59,NASSAU (59),2011,22,4,Wednesday,0,1,,,24,Guardrail Face,99,Unknown,99,Unknown EMS Hospital Arrival Time,2,2:00am-2:59am,40.69339167,40.69339167,3,Dark - Lighted,-73.546758330,-73.546758330,0,Not a Collision with Motor Vehicle In-Transport,0,None,35,35,6,June,1,This section IS ON the NHS,2,2:00am-2:59am,35,35,0,2,0,2,0,,0000000,Not Applicable,,,0,No,1,Non-Junction,3,On Median,2,Rural-Principal Arterial-Other,3,State Highway,,,0,No,0,No Special Jurisdiction,New York,360343,36,SR-908M,,1,Not an Intersection,1,1,1,1,Clear,0,No Additional Atmospheric Conditions,Clear,0,None,2011
99,Unknown EMS Scene Arrival Hour,99,Unknown EMS Scene Arrival Minutes,0,None,0,None,0,None,4090,NEW HYDE PARK,59,NASSAU (59),2013,8,7,Saturday,0,1,,,39,Wall,99,Unknown,99,Unknown EMS Hospital Arrival Time,8,8:00am-8:59am,40.78826944,40.78826944,1,Daylight,-73.705933330,-73.705933330,0,Not a Collision with Motor Vehicle In-Transport,0,None,28,28,6,June,1,This section IS ON the NHS,99,Unknown,99,Unknown,1,3,1,3,8,,0000000,Not Applicable,,,0,No,1,Non-Junction,4,On Roadside,2,Rural-Principal Arterial-Other,3,State Highway,,,0,No,0,No Special Jurisdiction,New York,360346,36,SR-25A NORTHERN BLVD,,1,Not an Intersection,3,11,1,1,Clear,0,No Additional Atmospheric Conditions,Clear,0,None,2013