ARR_HOUR,ARR_HOURNAME,ARR_MIN,ARR_MINNAME,CF1,CF1NAME,CF2,CF2NAME,CF3,CF3NAME,CITY,CITYNAME,COUNTY,COUNTYNAME,CaseYear,DAY,DAY_WEEK,DAY_WEEKNAME,DRUNK_DR,FATALS,FUNC_SYS,FUNC_SYSNAME,HARM_EV,HARM_EVNAME,HOSP_HR,HOSP_HRNAME,HOSP_MN,HOSP_MNNAME,HOUR,HOURNAME,LATITUDE,LATITUDENAME,LGT_COND,LGT_CONDNAME,LONGITUD,LONGITUDNAME,MAN_COLL,MAN_COLLNAME,MILEPT,MILEPTNAME,MINUTE,MINUTENAME,MONTH,MonthName,NHS,NHSNAME,NOT_HOUR,NOT_HOURNAME,NOT_MIN,NOT_MINNAME,PEDS,PERMVIT,PERNOTMVIT,PERSONS,PVH_INVL,ParkWorks,RAIL,RAILNAME,RD_OWNER,RD_OWNERNAME,RELJCT1,RELJCT1NAME,RELJCT2,RELJCT2NAME,REL_ROAD,REL_ROADNAME,ROAD_FNC,ROAD_FNCNAME,ROUTE,ROUTENAME,RUR_URB,RUR_URBNAME,SCH_BUS,SCH_BUSNAME,SP_JUR,SP_JURNAME,STATENAME,ST_CASE,State,TWAY_ID,TWAY_ID2,TYP_INT,TYP_INTNAME,VE_FORMS,VE_TOTAL,WEATHER,WEATHER1,WEATHER1NAME,WEATHER2,WEATHER2NAME,WEATHERNAME,WRK_ZONE,WRK_ZONENAME,YEAR
14,2:00pm-2:59pm,51,51,0,None,0,None,0,None,4600,OYSTER BAY,59,NASSAU (59),2016,29,4,Wednesday,0,2,7,Local,9,Pedalcyclist,99,Unknown,99,Unknown EMS Hospital Arrival Time,14,2:00pm-2:59pm,40.76225278,40.76225278,1,Daylight,-73.506669440,-73.506669440,0,Not a Collision with Motor Vehicle In-Transport,0,None,40,40,6,June,0,This section IS NOT on the NHS,14,2:00pm-2:59pm,46,46,2,3,2,3,0,,0000000,Not Applicable,3,Town or Township Highway Agency,0,No,3,Intersection-Related ,1,On Roadway,,,5,Local Street - Township,2,Urban,0,No,0,No Special Jurisdiction,New York,360386,36,NEW SOUTH RD,MEADOW LN,3,T-Intersection,2,2,1,1,Clear,0,No Additional Atmospheric Conditions,Clear,0,None,2016
5,5:00am-5:59am,8,8,0,None,0,None,0,None,2600,HEMPSTEAD,59,NASSAU (59),2011,30,7,Saturday,1,2,,,12,Motor Vehicle In-Transport ,99,Unknown,99,Unknown EMS Hospital Arrival Time,4,4:00am-4:59am,99.99990000,Unknown,3,Dark - Lighted,999.999900000,Unknown,7,Sideswipe - Same Direction,0,None,56,56,4,April,1,This section IS ON the NHS,5,5:00am-5:59am,1,1,0,4,0,4,0,,0000000,Not Applicable,,,0,No,1,Non-Junction,1,On Roadway,13,Urban-Other Principal Arterial,3,State Highway,,,0,No,0,No Special Jurisdiction,New York,360388,36,SR-908T,,1,Not an Intersection,2,2,10,10,Cloudy,0,No Additional Atmospheric Conditions,Cloudy,0,None,2011
99,Unknown EMS Scene Arrival Hour,99,Unknown EMS Scene Arrival Minutes,0,None,0,None,0,None,4600,OYSTER BAY,59,NASSAU (59),2011,11,7,Saturday,0,1,,,12,Motor Vehicle In-Transport ,99,Unknown,99,Unknown EMS Hospital Arrival Time,13,1:00pm-1:59pm,40.81024722,40.81024722,1,Daylight,-73.501780560,-73.501780560,2,Front-to-Front,0,None,51,51,6,June,1,This section IS ON the NHS,99,Unknown,99,Unknown,0,4,0,4,0,,0000000,Not Applicable,,,0,No,2,Intersection,1,On Roadway,13,Urban-Other Principal Arterial,3,State Highway,,,0,No,0,No Special Jurisdiction,New York,360392,36,SR-25,S OYSTER BAY RD,2,Four-Way Intersection,2,2,2,2,Rain,0,No Additional Atmospheric Conditions,Rain,0,None,2011
99,Unknown EMS Scene Arrival Hour,99,Unknown EMS Scene Arrival Minutes,0,None,0,None,0,None,2160,FREEPORT,59,NASSAU (59),2012,11,1,Sunday,0,1,,,12,Motor Vehicle In-Transport ,99,Unknown,99,Unknown EMS Hospital Arrival Time,18,6:00pm-6:59pm,40.65706111,40.65706111,1,Daylight,-73.576077780,-73.576077780,6,Angle ,0,None,17,17,3,March,1,This section IS ON the NHS,99,Unknown,99,Unknown,0,7,0,7,0,,0000000,Not Applicable,,,0,No,2,Intersection,1,On Roadway,13,Urban-Other Principal Arterial,3,State Highway,,,0,No,0,No Special Jurisdiction,New York,360398,36,SR-27,HELEN AVE,3,T-Intersection,2,2,1,1,Clear,0,No Additional Atmospheric Conditions,Clear,0,None,2012
3,3:00am-3:59am,50,50,0,None,0,None,0,None,4600,OYSTER BAY,59,NASSAU (59),2013,21,6,Friday,1,1,,,25,Concrete Traffic Barrier,4,4:00am-4:59am,4,4,3,3:00am-3:59am,40.78704167,40.78704167,3,Dark - Lighted,-73.526197220,-73.526197220,0,Not a Collision with Motor Vehicle In-Transport,0,None,35,35,6,June,1,This section IS ON the NHS,3,3:00am-3:59am,39,39,0,1,0,1,0,,0000000,Not Applicable,,,0,No,1,Non-Junction,3,On Median,1,Rural-Principal Arterial-Interstate,1,Interstate,,,0,No,0,No Special Jurisdiction,New York,360398,36,I-495 LONG ISLAND EXPRESSWAY,,1,Not an Intersection,1,1,1,1,Clear,0,No Additional Atmospheric Conditions,Clear,0,None,2013
11,11:00am-11:59am,43,43,0,None,0,None,0,None,2600,HEMPSTEAD,59,NASSAU (59),2017,9,1,Sunday,0,1,7,Local,12,Motor Vehicle In-Transport ,11,11:00am-11:59am,54,54,11,11:00am-11:59am,40.69916111,40.69916111,1,Daylight,-73.589013890,-73.589013890,7,Sideswipe - Same Direction,0,None,40,40,7,July,0,This section IS NOT on the NHS,11,11:00am-11:59am,41,41,0,6,0,6,0,,0000000,Not Applicable,3,Town or Township Highway Agency,0,No,1,Non-Junction,1,On Roadway,,,5,Local Street - Township,2,Urban,0,No,0,No Special Jurisdiction,New York,360398,36,JERUSALEM AVE,,1,Not an Intersection,2,2,1,1,Clear,0,No Additional Atmospheric Conditions,Clear,0,None,2017
6,6:00am-6:59am,55,55,0,None,0,None,0,None,2600,HEMPSTEAD,59,NASSAU (59),2011,27,2,Monday,0,1,,,12,Motor Vehicle In-Transport ,7,7:00am-7:59am,3,3,6,6:00am-6:59am,99.99990000,Unknown,1,Daylight,999.999900000,Unknown,99,Unknown,0,None,48,48,6,June,0,This section IS NOT on the NHS,6,6:00am-6:59am,50,50,0,4,0,4,0,,0000000,Not Applicable,,,0,No,2,Intersection,1,On Roadway,16,Urban-Local Road or Street,6,Local Street - Municipality,,,0,No,0,No Special Jurisdiction,New York,360399,36,MERRICK AVE,AIR BASE RD,9,Unknown,2,2,1,1,Clear,0,No Additional Atmospheric Conditions,Clear,0,None,2011
17,5:00pm-5:59pm,13,13,0,None,0,None,0,None,4090,NEW HYDE PARK,59,NASSAU (59),2019,18,5,Thursday,0,1,4,Minor Arterial,12,Motor Vehicle In-Transport ,17,5:00pm-5:59pm,35,35,17,5:00pm-5:59pm,40.76091944,40.76091944,1,Daylight,-73.658480560,-73.658480560,2,Front-to-Front,99998,Not Reported,0,0,7,July,0,This section IS NOT on the NHS,17,5:00pm-5:59pm,7,7,0,2,0,2,0,,0000000,Not Applicable,2,County Highway Agency,0,No,1,Non-Junction,1,On Roadway,,,4,County Road,2,Urban,0,No,0,No Special Jurisdiction,New York,360401,36,CR-101,,1,Not an Intersection,2,2,10,10,Cloudy,0,No Additional Atmospheric Conditions,Cloudy,0,None,2019
99,Unknown EMS Scene Arrival Hour,99,Unknown EMS Scene Arrival Minutes,0,None,0,None,0,None,2600,HEMPSTEAD,59,NASSAU (59),2012,5,3,Tuesday,0,1,,,12,Motor Vehicle In-Transport ,99,Unknown,99,Unknown EMS Hospital Arrival Time,9,9:00am-9:59am,40.74451389,40.74451389,1,Daylight,-73.607319440,-73.607319440,6,Angle ,0,None,35,35,6,June,0,This section IS NOT on the NHS,99,Unknown,99,Unknown,0,2,0,2,0,,0000000,Not Applicable,,,0,No,2,Intersection,1,On Roadway,16,Urban-Local Road or Street,6,Local Street - Municipality,,,0,No,0,No Special Jurisdiction,New York,360404,36,E GATE BLVD,NORTH AVE,3,T-Intersection,2,2,1,1,Clear,0,No Additional Atmospheric Conditions,Clear,0,None,2012
99,Unknown EMS Scene Arrival Hour,99,Unknown EMS Scene Arrival Minutes,0,None,0,None,0,None,4600,OYSTER BAY,59,NASSAU (59),2012,5,3,Tuesday,0,1,,,12,Motor Vehicle In-Transport ,99,Unknown,99,Unknown EMS Hospital Arrival Time,15,3:00pm-3:59pm,40.79700278,40.79700278,1,Daylight,-73.534366670,-73.534366670,6,Angle ,0,None,15,15,6,June,0,This section IS NOT on the NHS,15,3:00pm-3:59pm,15,15,0,5,0,5,0,,0000000,Not Applicable,,,0,No,2,Intersection,1,On Roadway,13,Urban-Other Principal Arterial,3,State Highway,,,0,No,0,No Special Jurisdiction,New York,360406,36,SR-106,OLD JERICHO TURNPIKE,2,Four-Way Intersection,2,2,10,10,Cloudy,0,No Additional Atmospheric Conditions,Cloudy,0,None,2012
10,10:00am-10:59am,16,16,0,None,0,None,0,None,2600,HEMPSTEAD,59,NASSAU (59),2017,12,4,Wednesday,0,1,7,Local,12,Motor Vehicle In-Transport ,10,10:00am-10:59am,35,35,10,10:00am-10:59am,40.69905833,40.69905833,1,Daylight,-73.588875000,-73.588875000,6,Angle ,0,None,12,12,7,July,0,This section IS NOT on the NHS,10,10:00am-10:59am,14,14,0,3,0,3,0,,0000000,Not Applicable,3,Town or Township Highway Agency,0,No,8,Driveway Access Related,1,On Roadway,,,5,Local Street - Township,2,Urban,0,No,0,No Special Jurisdiction,New York,360406,36,JERUSALEM AVE,,1,Not an Intersection,2,2,1,1,Clear,0,No Additional Atmospheric Conditions,Clear,0,None,2017
99,Unknown EMS Scene Arrival Hour,99,Unknown EMS Scene Arrival Minutes,0,None,0,None,0,None,2675,HICKSVILLE,59,NASSAU (59),2017,29,4,Wednesday,0,1,7,Local,12,Motor Vehicle In-Transport ,99,Unknown,99,Unknown EMS Hospital Arrival Time,18,6:00pm-6:59pm,40.74865278,40.74865278,1,Daylight,-73.518141670,-73.518141670,6,Angle ,0,None,45,45,3,March,0,This section IS NOT on the NHS,99,Unknown,99,Unknown,0,3,0,3,0,,0000000,Not Applicable,3,Town or Township Highway Agency,0,No,2,Intersection,1,On Roadway,,,6,Local Street - Municipality,2,Urban,0,No,0,No Special Jurisdiction,New York,360407,36,JERUSALEM AVE,WALNUT LANE,3,T-Intersection,2,2,10,10,Cloudy,0,No Additional Atmospheric Conditions,Cloudy,0,None,2017
21,9:00pm-9:59pm,30,30,0,None,0,None,0,None,4600,OYSTER BAY,59,NASSAU (59),2013,28,6,Friday,0,1,,,8,Pedestrian,21,9:00pm-9:59pm,45,45,21,9:00pm-9:59pm,40.67569167,40.67569167,3,Dark - Lighted,-73.475183330,-73.475183330,0,Not a Collision with Motor Vehicle In-Transport,0,None,28,28,6,June,1,This section IS ON the NHS,21,9:00pm-9:59pm,28,28,1,4,1,4,0,,0000000,Not Applicable,,,0,No,1,Non-Junction,1,On Roadway,13,Urban-Other Principal Arterial,3,State Highway,,,0,No,0,No Special Jurisdiction,New York,360408,36,SR-27,,1,Not an Intersection,1,1,10,10,Cloudy,0,No Additional Atmospheric Conditions,Cloudy,0,None,2013
99,Unknown EMS Scene Arrival Hour,99,Unknown EMS Scene Arrival Minutes,0,None,0,None,0,None,6060,THOMASTON,59,NASSAU (59),2019,22,2,Monday,0,1,4,Minor Arterial,12,Motor Vehicle In-Transport ,15,3:00pm-3:59pm,32,32,15,3:00pm-3:59pm,40.79174167,40.79174167,1,Daylight,-73.714502780,-73.714502780,2,Front-to-Front,99999,Unknown,8,8,7,July,0,This section IS NOT on the NHS,15,3:00pm-3:59pm,9,9,0,2,0,2,0,,0000000,Not Applicable,2,County Highway Agency,0,No,1,Non-Junction,1,On Roadway,,,4,County Road,2,Urban,0,No,0,No Special Jurisdiction,New York,360411,36,CR-96,,1,Not an Intersection,2,2,1,1,Clear,0,No Additional Atmospheric Conditions,Clear,0,None,2019
12,12:00pm-12:59pm,46,46,0,None,0,None,0,None,2600,HEMPSTEAD,59,NASSAU (59),2018,28,2,Monday,0,1,3,Principal Arterial - Other,24,Guardrail Face,13,1:00pm-1:59pm,1,1,12,12:00pm-12:59pm,40.66054167,40.66054167,1,Daylight,-73.568297220,-73.568297220,0,Not a Collision with Motor Vehicle In-Transport,0,None,39,39,5,May,1,This section IS ON the NHS,12,12:00pm-12:59pm,41,41,0,1,0,1,0,,0000000,Not Applicable,1,State Highway Agency,0,No,1,Non-Junction,3,On Median,,,3,State Highway,1,Rural,0,No,0,No Special Jurisdiction,New York,360415,36,SR-908E,,1,Not an Intersection,1,1,10,10,Cloudy,0,No Additional Atmospheric Conditions,Cloudy,0,None,2018
14,2:00pm-2:59pm,56,56,0,None,0,None,0,None,6550,WESTBURY,59,NASSAU (59),2015,11,7,Saturday,0,1,7,Local,9,Pedalcyclist,15,3:00pm-3:59pm,10,10,14,2:00pm-2:59pm,40.74761667,40.74761667,1,Daylight,-73.587613890,-73.587613890,0,Not a Collision with Motor Vehicle In-Transport,0,None,50,50,7,July,0,This section IS NOT on the NHS,14,2:00pm-2:59pm,53,53,1,2,1,2,0,,0000000,Not Applicable,3,Town or Township Highway Agency,0,No,2,Intersection,1,On Roadway,,,5,Local Street - Township,2,Urban,0,No,0,No Special Jurisdiction,New York,360416,36,OLD COUNTRY RD,POST AVE,2,Four-Way Intersection,1,1,1,1,Clear,0,No Additional Atmospheric Conditions,Clear,0,None,2015
5,5:00am-5:59am,25,25,0,None,0,None,0,None,4090,NEW HYDE PARK,59,NASSAU (59),2010,20,1,Sunday,1,1,,,24,Guardrail Face,5,5:00am-5:59am,45,45,5,5:00am-5:59am,40.76167500,40.76167500,4,Dawn,-73.624191670,-73.624191670,0,Not a Collision with Motor Vehicle In-Transport,0,None,19,19,6,June,1,This section IS ON the NHS,5,5:00am-5:59am,19,19,0,,,1,,,0000000,Not Applicable,,,0,No,1,Non-Junction,4,On Roadside,2,Rural-Principal Arterial-Other,3,State Highway,,,0,No,0,No Special Jurisdiction,New York,360418,36,SR-908G,,1,Not an Intersection,1,1,10,10,Cloudy,0,No Additional Atmospheric Conditions,Cloudy,0,None,2010
99,Unknown EMS Scene Arrival Hour,99,Unknown EMS Scene Arrival Minutes,0,None,0,None,0,None,4600,OYSTER BAY,59,NASSAU (59),2011,1,6,Friday,0,1,,,30,Utility Pole/Light Support,88,Not Applicable (Not Transported) ,88,Not Applicable (Not Transported),5,5:00am-5:59am,40.67698611,40.67698611,1,Daylight,-73.462283330,-73.462283330,0,Not a Collision with Motor Vehicle In-Transport,0,None,10,10,7,July,1,This section IS ON the NHS,99,Unknown,99,Unknown,0,1,0,1,0,,0000000,Not Applicable,,,0,No,1,Non-Junction,4,On Roadside,2,Rural-Principal Arterial-Other,3,State Highway,,,0,No,0,No Special Jurisdiction,New York,360418,36,SR-27,,1,Not an Intersection,1,1,1,1,Clear,0,No Additional Atmospheric Conditions,Clear,0,None,2011
10,10:00am-10:59am,43,43,0,None,0,None,0,None,4600,OYSTER BAY,59,NASSAU (59),2013,25,3,Tuesday,0,1,,,12,Motor Vehicle In-Transport ,10,10:00am-10:59am,50,50,10,10:00am-10:59am,40.86569722,40.86569722,1,Daylight,-73.532258330,-73.532258330,2,Front-to-Front,0,None,37,37,6,June,0,This section IS NOT on the NHS,10,10:00am-10:59am,41,41,0,3,0,3,0,,0000000,Not Applicable,,,1,Yes,3,Intersection-Related ,1,On Roadway,16,Urban-Local Road or Street,5,Local Street - Township,,,0,No,0,No Special Jurisdiction,New York,360420,36,SOUTH ST,LEXINGTON AVE,4,Y-Intersection,2,2,1,1,Clear,0,No Additional Atmospheric Conditions,Clear,0,None,2013
19,7:00pm-7:59pm,12,12,0,None,0,None,0,None,2600,HEMPSTEAD,59,NASSAU (59),2014,21,2,Monday,0,1,,,59,Traffic Sign Support ,19,7:00pm-7:59pm,25,25,19,7:00pm-7:59pm,40.72376111,40.72376111,1,Daylight,-73.568816670,-73.568816670,0,Not a Collision with Motor Vehicle In-Transport,0,None,8,8,7,July,0,This section IS NOT on the NHS,19,7:00pm-7:59pm,10,10,0,1,0,1,0,,0000000,Not Applicable,,,0,No,1,Non-Junction,3,On Median,14,Urban-Minor Arterial,3,State Highway,,,0,No,0,No Special Jurisdiction,New York,360422,36,SR-24,,1,Not an Intersection,1,1,1,1,Clear,0,No Additional Atmospheric Conditions,Clear,0,None,2014
14,2:00pm-2:59pm,32,32,0,None,0,None,0,None,1660,EAST HILLS,59,NASSAU (59),2019,26,6,Friday,0,1,7,Local,12,Motor Vehicle In-Transport ,15,3:00pm-3:59pm,28,28,14,2:00pm-2:59pm,40.78440833,40.78440833,1,Daylight,-73.638775000,-73.638775000,6,Angle ,99999,Unknown,28,28,7,July,0,This section IS NOT on the NHS,14,2:00pm-2:59pm,29,29,0,2,0,2,0,,0000000,Not Applicable,2,County Highway Agency,0,No,2,Intersection,1,On Roadway,,,6,Local Street - Municipality,2,Urban,0,No,0,No Special Jurisdiction,New York,360424,36,POWERHOUSE RD,ROSLYN RD,2,Four-Way Intersection,2,2,1,1,Clear,0,No Additional Atmospheric Conditions,Clear,0,None,2019
99,Unknown EMS Scene Arrival Hour,99,Unknown EMS Scene Arrival Minutes,0,None,0,None,0,None,6250,VALLEY STREAM,59,NASSAU (59),2016,19,3,Tuesday,0,1,3,Principal Arterial - Other,12,Motor Vehicle In-Transport ,99,Unknown,99,Unknown EMS Hospital Arrival Time,6,6:00am-6:59am,40.66541111,40.66541111,1,Daylight,-73.725338890,-73.725338890,6,Angle ,0,None,35,35,1,January,1,This section IS ON the NHS,99,Unknown,99,Unknown,0,3,0,3,0,,0000000,Not Applicable,1,State Highway Agency,0,No,1,Non-Junction,1,On Roadway,,,3,State Highway,2,Urban,0,No,0,No Special Jurisdiction,New York,360424,36,SR-27 W SUNRISE HWY,,1,Not an Intersection,3,3,1,1,Clear,0,No Additional Atmospheric Conditions,Clear,0,None,2016
99,Unknown EMS Scene Arrival Hour,99,Unknown EMS Scene Arrival Minutes,0,None,0,None,0,None,2040,FLOWER HILL,59,NASSAU (59),2016,8,2,Monday,1,1,7,Local,12,Motor Vehicle In-Transport ,99,Unknown,99,Unknown EMS Hospital Arrival Time,14,2:00pm-2:59pm,40.81253056,40.81253056,1,Daylight,-73.655400000,-73.655400000,2,Front-to-Front,0,None,15,15,2,February,0,This section IS NOT on the NHS,99,Unknown,99,Unknown,0,3,0,3,0,,0000000,Not Applicable,3,Town or Township Highway Agency,0,No,1,Non-Junction,1,On Roadway,,,5,Local Street - Township,1,Rural,0,No,0,No Special Jurisdiction,New York,360426,36,W SHORE RD,,1,Not an Intersection,3,3,4,4,Snow,0,No Additional Atmospheric Conditions,Snow,0,None,2016
6,6:00am-6:59am,41,41,0,None,0,None,0,None,2600,HEMPSTEAD,59,NASSAU (59),2013,4,5,Thursday,0,1,,,12,Motor Vehicle In-Transport ,7,7:00am-7:59am,7,7,6,6:00am-6:59am,40.66124167,40.66124167,1,Daylight,-73.539180560,-73.539180560,2,Front-to-Front,0,None,38,38,7,July,0,This section IS NOT on the NHS,6,6:00am-6:59am,39,39,0,2,0,2,0,,0000000,Not Applicable,,,0,No,2,Intersection,1,On Roadway,16,Urban-Local Road or Street,6,Local Street - Municipality,,,0,No,0,No Special Jurisdiction,New York,360427,36,MERRICK RD,SOMA AVE,3,T-Intersection,2,2,10,10,Cloudy,0,No Additional Atmospheric Conditions,Cloudy,0,None,2013
99,Unknown EMS Scene Arrival Hour,99,Unknown EMS Scene Arrival Minutes,0,None,0,None,0,None,2160,FREEPORT,59,NASSAU (59),2017,14,4,Wednesday,0,1,3,Principal Arterial - Other,8,Pedestrian,88,Not Applicable (Not Transported) ,88,Not Applicable (Not Transported),22,10:00pm-10:59pm,40.65646667,40.65646667,3,Dark - Lighted,-73.582230560,-73.582230560,0,Not a Collision with Motor Vehicle In-Transport,0,None,16,16,6,June,1,This section IS ON the NHS,99,Unknown,99,Unknown,1,1,1,1,0,,0000000,Not Applicable,1,State Highway Agency,0,No,3,Intersection-Related ,1,On Roadway,,,3,State Highway,2,Urban,0,No,0,No Special Jurisdiction,New York,360427,36,SR-27 SUNRISE HWY,S MAIN ST,2,Four-Way Intersection,1,1,1,1,Clear,0,No Additional Atmospheric Conditions,Clear,0,None,2017
7,7:00am-7:59am,27,27,0,None,0,None,0,None,4600,OYSTER BAY,59,NASSAU (59),2012,11,2,Monday,0,1,,,42,Tree (Standing Only),8,8:00am-8:59am,1,1,7,7:00am-7:59am,40.70571667,40.70571667,1,Daylight,-73.460383330,-73.460383330,0,Not a Collision with Motor Vehicle In-Transport,0,None,20,20,6,June,1,This section IS ON the NHS,7,7:00am-7:59am,20,20,0,1,0,1,0,,0000000,Not Applicable,,,1,Yes,18,Through Roadway,4,On Roadside,2,Rural-Principal Arterial-Other,3,State Highway,,,0,No,0,No Special Jurisdiction,New York,360428,36,SR-908M,,1,Not an Intersection,1,1,10,10,Cloudy,0,No Additional Atmospheric Conditions,Cloudy,0,None,2012
22,10:00pm-10:59pm,10,10,0,None,0,None,0,None,2600,HEMPSTEAD,59,NASSAU (59),2017,16,1,Sunday,0,1,3,Principal Arterial - Other,9,Pedalcyclist,22,10:00pm-10:59pm,22,22,22,10:00pm-10:59pm,40.71159722,40.71159722,3,Dark - Lighted,-73.610572220,-73.610572220,0,Not a Collision with Motor Vehicle In-Transport,0,None,1,1,7,July,1,This section IS ON the NHS,22,10:00pm-10:59pm,2,2,1,1,1,1,0,,0000000,Not Applicable,1,State Highway Agency,0,No,2,Intersection,1,On Roadway,,,3,State Highway,2,Urban,0,No,0,No Special Jurisdiction,New York,360429,36,SR-24,HENDRICKSON AVE,3,T-Intersection,1,1,1,1,Clear,0,No Additional Atmospheric Conditions,Clear,0,None,2017
23,11:00pm-11:59pm,10,10,0,None,0,None,0,None,2160,FREEPORT,59,NASSAU (59),2015,4,7,Saturday,0,1,3,Principal Arterial - Other,8,Pedestrian,23,11:00pm-11:59pm,25,25,23,11:00pm-11:59pm,40.65759444,40.65759444,3,Dark - Lighted,-73.571927780,-73.571927780,0,Not a Collision with Motor Vehicle In-Transport,0,None,3,3,7,July,0,This section IS NOT on the NHS,23,11:00pm-11:59pm,5,5,1,1,1,1,0,,0000000,Not Applicable,1,State Highway Agency,0,No,1,Non-Junction,1,On Roadway,,,3,State Highway,2,Urban,0,No,0,No Special Jurisdiction,New York,360430,36,SR-27,,1,Not an Intersection,1,1,1,1,Clear,0,No Additional Atmospheric Conditions,Clear,0,None,2015
99,Unknown EMS Scene Arrival Hour,99,Unknown EMS Scene Arrival Minutes,0,None,0,None,0,None,2600,HEMPSTEAD,59,NASSAU (59),2011,4,2,Monday,1,1,,,12,Motor Vehicle In-Transport ,99,Unknown,99,Unknown EMS Hospital Arrival Time,20,8:00pm-8:59pm,40.77270000,40.77270000,2,Dark - Not Lighted,-73.480769440,-73.480769440,7,Sideswipe - Same Direction,0,None,55,55,7,July,1,This section IS ON the NHS,99,Unknown,99,Unknown,0,2,0,2,0,,0000000,Not Applicable,,,0,No,1,Non-Junction,1,On Roadway,12,Urban-Principal Arterial-Other Freeways or Expressways,3,State Highway,,,0,No,0,No Special Jurisdiction,New York,360431,36,SR-135,,1,Not an Intersection,2,2,10,10,Cloudy,0,No Additional Atmospheric Conditions,Cloudy,0,None,2011
10,10:00am-10:59am,39,39,0,None,0,None,0,None,2160,FREEPORT,59,NASSAU (59),2015,11,7,Saturday,0,1,7,Local,14,Parked Motor Vehicle ,88,Not Applicable (Not Transported) ,88,Not Applicable (Not Transported),10,10:00am-10:59am,40.65798056,40.65798056,1,Daylight,-73.584058330,-73.584058330,0,Not a Collision with Motor Vehicle In-Transport,0,None,36,36,7,July,0,This section IS NOT on the NHS,10,10:00am-10:59am,36,36,0,1,0,1,1,,0000000,Not Applicable,4,City or Municipal Highway Agency,0,No,1,Non-Junction,1,On Roadway,,,6,Local Street - Municipality,2,Urban,0,No,0,No Special Jurisdiction,New York,360432,36,NORTH MAIN ST,,1,Not an Intersection,1,2,10,10,Cloudy,0,No Additional Atmospheric Conditions,Cloudy,0,None,2015
1,1:00am-1:59am,56,56,0,None,0,None,0,None,2600,HEMPSTEAD,59,NASSAU (59),2015,10,6,Friday,0,1,3,Principal Arterial - Other,12,Motor Vehicle In-Transport ,2,2:00am-2:59am,31,31,1,1:00am-1:59am,40.70379444,40.70379444,3,Dark - Lighted,-73.635863890,-73.635863890,8,Sideswipe - Opposite Direction,0,None,48,48,7,July,0,This section IS NOT on the NHS,1,1:00am-1:59am,52,52,0,5,0,5,0,,0000000,Not Applicable,1,State Highway Agency,0,No,2,Intersection,1,On Roadway,,,3,State Highway,2,Urban,0,No,0,No Special Jurisdiction,New York,360433,36,SR-102,W ORCHARD ST,3,T-Intersection,2,2,1,1,Clear,0,No Additional Atmospheric Conditions,Clear,0,None,2015
0,0:00am-0:59am,17,17,0,None,0,None,0,None,2600,HEMPSTEAD,59,NASSAU (59),2012,12,3,Tuesday,0,1,,,42,Tree (Standing Only),0,0:00am-0:59am,40,40,0,0:00am-0:59am,40.69023611,40.69023611,3,Dark - Lighted,-73.633525000,-73.633525000,0,Not a Collision with Motor Vehicle In-Transport,0,None,8,8,6,June,0,This section IS NOT on the NHS,0,0:00am-0:59am,8,8,0,1,0,1,0,,0000000,Not Applicable,,,1,Yes,5,Entrance/Exit Ramp Related,4,On Roadside,12,Urban-Principal Arterial-Other Freeways or Expressways,3,State Highway,,,0,No,0,No Special Jurisdiction,New York,360433,36,SR-908M,PENINSULA BLVD,1,Not an Intersection,1,1,10,10,Cloudy,0,No Additional Atmospheric Conditions,Cloudy,0,None,2012
20,8:00pm-8:59pm,53,53,0,None,0,None,0,None,2600,HEMPSTEAD,59,NASSAU (59),2015,18,7,Saturday,0,1,7,Local,9,Pedalcyclist,21,9:00pm-9:59pm,3,3,20,8:00pm-8:59pm,40.70941111,40.70941111,3,Dark - Lighted,-73.607083330,-73.607083330,0,Not a Collision with Motor Vehicle In-Transport,0,None,49,49,7,July,0,This section IS NOT on the NHS,20,8:00pm-8:59pm,49,49,1,1,1,1,0,,0000000,Not Applicable,4,City or Municipal Highway Agency,0,No,2,Intersection,1,On Roadway,,,6,Local Street - Municipality,2,Urban,0,No,0,No Special Jurisdiction,New York,360436,36,FRONT ST,CAMERON AVE,3,T-Intersection,1,1,1,1,Clear,0,No Additional Atmospheric Conditions,Clear,0,None,2015
23,11:00pm-11:59pm,42,42,0,None,0,None,0,None,2600,HEMPSTEAD,59,NASSAU (59),2015,20,2,Monday,0,1,3,Principal Arterial - Other,12,Motor Vehicle In-Transport ,0,0:00am-0:59am,1,1,23,11:00pm-11:59pm,40.72452222,40.72452222,3,Dark - Lighted,-73.561463890,-73.561463890,1,Front-to-Rear ,0,None,41,41,7,July,1,This section IS ON the NHS,23,11:00pm-11:59pm,42,42,0,2,0,2,0,,0000000,Not Applicable,1,State Highway Agency,0,No,2,Intersection,1,On Roadway,,,3,State Highway,2,Urban,0,No,0,No Special Jurisdiction,New York,360439,36,SR-24 HEMPSTEAD TURNPIKE,CONTI SQUARE BLVD,3,T-Intersection,2,2,1,1,Clear,0,No Additional Atmospheric Conditions,Clear,0,None,2015
14,2:00pm-2:59pm,14,14,0,None,0,None,0,None,2600,HEMPSTEAD,59,NASSAU (59),2011,7,5,Thursday,0,1,,,12,Motor Vehicle In-Transport ,14,2:00pm-2:59pm,35,35,14,2:00pm-2:59pm,40.63785278,40.63785278,1,Daylight,-73.717633330,-73.717633330,6,Angle ,0,None,12,12,7,July,0,This section IS NOT on the NHS,14,2:00pm-2:59pm,12,12,0,2,0,2,0,,0000000,Not Applicable,,,0,No,2,Intersection,1,On Roadway,13,Urban-Other Principal Arterial,5,Local Street - Township,,,0,No,0,No Special Jurisdiction,New York,360439,36,PENINSULA BLVD,WOODMERE BLVD,4,Y-Intersection,2,2,10,10,Cloudy,0,No Additional Atmospheric Conditions,Cloudy,0,None,2011