ARR_HOUR,ARR_HOURNAME,ARR_MIN,ARR_MINNAME,CF1,CF1NAME,CF2,CF2NAME,CF3,CF3NAME,CITY,CITYNAME,COUNTY,COUNTYNAME,CaseYear,DAY,DAY_WEEK,DAY_WEEKNAME,DRUNK_DR,FATALS,FUNC_SYS,FUNC_SYSNAME,HARM_EV,HARM_EVNAME,HOSP_HR,HOSP_HRNAME,HOSP_MN,HOSP_MNNAME,HOUR,HOURNAME,LATITUDE,LATITUDENAME,LGT_COND,LGT_CONDNAME,LONGITUD,LONGITUDNAME,MAN_COLL,MAN_COLLNAME,MILEPT,MILEPTNAME,MINUTE,MINUTENAME,MONTH,MonthName,NHS,NHSNAME,NOT_HOUR,NOT_HOURNAME,NOT_MIN,NOT_MINNAME,PEDS,PERMVIT,PERNOTMVIT,PERSONS,PVH_INVL,ParkWorks,RAIL,RAILNAME,RD_OWNER,RD_OWNERNAME,RELJCT1,RELJCT1NAME,RELJCT2,RELJCT2NAME,REL_ROAD,REL_ROADNAME,ROAD_FNC,ROAD_FNCNAME,ROUTE,ROUTENAME,RUR_URB,RUR_URBNAME,SCH_BUS,SCH_BUSNAME,SP_JUR,SP_JURNAME,STATENAME,ST_CASE,State,TWAY_ID,TWAY_ID2,TYP_INT,TYP_INTNAME,VE_FORMS,VE_TOTAL,WEATHER,WEATHER1,WEATHER1NAME,WEATHER2,WEATHER2NAME,WEATHERNAME,WRK_ZONE,WRK_ZONENAME,YEAR
99,Unknown EMS Scene Arrival Hour,99,Unknown EMS Scene Arrival Minutes,0,None,0,None,0,None,6250,VALLEY STREAM,59,NASSAU (59),2018,21,2,Monday,0,1,3,Principal Arterial - Other,8,Pedestrian,88,Not Applicable (Not Transported) ,88,Not Applicable (Not Transported),22,10:00pm-10:59pm,40.66430556,40.66430556,2,Dark - Not Lighted,-73.716344440,-73.716344440,0,Not a Collision with Motor Vehicle In-Transport,0,None,12,12,5,May,1,This section IS ON the NHS,99,Unknown,99,Unknown,1,3,1,3,0,,0000000,Not Applicable,1,State Highway Agency,0,No,3,Intersection-Related ,1,On Roadway,,,3,State Highway,2,Urban,0,No,0,No Special Jurisdiction,New York,360602,36,SR-27 SUNRISE HWY,SATTERIE AVE,2,Four-Way Intersection,1,1,1,1,Clear,0,No Additional Atmospheric Conditions,Clear,0,None,2018
99,Unknown EMS Scene Arrival Hour,99,Unknown EMS Scene Arrival Minutes,0,None,0,None,0,None,4090,NEW HYDE PARK,59,NASSAU (59),2016,25,2,Monday,1,1,3,Principal Arterial - Other,12,Motor Vehicle In-Transport ,99,Unknown,99,Unknown EMS Hospital Arrival Time,22,10:00pm-10:59pm,40.77941944,40.77941944,3,Dark - Lighted,-73.625608330,-73.625608330,1,Front-to-Rear ,0,None,15,15,7,July,1,This section IS ON the NHS,22,10:00pm-10:59pm,15,15,0,2,0,2,0,,0000000,Not Applicable,1,State Highway Agency,0,No,1,Non-Junction,1,On Roadway,,,3,State Highway,1,Rural,0,No,0,No Special Jurisdiction,New York,360606,36,SR-908G,,1,Not an Intersection,2,2,10,10,Cloudy,0,No Additional Atmospheric Conditions,Cloudy,0,None,2016
9,9:00am-9:59am,40,40,0,None,0,None,0,None,3600,MATINECOCK,59,NASSAU (59),2014,12,6,Friday,0,1,,,12,Motor Vehicle In-Transport ,10,10:00am-10:59am,20,20,9,9:00am-9:59am,40.86597778,40.86597778,1,Daylight,-73.593766670,-73.593766670,6,Angle ,0,None,40,40,9,September,0,This section IS NOT on the NHS,9,9:00am-9:59am,40,40,0,3,0,3,0,,0000000,Not Applicable,,,0,No,2,Intersection,1,On Roadway,6,Rural-Local Road or Street,5,Local Street - Township,,,0,No,0,No Special Jurisdiction,New York,360610,36,DUCK POND RD,PIPING ROCK RD,2,Four-Way Intersection,2,2,1,1,Clear,0,No Additional Atmospheric Conditions,Clear,0,None,2014
17,5:00pm-5:59pm,32,32,0,None,0,None,0,None,6020,SYOSSET,59,NASSAU (59),2018,15,7,Saturday,0,1,4,Minor Arterial,12,Motor Vehicle In-Transport ,17,5:00pm-5:59pm,53,53,17,5:00pm-5:59pm,40.81539722,40.81539722,1,Daylight,-73.533736110,-73.533736110,6,Angle ,0,None,24,24,9,September,0,This section IS NOT on the NHS,17,5:00pm-5:59pm,24,24,0,2,0,2,0,,0000000,Not Applicable,1,State Highway Agency,0,No,2,Intersection,1,On Roadway,,,3,State Highway,1,Rural,0,No,0,No Special Jurisdiction,New York,360611,36,SR-106,FRANCES DR,2,Four-Way Intersection,2,2,1,1,Clear,0,No Additional Atmospheric Conditions,Clear,0,None,2018
99,Unknown EMS Scene Arrival Hour,99,Unknown EMS Scene Arrival Minutes,0,None,0,None,0,None,2600,HEMPSTEAD,59,NASSAU (59),2010,11,4,Wednesday,0,1,,,30,Utility Pole/Light Support,99,Unknown,99,Unknown EMS Hospital Arrival Time,18,6:00pm-6:59pm,40.68719444,40.68719444,5,Dusk,-73.715880560,-73.715880560,0,Not a Collision with Motor Vehicle In-Transport,0,None,2,2,8,August,0,This section IS NOT on the NHS,99,Unknown,99,Unknown,0,,,1,,,0000000,Not Applicable,,,1,Yes,3,Intersection-Related ,4,On Roadside,16,Urban-Local Road or Street,5,Local Street - Township,,,0,No,0,No Special Jurisdiction,New York,360612,36,LINDEN BLVD,GREENWAY BLVD,2,Four-Way Intersection,1,1,1,1,Clear,0,No Additional Atmospheric Conditions,Clear,0,None,2010
13,1:00pm-1:59pm,20,20,0,None,0,None,0,None,2600,HEMPSTEAD,59,NASSAU (59),2016,8,5,Thursday,0,1,7,Local,5,Fell/Jumped from Vehicle,88,Not Applicable (Not Transported) ,88,Not Applicable (Not Transported),13,1:00pm-1:59pm,40.70941111,40.70941111,1,Daylight,-73.609363890,-73.609363890,0,Not a Collision with Motor Vehicle In-Transport,0,None,16,16,9,September,0,This section IS NOT on the NHS,13,1:00pm-1:59pm,16,16,0,2,0,2,0,,0000000,Not Applicable,4,City or Municipal Highway Agency,0,No,3,Intersection-Related ,1,On Roadway,,,6,Local Street - Municipality,2,Urban,0,No,0,No Special Jurisdiction,New York,360613,36,FRONT ST,BURSTON ST,3,T-Intersection,2,2,1,1,Clear,0,No Additional Atmospheric Conditions,Clear,0,None,2016
21,9:00pm-9:59pm,0,0,0,None,0,None,0,None,2160,FREEPORT,59,NASSAU (59),2011,26,6,Friday,1,1,,,12,Motor Vehicle In-Transport ,21,9:00pm-9:59pm,20,20,20,8:00pm-8:59pm,40.65301667,40.65301667,3,Dark - Lighted,-73.587713890,-73.587713890,6,Angle ,0,None,55,55,8,August,0,This section IS NOT on the NHS,20,8:00pm-8:59pm,56,56,0,2,0,2,0,,0000000,Not Applicable,,,0,No,2,Intersection,1,On Roadway,14,Urban-Minor Arterial,5,Local Street - Township,,,0,No,0,No Special Jurisdiction,New York,360614,36,W MERRICK RD,S BERGEN PL,2,Four-Way Intersection,2,2,1,1,Clear,0,No Additional Atmospheric Conditions,Clear,0,None,2011
20,8:00pm-8:59pm,44,44,0,None,0,None,0,None,4090,NEW HYDE PARK,59,NASSAU (59),2019,23,3,Tuesday,0,1,2,Principal Arterial - Other Freeways and Expressways,25,Concrete Traffic Barrier,21,9:00pm-9:59pm,0,0,20,8:00pm-8:59pm,40.76261944,40.76261944,3,Dark - Lighted,-73.693186110,-73.693186110,0,The First Harmful Event was Not a Collision with a Motor Vehicle in Transport,0,None,44,44,4,April,1,This section IS ON the NHS,18,6:00pm-6:59pm,44,44,0,2,0,2,0,,0000000,Not Applicable,1,State Highway Agency,0,No,1,Non-Junction,3,On Median,,,3,State Highway,2,Urban,0,No,0,No Special Jurisdiction,New York,360625,36,SR-908G NORTHERN STATE PKWY,,1,Not an Intersection,1,1,1,1,Clear,0,No Additional Atmospheric Conditions,Clear,0,None,2019
14,2:00pm-2:59pm,11,11,0,None,0,None,0,None,2600,HEMPSTEAD,59,NASSAU (59),2019,28,1,Sunday,0,2,2,Principal Arterial - Other Freeways and Expressways,12,Motor Vehicle In-Transport ,19,7:00pm-7:59pm,0,0,13,1:00pm-1:59pm,40.74555833,40.74555833,1,Daylight,-73.612222220,-73.612222220,6,Angle ,0,None,58,58,7,July,1,This section IS ON the NHS,13,1:00pm-1:59pm,58,58,0,8,0,8,0,,0000000,Not Applicable,1,State Highway Agency,0,No,1,Non-Junction,1,On Roadway,,,3,State Highway,1,Rural,0,No,0,No Special Jurisdiction,New York,360627,36,SR-908E MEADOWBROOK STATE PKWY,,1,Not an Intersection,4,4,1,1,Clear,0,No Additional Atmospheric Conditions,Clear,0,None,2019
12,12:00pm-12:59pm,28,28,0,None,0,None,0,None,4610,OYSTER BAY COVE,59,NASSAU (59),2010,30,2,Monday,0,1,,,42,Tree (Standing Only),99,Unknown,99,Unknown EMS Hospital Arrival Time,12,12:00pm-12:59pm,40.86978056,40.86978056,1,Daylight,-73.521227780,-73.521227780,0,Not a Collision with Motor Vehicle In-Transport,0,None,24,24,8,August,0,This section IS NOT on the NHS,12,12:00pm-12:59pm,24,24,0,,,1,,,0000000,Not Applicable,,,0,No,1,Non-Junction,4,On Roadside,16,Urban-Local Road or Street,5,Local Street - Township,,,0,No,0,No Special Jurisdiction,New York,360628,36,BLAIR RD,,1,Not an Intersection,1,1,1,1,Clear,0,No Additional Atmospheric Conditions,Clear,0,None,2010
0,0:00am-0:59am,8,8,0,None,0,None,0,None,3800,MINEOLA,59,NASSAU (59),2019,2,4,Wednesday,0,1,4,Minor Arterial,9,Pedalcyclist,0,0:00am-0:59am,15,15,0,0:00am-0:59am,40.74742500,40.74742500,3,Dark - Lighted,-73.643452780,-73.643452780,0,The First Harmful Event was Not a Collision with a Motor Vehicle in Transport,99999,Unknown,2,2,10,October,0,This section IS NOT on the NHS,0,0:00am-0:59am,5,5,1,1,1,1,0,,0000000,Not Applicable,2,County Highway Agency,0,No,1,Non-Junction,1,On Roadway,,,4,County Road,1,Rural,0,No,0,No Special Jurisdiction,New York,360629,36,CR-D60,,1,Not an Intersection,1,1,1,1,Clear,0,No Additional Atmospheric Conditions,Clear,0,None,2019
99,Unknown EMS Scene Arrival Hour,99,Unknown EMS Scene Arrival Minutes,0,None,0,None,0,None,2600,HEMPSTEAD,59,NASSAU (59),2012,23,2,Monday,0,1,,,12,Motor Vehicle In-Transport ,99,Unknown,99,Unknown EMS Hospital Arrival Time,23,11:00pm-11:59pm,99.99990000,Unknown,3,Dark - Lighted,999.999900000,Unknown,6,Angle ,0,None,25,25,7,July,0,This section IS NOT on the NHS,99,Unknown,99,Unknown,0,5,0,5,0,,0000000,Not Applicable,,,0,No,1,Non-Junction,1,On Roadway,14,Urban-Minor Arterial,6,Local Street - Municipality,,,0,No,0,No Special Jurisdiction,New York,360631,36,MERRICK AVE,,1,Not an Intersection,2,2,10,10,Cloudy,0,No Additional Atmospheric Conditions,Cloudy,0,None,2012
12,12:00pm-12:59pm,4,4,0,None,0,None,0,None,2600,HEMPSTEAD,59,NASSAU (59),2018,6,7,Saturday,0,1,7,Local,12,Motor Vehicle In-Transport ,12,12:00pm-12:59pm,20,20,12,12:00pm-12:59pm,40.71506111,40.71506111,1,Daylight,-73.630036110,-73.630036110,6,Angle ,0,None,1,1,10,October,0,This section IS NOT on the NHS,12,12:00pm-12:59pm,1,1,0,3,0,3,0,,0000000,Not Applicable,3,Town or Township Highway Agency,0,No,2,Intersection,1,On Roadway,,,5,Local Street - Township,1,Rural,0,No,0,No Special Jurisdiction,New York,360633,36,N FRANKLIN ST,SMITH ST,3,T-Intersection,2,2,10,10,Cloudy,0,No Additional Atmospheric Conditions,Cloudy,0,None,2018
99,Unknown EMS Scene Arrival Hour,99,Unknown EMS Scene Arrival Minutes,0,None,0,None,0,None,4600,OYSTER BAY,59,NASSAU (59),2016,14,1,Sunday,0,1,3,Principal Arterial - Other,8,Pedestrian,99,Unknown,99,Unknown EMS Hospital Arrival Time,23,11:00pm-11:59pm,40.71015833,40.71015833,2,Dark - Not Lighted,-73.455355560,-73.455355560,0,Not a Collision with Motor Vehicle In-Transport,0,None,27,27,8,August,0,This section IS NOT on the NHS,99,Unknown,99,Unknown,1,1,1,1,0,,0000000,Not Applicable,1,State Highway Agency,0,No,1,Non-Junction,1,On Roadway,,,3,State Highway,1,Rural,0,No,0,No Special Jurisdiction,New York,360633,36,SR-907E BETHPAGE STATE PKWY,,1,Not an Intersection,1,1,10,10,Cloudy,0,No Additional Atmospheric Conditions,Cloudy,0,None,2016
21,9:00pm-9:59pm,10,10,0,None,0,None,0,None,2600,HEMPSTEAD,59,NASSAU (59),2017,25,2,Monday,0,1,7,Local,9,Pedalcyclist,99,Unknown,99,Unknown EMS Hospital Arrival Time,21,9:00pm-9:59pm,40.69276111,40.69276111,2,Dark - Not Lighted,-73.613558330,-73.613558330,0,Not a Collision with Motor Vehicle In-Transport,0,None,2,2,9,September,0,This section IS NOT on the NHS,21,9:00pm-9:59pm,3,3,1,1,1,1,0,,0000000,Not Applicable,3,Town or Township Highway Agency,0,No,2,Intersection,1,On Roadway,,,5,Local Street - Township,2,Urban,0,No,0,No Special Jurisdiction,New York,360634,36,BALDWIN RD,WINDSOR PKWY,2,Four-Way Intersection,1,1,1,1,Clear,0,No Additional Atmospheric Conditions,Clear,0,None,2017
99,Unknown EMS Scene Arrival Hour,99,Unknown EMS Scene Arrival Minutes,0,None,0,None,0,None,6375,WANTAGH,59,NASSAU (59),2014,23,4,Wednesday,0,1,,,8,Pedestrian,99,Unknown,99,Unknown EMS Hospital Arrival Time,10,10:00am-10:59am,40.69654444,40.69654444,1,Daylight,-73.492894440,-73.492894440,0,Not a Collision with Motor Vehicle In-Transport,0,None,18,18,7,July,0,This section IS NOT on the NHS,99,Unknown,99,Unknown,1,1,1,1,0,,0000000,Not Applicable,,,0,No,1,Non-Junction,1,On Roadway,16,Urban-Local Road or Street,6,Local Street - Municipality,,,0,No,0,No Special Jurisdiction,New York,360638,36,1150 SEAMANS NECK RD,,1,Not an Intersection,1,1,1,1,Clear,0,No Additional Atmospheric Conditions,Clear,0,None,2014
10,10:00am-10:59am,20,20,0,None,0,None,0,None,4090,NEW HYDE PARK,59,NASSAU (59),2017,5,5,Thursday,0,1,7,Local,9,Pedalcyclist,10,10:00am-10:59am,35,35,10,10:00am-10:59am,40.75047500,40.75047500,1,Daylight,-73.618219440,-73.618219440,0,Not a Collision with Motor Vehicle In-Transport,0,None,12,12,10,October,0,This section IS NOT on the NHS,10,10:00am-10:59am,12,12,1,1,1,1,0,,0000000,Not Applicable,3,Town or Township Highway Agency,0,No,2,Intersection,1,On Roadway,,,5,Local Street - Township,2,Urban,0,No,0,No Special Jurisdiction,New York,360642,36,GLEN COVE RD,DOW AVE,3,T-Intersection,1,1,1,1,Clear,0,No Additional Atmospheric Conditions,Clear,0,None,2017
99,Unknown EMS Scene Arrival Hour,99,Unknown EMS Scene Arrival Minutes,0,None,0,None,0,None,2600,HEMPSTEAD,59,NASSAU (59),2019,17,5,Thursday,0,1,7,Local,8,Pedestrian,99,Unknown,99,Unknown EMS Hospital Arrival Time,23,11:00pm-11:59pm,40.70967500,40.70967500,3,Dark - Lighted,-73.627766670,-73.627766670,0,The First Harmful Event was Not a Collision with a Motor Vehicle in Transport,0,None,13,13,1,January,0,This section IS NOT on the NHS,99,Unknown,99,Unknown,1,1,1,1,0,,0000000,Not Applicable,3,Town or Township Highway Agency,0,No,3,Intersection-Related ,1,On Roadway,,,5,Local Street - Township,2,Urban,0,No,0,No Special Jurisdiction,New York,360643,36,N FRANKLIN ST,JACKSON ST,2,Four-Way Intersection,1,1,10,10,Cloudy,0,No Additional Atmospheric Conditions,Cloudy,0,None,2019
4,4:00am-4:59am,12,12,0,None,0,None,0,None,6720,WILLISTON PARK,59,NASSAU (59),2012,12,1,Sunday,0,1,,,8,Pedestrian,88,Not Applicable (Not Transported) ,88,Not Applicable (Not Transported),4,4:00am-4:59am,40.76433889,40.76433889,3,Dark - Lighted,-73.642888890,-73.642888890,0,Not a Collision with Motor Vehicle In-Transport,0,None,0,0,8,August,0,This section IS NOT on the NHS,99,Unknown,99,Unknown,1,1,1,1,0,,0000000,Not Applicable,,,0,No,1,Non-Junction,1,On Roadway,16,Urban-Local Road or Street,5,Local Street - Township,,,0,No,0,No Special Jurisdiction,New York,360645,36,BROAD ST,,1,Not an Intersection,1,1,10,10,Cloudy,0,No Additional Atmospheric Conditions,Cloudy,0,None,2012
23,11:00pm-11:59pm,45,45,0,None,0,None,0,None,2600,HEMPSTEAD,59,NASSAU (59),2017,6,6,Friday,0,1,3,Principal Arterial - Other,12,Motor Vehicle In-Transport ,23,11:00pm-11:59pm,50,50,23,11:00pm-11:59pm,99.99990000,Unknown,3,Dark - Lighted,999.999900000,Unknown,7,Sideswipe - Same Direction,0,None,37,37,10,October,1,This section IS ON the NHS,23,11:00pm-11:59pm,39,39,0,3,0,3,0,,0000000,Not Applicable,1,State Highway Agency,0,No,1,Non-Junction,1,On Roadway,,,3,State Highway,2,Urban,0,No,0,No Special Jurisdiction,New York,360645,36,SR-908M,,1,Not an Intersection,2,2,10,10,Cloudy,0,No Additional Atmospheric Conditions,Cloudy,0,None,2017
9,9:00am-9:59am,4,4,0,None,0,None,0,None,4600,OYSTER BAY,59,NASSAU (59),2019,9,4,Wednesday,0,1,2,Principal Arterial - Other Freeways and Expressways,21,Bridge Pier or Support,9,9:00am-9:59am,36,36,8,8:00am-8:59am,40.79573056,40.79573056,1,Daylight,-73.479930560,-73.479930560,0,The First Harmful Event was Not a Collision with a Motor Vehicle in Transport,99999,Unknown,53,53,10,October,1,This section IS ON the NHS,8,8:00am-8:59am,54,54,0,1,0,1,0,,0000000,Not Applicable,1,State Highway Agency,0,No,1,Non-Junction,4,On Roadside,,,3,State Highway,2,Urban,0,No,0,No Special Jurisdiction,New York,360647,36,SR-908G,,1,Not an Intersection,1,1,2,2,Rain,0,No Additional Atmospheric Conditions,Rain,0,None,2019
20,8:00pm-8:59pm,13,13,0,None,0,None,0,None,3565,MASSAPEQUA,59,NASSAU (59),2015,13,1,Sunday,0,1,3,Principal Arterial - Other,8,Pedestrian,88,Not Applicable (Not Transported) ,88,Not Applicable (Not Transported),20,8:00pm-8:59pm,40.68431944,40.68431944,3,Dark - Lighted,-73.428247220,-73.428247220,0,Not a Collision with Motor Vehicle In-Transport,0,None,0,0,9,September,0,This section IS NOT on the NHS,20,8:00pm-8:59pm,5,5,1,2,1,2,0,,0000000,Not Applicable,1,State Highway Agency,0,No,1,Non-Junction,1,On Roadway,,,3,State Highway,2,Urban,0,No,0,No Special Jurisdiction,New York,360652,36,SR-27,,1,Not an Intersection,1,1,10,10,Cloudy,0,No Additional Atmospheric Conditions,Cloudy,0,None,2015
4,4:00am-4:59am,54,54,0,None,0,None,0,None,4090,NEW HYDE PARK,59,NASSAU (59),2016,1,7,Saturday,0,1,7,Local,30,Utility Pole/Light Support,99,Unknown,99,Unknown EMS Hospital Arrival Time,4,4:00am-4:59am,40.75722222,40.75722222,3,Dark - Lighted,-73.582136110,-73.582136110,0,Not a Collision with Motor Vehicle In-Transport,0,None,45,45,10,October,0,This section IS NOT on the NHS,4,4:00am-4:59am,50,50,0,4,0,4,0,,0000000,Not Applicable,3,Town or Township Highway Agency,0,No,3,Intersection-Related ,4,On Roadside,,,5,Local Street - Township,2,Urban,0,No,0,No Special Jurisdiction,New York,360652,36,SCHOOL ST,MADISON ST,2,Four-Way Intersection,1,1,1,1,Clear,0,No Additional Atmospheric Conditions,Clear,0,None,2016
20,8:00pm-8:59pm,30,30,0,None,0,None,0,None,2160,FREEPORT,59,NASSAU (59),2011,2,6,Friday,1,1,,,12,Motor Vehicle In-Transport ,99,Unknown,99,Unknown EMS Hospital Arrival Time,20,8:00pm-8:59pm,40.67009167,40.67009167,3,Dark - Lighted,-73.588013890,-73.588013890,6,Angle ,0,None,28,28,9,September,0,This section IS NOT on the NHS,20,8:00pm-8:59pm,28,28,0,3,0,3,0,,0000000,Not Applicable,,,0,No,2,Intersection,1,On Roadway,16,Urban-Local Road or Street,6,Local Street - Municipality,,,0,No,0,No Special Jurisdiction,New York,360653,36,N MAIN ST,WOODSIDE AVE,3,T-Intersection,2,2,1,1,Clear,0,No Additional Atmospheric Conditions,Clear,0,None,2011
16,4:00pm-4:59pm,40,40,0,None,0,None,0,None,2600,HEMPSTEAD,59,NASSAU (59),2014,12,7,Saturday,0,1,,,12,Motor Vehicle In-Transport ,99,Unknown,99,Unknown EMS Hospital Arrival Time,16,4:00pm-4:59pm,40.68320833,40.68320833,1,Daylight,-73.657933330,-73.657933330,1,Front-to-Rear ,0,None,33,33,7,July,1,This section IS ON the NHS,16,4:00pm-4:59pm,33,33,0,3,0,3,0,,0000000,Not Applicable,,,0,No,1,Non-Junction,1,On Roadway,12,Urban-Principal Arterial-Other Freeways or Expressways,3,State Highway,,,0,No,0,No Special Jurisdiction,New York,360653,36,SR-908M SOUTHERN STATE PKWY,,1,Not an Intersection,2,2,1,1,Clear,0,No Additional Atmospheric Conditions,Clear,0,None,2014
99,Unknown EMS Scene Arrival Hour,99,Unknown EMS Scene Arrival Minutes,0,None,0,None,0,None,5612,SEAFORD,59,NASSAU (59),2017,13,3,Tuesday,0,1,6,Minor Collector,30,Utility Pole/Light Support,99,Unknown,99,Unknown EMS Hospital Arrival Time,15,3:00pm-3:59pm,40.69115000,40.69115000,1,Daylight,-73.495602780,-73.495602780,0,Not a Collision with Motor Vehicle In-Transport,0,None,3,3,6,June,0,This section IS NOT on the NHS,99,Unknown,99,Unknown,0,1,0,1,0,,0000000,Not Applicable,3,Town or Township Highway Agency,0,No,1,Non-Junction,4,On Roadside,,,5,Local Street - Township,2,Urban,0,No,0,No Special Jurisdiction,New York,360654,36,JERUSALEM AVE,,1,Not an Intersection,1,1,1,1,Clear,0,No Additional Atmospheric Conditions,Clear,0,None,2017
99,Unknown EMS Scene Arrival Hour,99,Unknown EMS Scene Arrival Minutes,0,None,0,None,0,None,2600,HEMPSTEAD,59,NASSAU (59),2015,12,7,Saturday,0,1,7,Local,8,Pedestrian,99,Unknown,99,Unknown EMS Hospital Arrival Time,0,0:00am-0:59am,40.71900278,40.71900278,3,Dark - Lighted,-73.620713890,-73.620713890,0,Not a Collision with Motor Vehicle In-Transport,0,None,49,49,9,September,0,This section IS NOT on the NHS,99,Unknown,99,Unknown,1,1,1,1,0,,0000000,Not Applicable,3,Town or Township Highway Agency,0,No,3,Intersection-Related ,1,On Roadway,,,5,Local Street - Township,2,Urban,0,No,0,No Special Jurisdiction,New York,360654,36,CLINTON ST,WELLINGTON ST,2,Four-Way Intersection,1,1,1,1,Clear,0,No Additional Atmospheric Conditions,Clear,0,None,2015
6,6:00am-6:59am,0,0,0,None,0,None,0,None,5250,ROCKVILLE CENTRE,59,NASSAU (59),2013,15,1,Sunday,1,1,,,18,Other Object (not fixed),99,Unknown,99,Unknown EMS Hospital Arrival Time,5,5:00am-5:59am,40.66183889,40.66183889,3,Dark - Lighted,-73.650027780,-73.650027780,0,Not a Collision with Motor Vehicle In-Transport,0,None,50,50,9,September,0,This section IS NOT on the NHS,5,5:00am-5:59am,52,52,0,2,0,2,0,,0000000,Not Applicable,,,0,No,1,Non-Junction,7,In Parking Lane/Zone,16,Urban-Local Road or Street,5,Local Street - Township,,,0,No,0,No Special Jurisdiction,New York,360654,36,N CENTRE AVE,,1,Not an Intersection,1,1,1,1,Clear,0,No Additional Atmospheric Conditions,Clear,0,None,2013
99,Unknown EMS Scene Arrival Hour,99,Unknown EMS Scene Arrival Minutes,0,None,0,None,0,None,2600,HEMPSTEAD,59,NASSAU (59),2016,23,6,Friday,0,1,7,Local,8,Pedestrian,99,Unknown,99,Unknown EMS Hospital Arrival Time,21,9:00pm-9:59pm,40.70278889,40.70278889,1,Daylight,-73.616294440,-73.616294440,0,Not a Collision with Motor Vehicle In-Transport,0,None,21,21,9,September,0,This section IS NOT on the NHS,99,Unknown,99,Unknown,1,2,1,2,0,,0000000,Not Applicable,3,Town or Township Highway Agency,0,No,3,Intersection-Related ,1,On Roadway,,,5,Local Street - Township,2,Urban,0,No,0,No Special Jurisdiction,New York,360654,36,HENRY ST,THORNE AVE,3,T-Intersection,1,1,1,1,Clear,0,No Additional Atmospheric Conditions,Clear,0,None,2016
99,Unknown EMS Scene Arrival Hour,99,Unknown EMS Scene Arrival Minutes,0,None,0,None,0,None,2600,HEMPSTEAD,59,NASSAU (59),2016,4,1,Sunday,0,1,7,Local,9,Pedalcyclist,99,Unknown,99,Unknown EMS Hospital Arrival Time,16,4:00pm-4:59pm,40.64942222,40.64942222,1,Daylight,-73.629741670,-73.629741670,0,Not a Collision with Motor Vehicle In-Transport,0,None,34,34,9,September,0,This section IS NOT on the NHS,99,Unknown,99,Unknown,1,1,1,1,0,,0000000,Not Applicable,3,Town or Township Highway Agency,0,No,2,Intersection,1,On Roadway,,,5,Local Street - Township,1,Rural,0,No,0,No Special Jurisdiction,New York,360656,36,NASSAU PKWAY,WASHINGTON AVE,3,T-Intersection,1,1,1,1,Clear,0,No Additional Atmospheric Conditions,Clear,0,None,2016
0,0:00am-0:59am,32,32,0,None,0,None,0,None,4600,OYSTER BAY,59,NASSAU (59),2013,19,5,Thursday,0,1,,,8,Pedestrian,0,0:00am-0:59am,48,48,0,0:00am-0:59am,40.76044722,40.76044722,3,Dark - Lighted,-73.454319440,-73.454319440,0,Not a Collision with Motor Vehicle In-Transport,0,None,20,20,9,September,0,This section IS NOT on the NHS,0,0:00am-0:59am,27,27,1,1,1,1,0,,0000000,Not Applicable,,,0,No,1,Non-Junction,1,On Roadway,6,Rural-Local Road or Street,5,Local Street - Township,,,0,No,0,No Special Jurisdiction,New York,360656,36,ROUND SWAMP RD,,1,Not an Intersection,1,1,1,1,Clear,0,No Additional Atmospheric Conditions,Clear,0,None,2013
99,Unknown EMS Scene Arrival Hour,99,Unknown EMS Scene Arrival Minutes,0,None,0,None,0,None,2600,HEMPSTEAD,59,NASSAU (59),2014,30,3,Tuesday,0,1,,,9,Pedalcyclist,99,Unknown,99,Unknown EMS Hospital Arrival Time,5,5:00am-5:59am,40.68805833,40.68805833,3,Dark - Lighted,-73.590127780,-73.590127780,0,Not a Collision with Motor Vehicle In-Transport,0,None,50,50,9,September,0,This section IS NOT on the NHS,99,Unknown,99,Unknown,1,2,1,2,0,,0000000,Not Applicable,,,0,No,2,Intersection,1,On Roadway,16,Urban-Local Road or Street,5,Local Street - Township,,,0,No,0,No Special Jurisdiction,New York,360656,36,PARK AVE,HOWARD AVE,2,Four-Way Intersection,1,1,1,1,Clear,0,No Additional Atmospheric Conditions,Clear,0,None,2014
99,Unknown EMS Scene Arrival Hour,99,Unknown EMS Scene Arrival Minutes,0,None,0,None,0,None,3800,MINEOLA,59,NASSAU (59),2017,8,4,Wednesday,0,1,6,Minor Collector,12,Motor Vehicle In-Transport ,99,Unknown,99,Unknown EMS Hospital Arrival Time,6,6:00am-6:59am,40.74282778,40.74282778,1,Daylight,-73.656172220,-73.656172220,2,Front-to-Front,0,None,0,0,2,February,0,This section IS NOT on the NHS,99,Unknown,99,Unknown,0,3,0,3,0,,0000000,Not Applicable,4,City or Municipal Highway Agency,0,No,1,Non-Junction,1,On Roadway,,,6,Local Street - Municipality,2,Urban,0,No,0,No Special Jurisdiction,New York,360657,36,HERRICKS RD,,1,Not an Intersection,3,3,10,10,Cloudy,0,No Additional Atmospheric Conditions,Cloudy,0,None,2017