ARR_HOUR,ARR_HOURNAME,ARR_MIN,ARR_MINNAME,CF1,CF1NAME,CF2,CF2NAME,CF3,CF3NAME,CITY,CITYNAME,COUNTY,COUNTYNAME,CaseYear,DAY,DAY_WEEK,DAY_WEEKNAME,DRUNK_DR,FATALS,FUNC_SYS,FUNC_SYSNAME,HARM_EV,HARM_EVNAME,HOSP_HR,HOSP_HRNAME,HOSP_MN,HOSP_MNNAME,HOUR,HOURNAME,LATITUDE,LATITUDENAME,LGT_COND,LGT_CONDNAME,LONGITUD,LONGITUDNAME,MAN_COLL,MAN_COLLNAME,MILEPT,MILEPTNAME,MINUTE,MINUTENAME,MONTH,MonthName,NHS,NHSNAME,NOT_HOUR,NOT_HOURNAME,NOT_MIN,NOT_MINNAME,PEDS,PERMVIT,PERNOTMVIT,PERSONS,PVH_INVL,ParkWorks,RAIL,RAILNAME,RD_OWNER,RD_OWNERNAME,RELJCT1,RELJCT1NAME,RELJCT2,RELJCT2NAME,REL_ROAD,REL_ROADNAME,ROAD_FNC,ROAD_FNCNAME,ROUTE,ROUTENAME,RUR_URB,RUR_URBNAME,SCH_BUS,SCH_BUSNAME,SP_JUR,SP_JURNAME,STATENAME,ST_CASE,State,TWAY_ID,TWAY_ID2,TYP_INT,TYP_INTNAME,VE_FORMS,VE_TOTAL,WEATHER,WEATHER1,WEATHER1NAME,WEATHER2,WEATHER2NAME,WEATHERNAME,WRK_ZONE,WRK_ZONENAME,YEAR
18,6:00pm-6:59pm,35,35,0,None,0,None,0,None,2280,GLEN COVE,59,NASSAU (59),2017,16,2,Monday,0,1,7,Local,12,Motor Vehicle In-Transport ,99,Unknown,99,Unknown EMS Hospital Arrival Time,18,6:00pm-6:59pm,40.85212500,40.85212500,5,Dusk,-73.621377780,-73.621377780,6,Angle ,0,None,31,31,10,October,0,This section IS NOT on the NHS,18,6:00pm-6:59pm,31,31,0,2,0,2,0,,0000000,Not Applicable,4,City or Municipal Highway Agency,0,No,8,Driveway Access Related,1,On Roadway,,,6,Local Street - Municipality,2,Urban,0,No,0,No Special Jurisdiction,New York,360703,36,SEA CLIFF AVE,,1,Not an Intersection,2,2,1,1,Clear,0,No Additional Atmospheric Conditions,Clear,0,None,2017
7,7:00am-7:59am,22,22,0,None,0,None,0,None,4600,OYSTER BAY,59,NASSAU (59),2013,23,2,Monday,0,1,,,8,Pedestrian,7,7:00am-7:59am,40,40,7,7:00am-7:59am,40.87223889,40.87223889,1,Daylight,-73.532641670,-73.532641670,0,Not a Collision with Motor Vehicle In-Transport,0,None,13,13,9,September,0,This section IS NOT on the NHS,7,7:00am-7:59am,19,19,1,1,1,1,1,,0000000,Not Applicable,,,0,No,1,Non-Junction,1,On Roadway,16,Urban-Local Road or Street,6,Local Street - Municipality,,,0,No,0,No Special Jurisdiction,New York,360703,36,W MAIN ST,,1,Not an Intersection,1,2,1,1,Clear,0,No Additional Atmospheric Conditions,Clear,0,None,2013
23,11:00pm-11:59pm,12,12,23,Indication of a Stalled/Disabled Vehicle,0,None,0,None,2600,HEMPSTEAD,59,NASSAU (59),2016,14,3,Tuesday,0,2,2,Principal Arterial - Other Freeways and Expressways,12,Motor Vehicle In-Transport ,99,Unknown,99,Unknown EMS Hospital Arrival Time,23,11:00pm-11:59pm,40.71416111,40.71416111,3,Dark - Lighted,-73.530286110,-73.530286110,1,Front-to-Rear ,0,None,0,0,6,June,1,This section IS ON the NHS,23,11:00pm-11:59pm,6,6,3,7,3,7,0,,0000000,Not Applicable,1,State Highway Agency,0,No,1,Non-Junction,1,On Roadway,,,3,State Highway,2,Urban,0,No,0,No Special Jurisdiction,New York,360703,36,SR-908T WANTAGH STATE PKWY,,1,Not an Intersection,4,4,1,1,Clear,0,No Additional Atmospheric Conditions,Clear,0,None,2016
99,Unknown EMS Scene Arrival Hour,99,Unknown EMS Scene Arrival Minutes,0,None,0,None,0,None,3360,LONG BEACH,59,NASSAU (59),2012,4,3,Tuesday,0,1,,,8,Pedestrian,99,Unknown,99,Unknown EMS Hospital Arrival Time,13,1:00pm-1:59pm,40.58884444,40.58884444,1,Daylight,-73.645658330,-73.645658330,0,Not a Collision with Motor Vehicle In-Transport,0,None,6,6,9,September,0,This section IS NOT on the NHS,99,Unknown,99,Unknown,1,1,1,1,0,,0000000,Not Applicable,,,0,No,1,Non-Junction,1,On Roadway,14,Urban-Minor Arterial,6,Local Street - Municipality,,,0,No,0,No Special Jurisdiction,New York,360705,36,E PARK AVE,,1,Not an Intersection,1,1,10,10,Cloudy,0,No Additional Atmospheric Conditions,Cloudy,0,None,2012
7,7:00am-7:59am,9,9,0,None,0,None,0,None,2600,HEMPSTEAD,59,NASSAU (59),2013,28,7,Saturday,0,1,,,8,Pedestrian,7,7:00am-7:59am,13,13,7,7:00am-7:59am,40.69532778,40.69532778,1,Daylight,-73.628769440,-73.628769440,0,Not a Collision with Motor Vehicle In-Transport,0,None,2,2,9,September,0,This section IS NOT on the NHS,6,6:00am-6:59am,59,59,3,1,3,1,1,,0000000,Not Applicable,,,0,No,2,Intersection,1,On Roadway,16,Urban-Local Road or Street,5,Local Street - Township,,,0,No,0,No Special Jurisdiction,New York,360712,36,W GRAHAM AVE,SEEBURY ST,3,T-Intersection,1,2,1,1,Clear,0,No Additional Atmospheric Conditions,Clear,0,None,2013
8,8:00am-8:59am,54,54,0,None,0,None,0,None,2600,HEMPSTEAD,59,NASSAU (59),2015,1,5,Thursday,0,1,3,Principal Arterial - Other,42,Tree (Standing Only),88,Not Applicable (Not Transported) ,88,Not Applicable (Not Transported),8,8:00am-8:59am,99.99990000,Unknown,1,Daylight,999.999900000,Unknown,0,Not a Collision with Motor Vehicle In-Transport,0,None,47,47,10,October,1,This section IS ON the NHS,8,8:00am-8:59am,47,47,0,1,0,1,0,,0000000,Not Applicable,1,State Highway Agency,0,No,1,Non-Junction,4,On Roadside,,,3,State Highway,1,Rural,0,No,0,No Special Jurisdiction,New York,360715,36,SR-908T,,1,Not an Intersection,1,1,10,10,Cloudy,0,No Additional Atmospheric Conditions,Cloudy,0,None,2015
21,9:00pm-9:59pm,21,21,0,None,0,None,0,None,6174,UNIONDALE,59,NASSAU (59),2015,6,3,Tuesday,0,1,4,Minor Arterial,8,Pedestrian,21,9:00pm-9:59pm,38,38,21,9:00pm-9:59pm,40.72576111,40.72576111,3,Dark - Lighted,-73.592416670,-73.592416670,0,Not a Collision with Motor Vehicle In-Transport,0,None,18,18,10,October,0,This section IS NOT on the NHS,21,9:00pm-9:59pm,19,19,1,3,1,3,0,,0000000,Not Applicable,3,Town or Township Highway Agency,0,No,3,Intersection-Related ,1,On Roadway,,,5,Local Street - Township,2,Urban,0,No,0,No Special Jurisdiction,New York,360716,36,EARLE OVINGTON BLVD,CHARLES LINBERGH BLVD,2,Four-Way Intersection,1,1,1,1,Clear,0,No Additional Atmospheric Conditions,Clear,0,None,2015
2,2:00am-2:59am,11,11,0,None,0,None,0,None,2600,HEMPSTEAD,59,NASSAU (59),2010,30,2,Monday,1,1,,,8,Pedestrian,88,Not Applicable (Not Transported) ,88,Not Applicable (Not Transported),2,2:00am-2:59am,40.69135278,40.69135278,3,Dark - Lighted,-73.596027780,-73.596027780,0,Not a Collision with Motor Vehicle In-Transport,0,None,5,5,8,August,0,This section IS NOT on the NHS,2,2:00am-2:59am,8,8,1,,,1,,,0000000,Not Applicable,,,0,No,3,Intersection-Related ,1,On Roadway,14,Urban-Minor Arterial,5,Local Street - Township,,,0,No,0,No Special Jurisdiction,New York,360716,36,UNIONDALE AVE,COLERIDGE RD,2,Four-Way Intersection,1,1,1,1,Clear,0,No Additional Atmospheric Conditions,Clear,0,None,2010
15,3:00pm-3:59pm,59,59,0,None,0,None,0,None,4430,OLD BROOKVILLE,59,NASSAU (59),2015,7,4,Wednesday,0,1,7,Local,12,Motor Vehicle In-Transport ,16,4:00pm-4:59pm,30,30,15,3:00pm-3:59pm,40.83088889,40.83088889,1,Daylight,-73.621155560,-73.621155560,6,Angle ,0,None,56,56,10,October,0,This section IS NOT on the NHS,15,3:00pm-3:59pm,57,57,0,6,0,6,0,,0000000,Not Applicable,3,Town or Township Highway Agency,0,No,2,Intersection,1,On Roadway,,,5,Local Street - Township,2,Urban,0,No,0,No Special Jurisdiction,New York,360719,36,GLEN COVE RD,JAEGER DR,3,T-Intersection,2,2,1,1,Clear,0,No Additional Atmospheric Conditions,Clear,0,None,2015
13,1:00pm-1:59pm,45,45,0,None,0,None,0,None,2600,HEMPSTEAD,59,NASSAU (59),2010,5,1,Sunday,0,1,,,8,Pedestrian,14,2:00pm-2:59pm,4,4,13,1:00pm-1:59pm,40.67917222,40.67917222,1,Daylight,-73.589580560,-73.589580560,0,Not a Collision with Motor Vehicle In-Transport,0,None,40,40,9,September,0,This section IS NOT on the NHS,13,1:00pm-1:59pm,41,41,1,,,1,,,0000000,Not Applicable,,,0,No,3,Intersection-Related ,1,On Roadway,14,Urban-Minor Arterial,5,Local Street - Township,,,0,No,0,No Special Jurisdiction,New York,360723,36,NASSAU RD,WOODS AVE,3,T-Intersection,1,1,1,1,Clear,0,No Additional Atmospheric Conditions,Clear,0,None,2010
6,6:00am-6:59am,30,30,0,None,0,None,0,None,2600,HEMPSTEAD,59,NASSAU (59),2010,22,4,Wednesday,0,1,,,8,Pedestrian,6,6:00am-6:59am,41,41,6,6:00am-6:59am,40.67181667,40.67181667,4,Dawn,-73.510466670,-73.510466670,0,Not a Collision with Motor Vehicle In-Transport,0,None,20,20,9,September,1,This section IS ON the NHS,6,6:00am-6:59am,25,25,1,,,1,,,0000000,Not Applicable,,,0,No,3,Intersection-Related ,1,On Roadway,2,Rural-Principal Arterial-Other,3,State Highway,,,0,No,0,No Special Jurisdiction,New York,360724,36,SR-27,WANTAGH AVE,3,T-Intersection,1,1,1,1,Clear,0,No Additional Atmospheric Conditions,Clear,0,None,2010
12,12:00pm-12:59pm,0,0,0,None,0,None,0,None,2600,HEMPSTEAD,59,NASSAU (59),2013,29,1,Sunday,0,2,,,42,Tree (Standing Only),12,12:00pm-12:59pm,16,16,11,11:00am-11:59am,40.74702778,40.74702778,1,Daylight,-73.593530560,-73.593530560,0,Not a Collision with Motor Vehicle In-Transport,0,None,55,55,9,September,0,This section IS NOT on the NHS,11,11:00am-11:59am,55,55,0,3,0,3,0,,0000000,Not Applicable,,,0,No,1,Non-Junction,4,On Roadside,13,Urban-Other Principal Arterial,5,Local Street - Township,,,0,No,0,No Special Jurisdiction,New York,360724,36,OLD COUNTRY RD,,1,Not an Intersection,1,1,1,1,Clear,0,No Additional Atmospheric Conditions,Clear,0,None,2013
3,3:00am-3:59am,30,30,0,None,0,None,0,None,2600,HEMPSTEAD,59,NASSAU (59),2012,13,5,Thursday,0,1,,,42,Tree (Standing Only),88,Not Applicable (Not Transported) ,88,Not Applicable (Not Transported),3,3:00am-3:59am,40.68267500,40.68267500,3,Dark - Lighted,-73.689525000,-73.689525000,0,Not a Collision with Motor Vehicle In-Transport,0,None,8,8,9,September,1,This section IS ON the NHS,3,3:00am-3:59am,20,20,0,1,0,1,0,,0000000,Not Applicable,,,0,No,1,Non-Junction,4,On Roadside,2,Rural-Principal Arterial-Other,3,State Highway,,,0,No,0,No Special Jurisdiction,New York,360724,36,SR-908M,,1,Not an Intersection,1,1,1,1,Clear,0,No Additional Atmospheric Conditions,Clear,0,None,2012
13,1:00pm-1:59pm,37,37,0,None,0,None,0,None,2600,HEMPSTEAD,59,NASSAU (59),2018,14,4,Wednesday,0,1,7,Local,8,Pedestrian,13,1:00pm-1:59pm,58,58,13,1:00pm-1:59pm,40.67795833,40.67795833,1,Daylight,-73.502105560,-73.502105560,0,Not a Collision with Motor Vehicle In-Transport,0,None,25,25,11,November,0,This section IS NOT on the NHS,13,1:00pm-1:59pm,28,28,1,2,3,4,1,,0000000,Not Applicable,3,Town or Township Highway Agency,0,No,1,Non-Junction,1,On Roadway,,,5,Local Street - Township,2,Urban,0,No,0,No Special Jurisdiction,New York,360725,36,BUNKER AVE,,1,Not an Intersection,1,2,1,1,Clear,0,No Additional Atmospheric Conditions,Clear,0,None,2018
14,2:00pm-2:59pm,50,50,0,None,0,None,0,None,3380,LYNBROOK,59,NASSAU (59),2018,13,3,Tuesday,0,1,3,Principal Arterial - Other,14,Parked Motor Vehicle ,15,3:00pm-3:59pm,10,10,14,2:00pm-2:59pm,40.65674722,40.65674722,1,Daylight,-73.659991670,-73.659991670,0,Not a Collision with Motor Vehicle In-Transport,0,None,40,40,11,November,1,This section IS ON the NHS,14,2:00pm-2:59pm,41,41,0,1,0,1,1,,0000000,Not Applicable,1,State Highway Agency,0,No,3,Intersection-Related ,7,In Parking Lane/Zone,,,3,State Highway,2,Urban,0,No,0,No Special Jurisdiction,New York,360726,36,SR-27,EXETER ST,4,Y-Intersection,1,2,1,1,Clear,0,No Additional Atmospheric Conditions,Clear,0,None,2018
20,8:00pm-8:59pm,12,12,0,None,0,None,0,None,2160,FREEPORT,59,NASSAU (59),2011,24,7,Saturday,1,1,,,33,Curb,20,8:00pm-8:59pm,40,40,20,8:00pm-8:59pm,40.65268333,40.65268333,3,Dark - Lighted,-73.571772220,-73.571772220,0,Not a Collision with Motor Vehicle In-Transport,0,None,2,2,9,September,0,This section IS NOT on the NHS,20,8:00pm-8:59pm,2,2,0,2,0,2,0,,0000000,Not Applicable,,,0,No,3,Intersection-Related ,4,On Roadside,14,Urban-Minor Arterial,6,Local Street - Municipality,,,0,No,0,No Special Jurisdiction,New York,360728,36,MILL RD,BUFFALO AVE,3,T-Intersection,1,1,1,1,Clear,0,No Additional Atmospheric Conditions,Clear,0,None,2011
99,Unknown EMS Scene Arrival Hour,99,Unknown EMS Scene Arrival Minutes,0,None,0,None,0,None,2600,HEMPSTEAD,59,NASSAU (59),2010,14,3,Tuesday,0,1,,,8,Pedestrian,99,Unknown,99,Unknown EMS Hospital Arrival Time,15,3:00pm-3:59pm,40.69304444,40.69304444,1,Daylight,-73.564238890,-73.564238890,0,Not a Collision with Motor Vehicle In-Transport,0,None,13,13,9,September,0,This section IS NOT on the NHS,99,Unknown,99,Unknown,1,,,1,,,0000000,Not Applicable,,,0,No,3,Intersection-Related ,1,On Roadway,14,Urban-Minor Arterial,5,Local Street - Township,,,0,No,0,No Special Jurisdiction,New York,360728,36,MERRICK AVE,LARKSPUR AVE,3,T-Intersection,1,1,1,1,Clear,0,No Additional Atmospheric Conditions,Clear,0,None,2010
16,4:00pm-4:59pm,6,6,0,None,0,None,0,None,4600,OYSTER BAY,59,NASSAU (59),2018,19,2,Monday,0,1,7,Local,12,Motor Vehicle In-Transport ,16,4:00pm-4:59pm,20,20,16,4:00pm-4:59pm,40.68676111,40.68676111,1,Daylight,-73.467077780,-73.467077780,6,Angle ,0,None,0,0,11,November,0,This section IS NOT on the NHS,16,4:00pm-4:59pm,4,4,0,2,0,2,0,,0000000,Not Applicable,3,Town or Township Highway Agency,0,No,2,Intersection,1,On Roadway,,,5,Local Street - Township,2,Urban,0,No,0,No Special Jurisdiction,New York,360729,36,BROADWAY,BOSTON AVE,2,Four-Way Intersection,2,2,1,1,Clear,0,No Additional Atmospheric Conditions,Clear,0,None,2018
20,8:00pm-8:59pm,37,37,0,None,0,None,0,None,2600,HEMPSTEAD,59,NASSAU (59),2011,24,7,Saturday,0,1,,,8,Pedestrian,21,9:00pm-9:59pm,5,5,20,8:00pm-8:59pm,40.61569444,40.61569444,3,Dark - Lighted,-73.643036110,-73.643036110,0,Not a Collision with Motor Vehicle In-Transport,0,None,33,33,9,September,0,This section IS NOT on the NHS,20,8:00pm-8:59pm,34,34,1,2,1,2,0,,0000000,Not Applicable,,,0,No,3,Intersection-Related ,1,On Roadway,13,Urban-Other Principal Arterial,6,Local Street - Municipality,,,0,No,0,No Special Jurisdiction,New York,360730,36,AUSTIN BLVD,EMPIRE BLVD,7,"Five Point, or More",1,1,10,10,Cloudy,0,No Additional Atmospheric Conditions,Cloudy,0,None,2011
22,10:00pm-10:59pm,10,10,0,None,0,None,0,None,4450,OLD WESTBURY,59,NASSAU (59),2019,5,3,Tuesday,0,1,3,Principal Arterial - Other,8,Pedestrian,22,10:00pm-10:59pm,29,29,21,9:00pm-9:59pm,40.76120833,40.76120833,2,Dark - Not Lighted,-73.612255560,-73.612255560,0,The First Harmful Event was Not a Collision with a Motor Vehicle in Transport,0,None,57,57,11,November,1,This section IS ON the NHS,22,10:00pm-10:59pm,2,2,1,2,1,2,0,,0000000,Not Applicable,1,State Highway Agency,0,No,1,Non-Junction,1,On Roadway,,,3,State Highway,1,Rural,0,No,0,No Special Jurisdiction,New York,360731,36,SR-25 JERICHO TPK,,1,Not an Intersection,1,1,1,1,Clear,0,No Additional Atmospheric Conditions,Clear,0,None,2019
4,4:00am-4:59am,18,18,0,None,0,None,0,None,2600,HEMPSTEAD,59,NASSAU (59),2014,2,1,Sunday,1,2,,,12,Motor Vehicle In-Transport ,88,Not Applicable (Not Transported) ,88,Not Applicable (Not Transported),4,4:00am-4:59am,40.70811111,40.70811111,3,Dark - Lighted,-73.690502780,-73.690502780,2,Front-to-Front,0,None,15,15,11,November,1,This section IS ON the NHS,4,4:00am-4:59am,16,16,0,3,0,3,0,,0000000,Not Applicable,,,0,No,2,Intersection,1,On Roadway,13,Urban-Other Principal Arterial,3,State Highway,,,0,No,0,No Special Jurisdiction,New York,360731,36,SR-24 HEMPSTEAD TURNPIKE,MEACHAM AVE,2,Four-Way Intersection,2,2,10,10,Cloudy,0,No Additional Atmospheric Conditions,Cloudy,0,None,2014
99,Unknown EMS Scene Arrival Hour,99,Unknown EMS Scene Arrival Minutes,0,None,0,None,0,None,4600,OYSTER BAY,59,NASSAU (59),2010,17,6,Friday,0,1,,,12,Motor Vehicle In-Transport ,99,Unknown,99,Unknown EMS Hospital Arrival Time,3,3:00am-3:59am,40.78661667,40.78661667,3,Dark - Lighted,-73.449161110,-73.449161110,1,Front-to-Rear ,0,None,32,32,9,September,1,This section IS ON the NHS,99,Unknown,99,Unknown,1,,,1,,,0000000,Not Applicable,,,0,No,1,Non-Junction,1,On Roadway,1,Rural-Principal Arterial-Interstate,1,Interstate,,,0,No,0,No Special Jurisdiction,New York,360732,36,I-495,,1,Not an Intersection,2,2,2,2,Rain,0,No Additional Atmospheric Conditions,Rain,0,None,2010
4,4:00am-4:59am,28,28,0,None,0,None,0,None,4090,NEW HYDE PARK,59,NASSAU (59),2011,25,1,Sunday,0,1,,,9,Pedalcyclist,88,Not Applicable (Not Transported) ,88,Not Applicable (Not Transported),4,4:00am-4:59am,40.81723333,40.81723333,3,Dark - Lighted,-73.680450000,-73.680450000,0,Not a Collision with Motor Vehicle In-Transport,0,None,10,10,9,September,1,This section IS ON the NHS,4,4:00am-4:59am,16,16,1,1,1,1,0,,0000000,Not Applicable,,,0,No,1,Non-Junction,1,On Roadway,13,Urban-Other Principal Arterial,3,State Highway,,,0,No,0,No Special Jurisdiction,New York,360732,36,SR-101,,1,Not an Intersection,1,1,10,10,Cloudy,0,No Additional Atmospheric Conditions,Cloudy,0,None,2011
0,0:00am-0:59am,56,56,0,None,0,None,0,None,2910,ISLAND PARK,59,NASSAU (59),2013,6,1,Sunday,1,1,,,30,Utility Pole/Light Support,1,1:00am-1:59am,28,28,0,0:00am-0:59am,40.60859722,40.60859722,3,Dark - Lighted,-73.652888890,-73.652888890,0,Not a Collision with Motor Vehicle In-Transport,0,None,55,55,10,October,0,This section IS NOT on the NHS,0,0:00am-0:59am,55,55,0,1,0,1,0,,0000000,Not Applicable,,,0,No,3,Intersection-Related ,4,On Roadside,16,Urban-Local Road or Street,5,Local Street - Township,,,0,No,0,No Special Jurisdiction,New York,360733,36,LONG BEACH RD,LANDGRAF LN,3,T-Intersection,1,1,5,5,"Fog, Smog, Smoke",0,No Additional Atmospheric Conditions,"Fog, Smog, Smoke",0,None,2013
99,Unknown EMS Scene Arrival Hour,99,Unknown EMS Scene Arrival Minutes,0,None,0,None,0,None,2600,HEMPSTEAD,59,NASSAU (59),2017,30,2,Monday,0,1,7,Local,8,Pedestrian,88,Not Applicable (Not Transported) ,88,Not Applicable (Not Transported),16,4:00pm-4:59pm,40.73500000,40.73500000,1,Daylight,-73.596972220,-73.596972220,0,Not a Collision with Motor Vehicle In-Transport,0,None,3,3,10,October,0,This section IS NOT on the NHS,99,Unknown,99,Unknown,1,1,1,1,0,,0000000,Not Applicable,3,Town or Township Highway Agency,0,No,1,Non-Junction,1,On Roadway,,,5,Local Street - Township,2,Urban,0,No,0,No Special Jurisdiction,New York,360733,36,STEWART AVE,,1,Not an Intersection,1,1,1,1,Clear,0,No Additional Atmospheric Conditions,Clear,0,None,2017
3,3:00am-3:59am,50,50,0,None,0,None,0,None,2600,HEMPSTEAD,59,NASSAU (59),2013,5,7,Saturday,1,1,,,9,Pedalcyclist,99,Unknown,99,Unknown EMS Hospital Arrival Time,3,3:00am-3:59am,40.70166944,40.70166944,3,Dark - Lighted,-73.626713890,-73.626713890,0,Not a Collision with Motor Vehicle In-Transport,0,None,46,46,10,October,0,This section IS NOT on the NHS,3,3:00am-3:59am,47,47,1,2,1,2,0,,0000000,Not Applicable,,,0,No,2,Intersection,1,On Roadway,16,Urban-Local Road or Street,5,Local Street - Township,,,0,No,0,No Special Jurisdiction,New York,360734,36,PENINSULA BLVD,GROVE ST,2,Four-Way Intersection,1,1,1,1,Clear,0,No Additional Atmospheric Conditions,Clear,0,None,2013
99,Unknown EMS Scene Arrival Hour,99,Unknown EMS Scene Arrival Minutes,0,None,0,None,0,None,4600,OYSTER BAY,59,NASSAU (59),2012,13,5,Thursday,0,1,,,8,Pedestrian,99,Unknown,99,Unknown EMS Hospital Arrival Time,8,8:00am-8:59am,40.79468611,40.79468611,1,Daylight,-73.532716670,-73.532716670,0,Not a Collision with Motor Vehicle In-Transport,0,None,35,35,9,September,0,This section IS NOT on the NHS,99,Unknown,99,Unknown,1,3,1,3,0,,0000000,Not Applicable,,,0,No,4,Driveway Access,1,On Roadway,16,Urban-Local Road or Street,6,Local Street - Municipality,,,0,No,0,No Special Jurisdiction,New York,360734,36,MANORS DR,,1,Not an Intersection,1,1,1,1,Clear,0,No Additional Atmospheric Conditions,Clear,0,None,2012
0,0:00am-0:59am,21,21,0,None,0,None,0,None,2600,HEMPSTEAD,59,NASSAU (59),2014,22,2,Monday,0,2,,,25,Concrete Traffic Barrier,88,Not Applicable (Not Transported) ,88,Not Applicable (Not Transported),0,0:00am-0:59am,40.70162778,40.70162778,3,Dark - Lighted,-73.577347220,-73.577347220,0,Not a Collision with Motor Vehicle In-Transport,0,None,12,12,9,September,1,This section IS ON the NHS,0,0:00am-0:59am,12,12,0,2,0,2,0,,0000000,Not Applicable,,,0,No,1,Non-Junction,3,On Median,12,Urban-Principal Arterial-Other Freeways or Expressways,1,Interstate,,,0,No,0,No Special Jurisdiction,New York,360736,36,I-908E,,1,Not an Intersection,1,1,10,10,Cloudy,0,No Additional Atmospheric Conditions,Cloudy,0,None,2014
20,8:00pm-8:59pm,4,4,0,None,0,None,0,None,2600,HEMPSTEAD,59,NASSAU (59),2017,18,4,Wednesday,0,1,7,Local,12,Motor Vehicle In-Transport ,20,8:00pm-8:59pm,30,30,20,8:00pm-8:59pm,40.68870833,40.68870833,3,Dark - Lighted,-73.719933330,-73.719933330,6,Angle ,0,None,0,0,10,October,0,This section IS NOT on the NHS,20,8:00pm-8:59pm,2,2,0,3,0,3,0,,0000000,Not Applicable,3,Town or Township Highway Agency,0,No,1,Non-Junction,1,On Roadway,,,5,Local Street - Township,2,Urban,0,No,0,No Special Jurisdiction,New York,360739,36,LINDEN BLVD,,1,Not an Intersection,2,2,1,1,Clear,0,No Additional Atmospheric Conditions,Clear,0,None,2017
10,10:00am-10:59am,30,30,0,None,0,None,0,None,2600,HEMPSTEAD,59,NASSAU (59),2016,31,2,Monday,0,1,7,Local,8,Pedestrian,88,Not Applicable (Not Transported) ,88,Not Applicable (Not Transported),8,8:00am-8:59am,40.59895278,40.59895278,1,Daylight,-73.655502780,-73.655502780,0,Not a Collision with Motor Vehicle In-Transport,0,None,28,28,10,October,0,This section IS NOT on the NHS,8,8:00am-8:59am,50,50,1,1,1,1,0,,0000000,Not Applicable,3,Town or Township Highway Agency,0,No,3,Intersection-Related ,1,On Roadway,,,5,Local Street - Township,2,Urban,0,No,0,No Special Jurisdiction,New York,360739,36,AUSTIN BLVD,EMERSON PL,2,Four-Way Intersection,1,1,1,1,Clear,0,No Additional Atmospheric Conditions,Clear,0,None,2016
13,1:00pm-1:59pm,53,53,0,None,0,None,0,None,3190,LAWRENCE,59,NASSAU (59),2018,8,5,Thursday,0,1,3,Principal Arterial - Other,8,Pedestrian,14,2:00pm-2:59pm,9,9,13,1:00pm-1:59pm,40.61065000,40.61065000,1,Daylight,-73.743369440,-73.743369440,0,Not a Collision with Motor Vehicle In-Transport,0,None,48,48,11,November,1,This section IS ON the NHS,13,1:00pm-1:59pm,50,50,1,2,1,2,0,,0000000,Not Applicable,1,State Highway Agency,0,No,3,Intersection-Related ,1,On Roadway,,,3,State Highway,2,Urban,0,No,0,No Special Jurisdiction,New York,360741,36,SR-878,CENTRAL AVE,2,Four-Way Intersection,1,1,1,1,Clear,0,No Additional Atmospheric Conditions,Clear,0,None,2018
8,8:00am-8:59am,0,0,0,None,0,None,0,None,2600,HEMPSTEAD,59,NASSAU (59),2013,7,2,Monday,0,1,,,12,Motor Vehicle In-Transport ,8,8:00am-8:59am,12,12,7,7:00am-7:59am,40.65314444,40.65314444,1,Daylight,-73.617075000,-73.617075000,6,Angle ,0,None,55,55,10,October,0,This section IS NOT on the NHS,7,7:00am-7:59am,57,57,0,2,0,2,0,,0000000,Not Applicable,,,0,No,2,Intersection,1,On Roadway,16,Urban-Local Road or Street,6,Local Street - Municipality,,,1,Yes,0,No Special Jurisdiction,New York,360742,36,MERRICK RD,LANCASTER AVE,3,T-Intersection,2,2,10,10,Cloudy,0,No Additional Atmospheric Conditions,Cloudy,0,None,2013
0,0:00am-0:59am,16,16,0,None,0,None,0,None,2600,HEMPSTEAD,59,NASSAU (59),2019,2,7,Saturday,1,1,2,Principal Arterial - Other Freeways and Expressways,91,Unknown Object Not Fixed,0,0:00am-0:59am,36,36,0,0:00am-0:59am,40.69905833,40.69905833,3,Dark - Lighted,-73.510975000,-73.510975000,0,The First Harmful Event was Not a Collision with a Motor Vehicle in Transport,0,None,12,12,11,November,1,This section IS ON the NHS,0,0:00am-0:59am,15,15,0,1,0,1,0,,0000000,Not Applicable,1,State Highway Agency,0,No,1,Non-Junction,3,On Median,,,3,State Highway,1,Rural,0,No,0,No Special Jurisdiction,New York,360744,36,SR-908M SOUTHERN STATE PKWY,,1,Not an Intersection,1,1,1,1,Clear,0,No Additional Atmospheric Conditions,Clear,0,None,2019
19,7:00pm-7:59pm,45,45,0,None,0,None,0,None,2600,HEMPSTEAD,59,NASSAU (59),2016,20,7,Saturday,0,1,2,Principal Arterial - Other Freeways and Expressways,12,Motor Vehicle In-Transport ,19,7:00pm-7:59pm,56,56,19,7:00pm-7:59pm,40.68202500,40.68202500,1,Daylight,-73.691552780,-73.691552780,6,Angle ,0,None,33,33,8,August,1,This section IS ON the NHS,19,7:00pm-7:59pm,33,33,0,2,0,2,0,,0000000,Not Applicable,1,State Highway Agency,1,Yes,17,Acceleration/Deceleration Lane,1,On Roadway,,,3,State Highway,1,Rural,0,No,0,No Special Jurisdiction,New York,360744,36,SR-908M SOUTHERN STATE PKWY,,1,Not an Intersection,2,2,1,1,Clear,0,No Additional Atmospheric Conditions,Clear,0,None,2016