ARR_HOUR,ARR_HOURNAME,ARR_MIN,ARR_MINNAME,CF1,CF1NAME,CF2,CF2NAME,CF3,CF3NAME,CITY,CITYNAME,COUNTY,COUNTYNAME,CaseYear,DAY,DAY_WEEK,DAY_WEEKNAME,DRUNK_DR,FATALS,FUNC_SYS,FUNC_SYSNAME,HARM_EV,HARM_EVNAME,HOSP_HR,HOSP_HRNAME,HOSP_MN,HOSP_MNNAME,HOUR,HOURNAME,LATITUDE,LATITUDENAME,LGT_COND,LGT_CONDNAME,LONGITUD,LONGITUDNAME,MAN_COLL,MAN_COLLNAME,MILEPT,MILEPTNAME,MINUTE,MINUTENAME,MONTH,MonthName,NHS,NHSNAME,NOT_HOUR,NOT_HOURNAME,NOT_MIN,NOT_MINNAME,PEDS,PERMVIT,PERNOTMVIT,PERSONS,PVH_INVL,ParkWorks,RAIL,RAILNAME,RD_OWNER,RD_OWNERNAME,RELJCT1,RELJCT1NAME,RELJCT2,RELJCT2NAME,REL_ROAD,REL_ROADNAME,ROAD_FNC,ROAD_FNCNAME,ROUTE,ROUTENAME,RUR_URB,RUR_URBNAME,SCH_BUS,SCH_BUSNAME,SP_JUR,SP_JURNAME,STATENAME,ST_CASE,State,TWAY_ID,TWAY_ID2,TYP_INT,TYP_INTNAME,VE_FORMS,VE_TOTAL,WEATHER,WEATHER1,WEATHER1NAME,WEATHER2,WEATHER2NAME,WEATHERNAME,WRK_ZONE,WRK_ZONENAME,YEAR
7,7:00am-7:59am,41,41,0,None,0,None,0,None,2600,HEMPSTEAD,59,NASSAU (59),2016,28,6,Friday,0,1,7,Local,8,Pedestrian,7,7:00am-7:59am,47,47,7,7:00am-7:59am,40.70235000,40.70235000,4,Dawn,-73.624894440,-73.624894440,0,Not a Collision with Motor Vehicle In-Transport,0,None,25,25,10,October,0,This section IS NOT on the NHS,99,Unknown,99,Unknown,1,2,1,2,0,,0000000,Not Applicable,3,Town or Township Highway Agency,0,No,3,Intersection-Related ,1,On Roadway,,,5,Local Street - Township,2,Urban,0,No,0,No Special Jurisdiction,New York,360746,36,S FRANKLIN ST,GROVE ST,2,Four-Way Intersection,1,1,10,10,Cloudy,0,No Additional Atmospheric Conditions,Cloudy,0,None,2016
15,3:00pm-3:59pm,35,35,0,None,0,None,0,None,2600,HEMPSTEAD,59,NASSAU (59),2016,21,6,Friday,0,1,3,Principal Arterial - Other,42,Tree (Standing Only),15,3:00pm-3:59pm,50,50,15,3:00pm-3:59pm,99.99990000,Unknown,1,Daylight,999.999900000,Unknown,0,Not a Collision with Motor Vehicle In-Transport,0,None,11,11,10,October,1,This section IS ON the NHS,15,3:00pm-3:59pm,11,11,0,1,0,1,0,,0000000,Not Applicable,1,State Highway Agency,0,No,1,Non-Junction,4,On Roadside,,,3,State Highway,1,Rural,0,No,0,No Special Jurisdiction,New York,360747,36,SR-908E,,1,Not an Intersection,1,1,2,2,Rain,0,No Additional Atmospheric Conditions,Rain,0,None,2016
99,Unknown EMS Scene Arrival Hour,99,Unknown EMS Scene Arrival Minutes,0,None,0,None,0,None,2600,HEMPSTEAD,59,NASSAU (59),2016,4,6,Friday,0,2,4,Minor Arterial,12,Motor Vehicle In-Transport ,99,Unknown,99,Unknown EMS Hospital Arrival Time,21,9:00pm-9:59pm,40.69154167,40.69154167,3,Dark - Lighted,-73.532669440,-73.532669440,1,Front-to-Rear ,0,None,24,24,11,November,0,This section IS NOT on the NHS,99,Unknown,99,Unknown,1,5,1,5,2,,0000000,Not Applicable,1,State Highway Agency,0,No,3,Intersection-Related ,1,On Roadway,,,3,State Highway,2,Urban,0,No,0,No Special Jurisdiction,New York,360749,36,SR-105 JERUSALEM AVE,GEORGE RD,3,T-Intersection,4,6,1,1,Clear,0,No Additional Atmospheric Conditions,Clear,0,None,2016
4,4:00am-4:59am,27,27,0,None,0,None,0,None,4600,OYSTER BAY,59,NASSAU (59),2017,12,1,Sunday,0,1,7,Local,1,Rollover/Overturn,99,Unknown,99,Unknown EMS Hospital Arrival Time,4,4:00am-4:59am,40.78115278,40.78115278,3,Dark - Lighted,-73.444697220,-73.444697220,0,Not a Collision with Motor Vehicle In-Transport,0,None,15,15,11,November,0,This section IS NOT on the NHS,4,4:00am-4:59am,22,22,0,4,0,4,0,,0000000,Not Applicable,3,Town or Township Highway Agency,0,No,3,Intersection-Related ,1,On Roadway,,,5,Local Street - Township,2,Urban,0,No,0,No Special Jurisdiction,New York,360749,36,ROUND SWAMP RD,OLD COUNTRY RD,3,T-Intersection,1,1,1,1,Clear,0,No Additional Atmospheric Conditions,Clear,0,None,2017
2,2:00am-2:59am,15,15,0,None,0,None,0,None,2600,HEMPSTEAD,59,NASSAU (59),2015,15,5,Thursday,0,1,3,Principal Arterial - Other,8,Pedestrian,2,2:00am-2:59am,30,30,2,2:00am-2:59am,99.99990000,Unknown,3,Dark - Lighted,999.999900000,Unknown,0,Not a Collision with Motor Vehicle In-Transport,0,None,5,5,10,October,1,This section IS ON the NHS,2,2:00am-2:59am,5,5,1,1,1,1,0,,0000000,Not Applicable,1,State Highway Agency,0,No,1,Non-Junction,1,On Roadway,,,3,State Highway,1,Rural,0,No,0,No Special Jurisdiction,New York,360751,36,SR-908M,,1,Not an Intersection,1,1,1,1,Clear,0,No Additional Atmospheric Conditions,Clear,0,None,2015
20,8:00pm-8:59pm,19,19,0,None,0,None,0,None,4090,NEW HYDE PARK,59,NASSAU (59),2018,22,5,Thursday,0,1,4,Minor Arterial,8,Pedestrian,20,8:00pm-8:59pm,31,31,20,8:00pm-8:59pm,40.74676111,40.74676111,3,Dark - Lighted,-73.595558330,-73.595558330,0,Not a Collision with Motor Vehicle In-Transport,99998,Not Reported,15,15,11,November,0,This section IS NOT on the NHS,20,8:00pm-8:59pm,18,18,1,1,1,1,0,,0000000,Not Applicable,2,County Highway Agency,0,No,3,Intersection-Related ,1,On Roadway,,,4,County Road,2,Urban,0,No,0,No Special Jurisdiction,New York,360752,36,CR-25,EVELYN AVE,3,T-Intersection,1,1,1,1,Clear,0,No Additional Atmospheric Conditions,Clear,0,None,2018
99,Unknown EMS Scene Arrival Hour,99,Unknown EMS Scene Arrival Minutes,0,None,0,None,0,None,2675,HICKSVILLE,59,NASSAU (59),2012,16,2,Monday,0,1,,,12,Motor Vehicle In-Transport ,99,Unknown,99,Unknown EMS Hospital Arrival Time,11,11:00am-11:59am,40.76620833,40.76620833,1,Daylight,-73.500791670,-73.500791670,6,Angle ,0,None,20,20,7,July,0,This section IS NOT on the NHS,99,Unknown,99,Unknown,0,2,0,2,0,,0000000,Not Applicable,,,0,No,2,Intersection,1,On Roadway,14,Urban-Minor Arterial,6,Local Street - Municipality,,,0,No,0,No Special Jurisdiction,New York,360754,36,S OYSTER BAY RD,WALTER AVE,3,T-Intersection,2,2,1,1,Clear,0,No Additional Atmospheric Conditions,Clear,0,None,2012
99,Unknown EMS Scene Arrival Hour,99,Unknown EMS Scene Arrival Minutes,0,None,0,None,0,None,1861,ELMONT,59,NASSAU (59),2015,13,3,Tuesday,0,1,7,Local,8,Pedestrian,99,Unknown,99,Unknown EMS Hospital Arrival Time,18,6:00pm-6:59pm,40.69214167,40.69214167,3,Dark - Lighted,-73.713602780,-73.713602780,0,Not a Collision with Motor Vehicle In-Transport,0,None,50,50,10,October,0,This section IS NOT on the NHS,99,Unknown,99,Unknown,1,3,1,3,0,,0000000,Not Applicable,3,Town or Township Highway Agency,0,No,1,Non-Junction,1,On Roadway,,,5,Local Street - Township,2,Urban,0,No,0,No Special Jurisdiction,New York,360754,36,132 DUTCH BROADWAY,,1,Not an Intersection,1,1,10,10,Cloudy,0,No Additional Atmospheric Conditions,Cloudy,0,None,2015
12,12:00pm-12:59pm,51,51,0,None,0,None,0,None,2600,HEMPSTEAD,59,NASSAU (59),2019,19,3,Tuesday,0,1,3,Principal Arterial - Other,42,Tree (Standing Only),99,Unknown,99,Unknown EMS Hospital Arrival Time,12,12:00pm-12:59pm,40.64090556,40.64090556,1,Daylight,-73.712180560,-73.712180560,0,The First Harmful Event was Not a Collision with a Motor Vehicle in Transport,99999,Unknown,46,46,11,November,1,This section IS ON the NHS,12,12:00pm-12:59pm,49,49,0,2,0,2,0,,0000000,Not Applicable,4,City or Municipal Highway Agency,0,No,1,Non-Junction,4,On Roadside,,,4,County Road,2,Urban,0,No,0,No Special Jurisdiction,New York,360755,36,CR-2,,1,Not an Intersection,1,1,10,10,Cloudy,0,No Additional Atmospheric Conditions,Cloudy,0,None,2019
8,8:00am-8:59am,7,7,0,None,0,None,0,None,2600,HEMPSTEAD,59,NASSAU (59),2019,21,5,Thursday,0,1,3,Principal Arterial - Other,8,Pedestrian,8,8:00am-8:59am,32,32,8,8:00am-8:59am,40.70830556,40.70830556,1,Daylight,-73.710016670,-73.710016670,0,The First Harmful Event was Not a Collision with a Motor Vehicle in Transport,99999,Unknown,0,0,11,November,1,This section IS ON the NHS,8,8:00am-8:59am,5,5,1,1,1,1,0,,0000000,Not Applicable,1,State Highway Agency,0,No,1,Non-Junction,1,On Roadway,,,3,State Highway,2,Urban,0,No,0,No Special Jurisdiction,New York,360756,36,SR-24,,1,Not an Intersection,1,1,1,1,Clear,0,No Additional Atmospheric Conditions,Clear,0,None,2019
6,6:00am-6:59am,50,50,0,None,0,None,0,None,4600,OYSTER BAY,59,NASSAU (59),2018,13,3,Tuesday,0,1,3,Principal Arterial - Other,42,Tree (Standing Only),99,Unknown,99,Unknown EMS Hospital Arrival Time,6,6:00am-6:59am,40.80002222,40.80002222,1,Daylight,-73.463583330,-73.463583330,0,Not a Collision with Motor Vehicle In-Transport,0,None,43,43,11,November,1,This section IS ON the NHS,6,6:00am-6:59am,43,43,0,2,0,2,0,,0000000,Not Applicable,1,State Highway Agency,0,No,1,Non-Junction,4,On Roadside,,,3,State Highway,1,Rural,0,No,0,No Special Jurisdiction,New York,360758,36,SR-908G,,1,Not an Intersection,1,1,2,2,Rain,0,No Additional Atmospheric Conditions,Rain,0,None,2018
19,7:00pm-7:59pm,0,0,0,None,0,None,0,None,2600,HEMPSTEAD,59,NASSAU (59),2013,26,7,Saturday,0,1,,,8,Pedestrian,19,7:00pm-7:59pm,7,7,18,6:00pm-6:59pm,40.70678056,40.70678056,3,Dark - Lighted,-73.666186110,-73.666186110,0,Not a Collision with Motor Vehicle In-Transport,0,None,45,45,10,October,1,This section IS ON the NHS,18,6:00pm-6:59pm,47,47,1,1,1,1,0,,0000000,Not Applicable,,,0,No,1,Non-Junction,1,On Roadway,13,Urban-Other Principal Arterial,3,State Highway,,,0,No,0,No Special Jurisdiction,New York,360762,36,SR-24,,1,Not an Intersection,1,1,1,1,Clear,0,No Additional Atmospheric Conditions,Clear,0,None,2013
20,8:00pm-8:59pm,21,21,0,None,0,None,0,None,2160,FREEPORT,59,NASSAU (59),2016,2,4,Wednesday,0,1,7,Local,12,Motor Vehicle In-Transport ,99,Unknown,99,Unknown EMS Hospital Arrival Time,20,8:00pm-8:59pm,40.66649167,40.66649167,3,Dark - Lighted,-73.578216670,-73.578216670,6,Angle ,0,None,19,19,11,November,0,This section IS NOT on the NHS,20,8:00pm-8:59pm,19,19,0,3,0,3,0,,0000000,Not Applicable,4,City or Municipal Highway Agency,0,No,2,Intersection,1,On Roadway,,,6,Local Street - Municipality,2,Urban,0,No,0,No Special Jurisdiction,New York,360762,36,E SEAMAN AVE,RUTLAND RD,2,Four-Way Intersection,2,2,1,1,Clear,0,No Additional Atmospheric Conditions,Clear,0,None,2016
18,6:00pm-6:59pm,24,24,0,None,0,None,0,None,3120,LAKE SUCCESS,59,NASSAU (59),2018,26,2,Monday,0,1,7,Local,8,Pedestrian,18,6:00pm-6:59pm,52,52,18,6:00pm-6:59pm,40.78040833,40.78040833,3,Dark - Lighted,-73.715830560,-73.715830560,0,Not a Collision with Motor Vehicle In-Transport,0,None,21,21,11,November,0,This section IS NOT on the NHS,18,6:00pm-6:59pm,21,21,1,2,1,2,0,,0000000,Not Applicable,3,Town or Township Highway Agency,0,No,3,Intersection-Related ,1,On Roadway,,,5,Local Street - Township,2,Urban,0,No,0,No Special Jurisdiction,New York,360763,36,LAKEVILLE RD,CUMBERLAND AVE,3,T-Intersection,1,1,2,2,Rain,0,No Additional Atmospheric Conditions,Rain,0,None,2018
19,7:00pm-7:59pm,45,45,0,None,0,None,0,None,4600,OYSTER BAY,59,NASSAU (59),2015,22,5,Thursday,0,1,7,Local,8,Pedestrian,88,Not Applicable (Not Transported) ,88,Not Applicable (Not Transported),19,7:00pm-7:59pm,40.80669444,40.80669444,2,Dark - Not Lighted,-73.478069440,-73.478069440,0,Not a Collision with Motor Vehicle In-Transport,0,None,35,35,10,October,0,This section IS NOT on the NHS,19,7:00pm-7:59pm,40,40,1,12,1,12,0,,0000000,Not Applicable,3,Town or Township Highway Agency,0,No,1,Non-Junction,1,On Roadway,,,5,Local Street - Township,2,Urban,0,No,0,No Special Jurisdiction,New York,360765,36,WOODBURY RD,,1,Not an Intersection,3,3,1,1,Clear,0,No Additional Atmospheric Conditions,Clear,0,None,2015
17,5:00pm-5:59pm,50,50,0,None,0,None,0,None,3190,LAWRENCE,59,NASSAU (59),2018,1,7,Saturday,0,1,7,Local,8,Pedestrian,18,6:00pm-6:59pm,2,2,17,5:00pm-5:59pm,40.61517222,40.61517222,2,Dark - Not Lighted,-73.723700000,-73.723700000,0,Not a Collision with Motor Vehicle In-Transport,99998,Not Reported,45,45,12,December,0,This section IS NOT on the NHS,17,5:00pm-5:59pm,46,46,1,1,1,1,0,,0000000,Not Applicable,3,Town or Township Highway Agency,0,No,3,Intersection-Related ,1,On Roadway,,,5,Local Street - Township,2,Urban,0,No,0,No Special Jurisdiction,New York,360768,36,WASHINGTON AVE,DONMOOR RD,3,T-Intersection,1,1,10,10,Cloudy,0,No Additional Atmospheric Conditions,Cloudy,0,None,2018
7,7:00am-7:59am,7,7,0,None,0,None,0,None,2600,HEMPSTEAD,59,NASSAU (59),2016,3,5,Thursday,0,1,7,Local,8,Pedestrian,99,Unknown,99,Unknown EMS Hospital Arrival Time,7,7:00am-7:59am,40.71467500,40.71467500,1,Daylight,-73.623361110,-73.623361110,0,Not a Collision with Motor Vehicle In-Transport,0,None,5,5,11,November,0,This section IS NOT on the NHS,7,7:00am-7:59am,5,5,1,3,1,3,0,,0000000,Not Applicable,3,Town or Township Highway Agency,0,No,3,Intersection-Related ,1,On Roadway,,,5,Local Street - Township,2,Urban,0,No,0,No Special Jurisdiction,New York,360768,36,WASHINGTON ST,BURR AVE,3,T-Intersection,2,2,1,1,Clear,0,No Additional Atmospheric Conditions,Clear,0,None,2016
99,Unknown EMS Scene Arrival Hour,99,Unknown EMS Scene Arrival Minutes,0,None,0,None,0,None,2600,HEMPSTEAD,59,NASSAU (59),2012,21,6,Friday,0,1,,,12,Motor Vehicle In-Transport ,99,Unknown,99,Unknown EMS Hospital Arrival Time,20,8:00pm-8:59pm,99.99990000,Unknown,3,Dark - Lighted,999.999900000,Unknown,6,Angle ,0,None,0,0,9,September,0,This section IS NOT on the NHS,99,Unknown,99,Unknown,0,3,0,3,0,,0000000,Not Applicable,,,0,No,1,Non-Junction,1,On Roadway,14,Urban-Minor Arterial,6,Local Street - Municipality,,,0,No,0,No Special Jurisdiction,New York,360769,36,ROCKAWAY TPKE,,1,Not an Intersection,2,2,10,10,Cloudy,0,No Additional Atmospheric Conditions,Cloudy,0,None,2012
12,12:00pm-12:59pm,43,43,14,"Motor Vehicle struck by falling cargo,or something that came loose from or something that was set in motion by a vehicle",0,None,0,None,2600,HEMPSTEAD,59,NASSAU (59),2017,28,7,Saturday,0,1,7,Local,12,Motor Vehicle In-Transport ,13,1:00pm-1:59pm,3,3,12,12:00pm-12:59pm,40.70948889,40.70948889,1,Daylight,-73.619058330,-73.619058330,2,Front-to-Front,0,None,33,33,10,October,0,This section IS NOT on the NHS,12,12:00pm-12:59pm,37,37,0,6,0,6,1,,0000000,Not Applicable,3,Town or Township Highway Agency,0,No,8,Driveway Access Related,1,On Roadway,,,5,Local Street - Township,2,Urban,0,No,0,No Special Jurisdiction,New York,360769,36,FULTON AVE,,1,Not an Intersection,3,4,1,1,Clear,0,No Additional Atmospheric Conditions,Clear,0,None,2017
0,0:00am-0:59am,40,40,0,None,0,None,0,None,2600,HEMPSTEAD,59,NASSAU (59),2014,11,3,Tuesday,0,2,,,24,Guardrail Face,88,Not Applicable (Not Transported) ,88,Not Applicable (Not Transported),0,0:00am-0:59am,40.68311389,40.68311389,3,Dark - Lighted,-73.685905560,-73.685905560,0,Not a Collision with Motor Vehicle In-Transport,0,None,35,35,11,November,0,This section IS NOT on the NHS,0,0:00am-0:59am,35,35,0,2,0,2,0,,0000000,Not Applicable,,,0,No,1,Non-Junction,4,On Roadside,12,Urban-Principal Arterial-Other Freeways or Expressways,3,State Highway,,,0,No,0,No Special Jurisdiction,New York,360770,36,SR-908M,,1,Not an Intersection,1,1,1,1,Clear,0,No Additional Atmospheric Conditions,Clear,0,None,2014
99,Unknown EMS Scene Arrival Hour,99,Unknown EMS Scene Arrival Minutes,0,None,0,None,0,None,5290,ROSLYN,59,NASSAU (59),2016,4,6,Friday,0,1,7,Local,39,Wall,99,Unknown,99,Unknown EMS Hospital Arrival Time,13,1:00pm-1:59pm,40.79894167,40.79894167,1,Daylight,-73.650219440,-73.650219440,0,Not a Collision with Motor Vehicle In-Transport,0,None,45,45,3,March,0,This section IS NOT on the NHS,99,Unknown,99,Unknown,0,1,0,1,0,,0000000,Not Applicable,3,Town or Township Highway Agency,0,No,1,Non-Junction,4,On Roadside,,,5,Local Street - Township,2,Urban,0,No,0,No Special Jurisdiction,New York,360770,36,36 MAIN ST,,1,Not an Intersection,1,1,10,10,Cloudy,0,No Additional Atmospheric Conditions,Cloudy,0,None,2016
0,0:00am-0:59am,40,40,0,None,0,None,0,None,2600,HEMPSTEAD,59,NASSAU (59),2010,26,1,Sunday,1,1,,,24,Guardrail Face,99,Unknown,99,Unknown EMS Hospital Arrival Time,0,0:00am-0:59am,40.65889444,40.65889444,3,Dark - Lighted,-73.567586110,-73.567586110,0,Not a Collision with Motor Vehicle In-Transport,0,None,35,35,9,September,1,This section IS ON the NHS,0,0:00am-0:59am,38,38,0,,,1,,,0000000,Not Applicable,,,0,No,1,Non-Junction,4,On Roadside,2,Rural-Principal Arterial-Other,3,State Highway,,,0,No,0,No Special Jurisdiction,New York,360771,36,SR-27,,1,Not an Intersection,1,1,1,1,Clear,0,No Additional Atmospheric Conditions,Clear,0,None,2010
1,1:00am-1:59am,34,34,0,None,0,None,0,None,3360,LONG BEACH,59,NASSAU (59),2012,23,1,Sunday,0,1,,,8,Pedestrian,1,1:00am-1:59am,40,40,1,1:00am-1:59am,40.58845000,40.58845000,3,Dark - Lighted,-73.652358330,-73.652358330,0,Not a Collision with Motor Vehicle In-Transport,0,None,25,25,9,September,0,This section IS NOT on the NHS,1,1:00am-1:59am,30,30,1,1,1,1,0,,0000000,Not Applicable,,,0,No,3,Intersection-Related ,1,On Roadway,14,Urban-Minor Arterial,6,Local Street - Municipality,,,0,No,0,No Special Jurisdiction,New York,360772,36,E PARK AVE,LINCOLN BLVD,2,Four-Way Intersection,1,1,10,10,Cloudy,0,No Additional Atmospheric Conditions,Cloudy,0,None,2012
99,Unknown EMS Scene Arrival Hour,99,Unknown EMS Scene Arrival Minutes,0,None,0,None,0,None,4286,NORTH MASSAPEQUA,59,NASSAU (59),2016,6,7,Saturday,0,1,6,Minor Collector,12,Motor Vehicle In-Transport ,99,Unknown,99,Unknown EMS Hospital Arrival Time,13,1:00pm-1:59pm,40.71251389,40.71251389,1,Daylight,-73.461158330,-73.461158330,6,Angle ,0,None,40,40,2,February,0,This section IS NOT on the NHS,99,Unknown,99,Unknown,0,2,0,2,2,,0000000,Not Applicable,2,County Highway Agency,0,No,2,Intersection,1,On Roadway,,,6,Local Street - Municipality,2,Urban,0,No,0,No Special Jurisdiction,New York,360772,36,N BROADWAY,N WISCONSON AVE,2,Four-Way Intersection,2,4,1,1,Clear,0,No Additional Atmospheric Conditions,Clear,0,None,2016
17,5:00pm-5:59pm,26,26,0,None,0,None,0,None,4600,OYSTER BAY,59,NASSAU (59),2018,5,4,Wednesday,0,1,2,Principal Arterial - Other Freeways and Expressways,1,Rollover/Overturn,99,Unknown,99,Unknown EMS Hospital Arrival Time,17,5:00pm-5:59pm,40.79812778,40.79812778,2,Dark - Not Lighted,-73.488358330,-73.488358330,0,Not a Collision with Motor Vehicle In-Transport,0,None,20,20,12,December,0,This section IS NOT on the NHS,17,5:00pm-5:59pm,22,22,0,2,0,2,0,,0000000,Not Applicable,1,State Highway Agency,0,No,1,Non-Junction,4,On Roadside,,,3,State Highway,1,Rural,0,No,0,No Special Jurisdiction,New York,360772,36,SR-135,,1,Not an Intersection,1,1,1,1,Clear,0,No Additional Atmospheric Conditions,Clear,0,None,2018
11,11:00am-11:59am,7,7,0,None,0,None,0,None,4090,NEW HYDE PARK,59,NASSAU (59),2016,5,7,Saturday,0,1,7,Local,33,Curb,11,11:00am-11:59am,22,22,10,10:00am-10:59am,40.74572222,40.74572222,1,Daylight,-73.563188890,-73.563188890,0,Not a Collision with Motor Vehicle In-Transport,0,None,55,55,11,November,0,This section IS NOT on the NHS,11,11:00am-11:59am,2,2,0,1,0,1,0,,0000000,Not Applicable,3,Town or Township Highway Agency,0,No,3,Intersection-Related ,4,On Roadside,,,5,Local Street - Township,2,Urban,0,No,0,No Special Jurisdiction,New York,360773,36,PLUM TREE RD N,ELDA LN,3,T-Intersection,1,1,1,1,Clear,0,No Additional Atmospheric Conditions,Clear,0,None,2016
99,Unknown EMS Scene Arrival Hour,99,Unknown EMS Scene Arrival Minutes,0,None,0,None,0,None,4600,OYSTER BAY,59,NASSAU (59),2010,21,2,Monday,0,1,,,12,Motor Vehicle In-Transport ,99,Unknown,99,Unknown EMS Hospital Arrival Time,13,1:00pm-1:59pm,40.76773611,40.76773611,1,Daylight,-73.533297220,-73.533297220,6,Angle ,0,None,20,20,6,June,0,This section IS NOT on the NHS,99,Unknown,99,Unknown,0,,,3,,,0000000,Not Applicable,,,0,No,8,Driveway Access Related,1,On Roadway,16,Urban-Local Road or Street,6,Local Street - Municipality,,,0,No,0,No Special Jurisdiction,New York,360776,36,185 W JOHN ST,,1,Not an Intersection,2,2,1,1,Clear,0,No Additional Atmospheric Conditions,Clear,0,None,2010
99,Unknown EMS Scene Arrival Hour,99,Unknown EMS Scene Arrival Minutes,0,None,0,None,0,None,2160,FREEPORT,59,NASSAU (59),2014,15,7,Saturday,0,1,,,12,Motor Vehicle In-Transport ,99,Unknown,99,Unknown EMS Hospital Arrival Time,9,9:00am-9:59am,40.65167500,40.65167500,1,Daylight,-73.599097220,-73.599097220,6,Angle ,0,None,22,22,11,November,0,This section IS NOT on the NHS,99,Unknown,99,Unknown,0,4,0,4,0,,0000000,Not Applicable,,,0,No,2,Intersection,1,On Roadway,16,Urban-Local Road or Street,5,Local Street - Township,,,0,No,0,No Special Jurisdiction,New York,360776,36,W MERRICK RD,PARK AVE,3,T-Intersection,2,2,1,1,Clear,0,No Additional Atmospheric Conditions,Clear,0,None,2014
18,6:00pm-6:59pm,38,38,0,None,0,None,0,None,4090,NEW HYDE PARK,59,NASSAU (59),2010,30,6,Friday,0,2,,,42,Tree (Standing Only),18,6:00pm-6:59pm,55,55,18,6:00pm-6:59pm,40.77787778,40.77787778,1,Daylight,-73.664788890,-73.664788890,0,Not a Collision with Motor Vehicle In-Transport,0,None,29,29,7,July,0,This section IS NOT on the NHS,18,6:00pm-6:59pm,29,29,0,,,4,,,0000000,Not Applicable,,,0,No,1,Non-Junction,4,On Roadside,4,Rural-Major Collector,6,Local Street - Municipality,,,0,No,0,No Special Jurisdiction,New York,360777,36,NORTHERN STATE PKY,,1,Not an Intersection,1,1,1,1,Clear,0,No Additional Atmospheric Conditions,Clear,0,None,2010
3,3:00am-3:59am,17,17,0,None,0,None,0,None,4600,OYSTER BAY,59,NASSAU (59),2011,12,4,Wednesday,0,1,,,12,Motor Vehicle In-Transport ,88,Not Applicable (Not Transported) ,88,Not Applicable (Not Transported),3,3:00am-3:59am,40.78557778,40.78557778,2,Dark - Not Lighted,-73.532588890,-73.532588890,6,Angle ,0,None,5,5,10,October,1,This section IS ON the NHS,3,3:00am-3:59am,9,9,0,3,0,3,0,,0000000,Not Applicable,,,1,Yes,5,Entrance/Exit Ramp Related,1,On Roadway,11,Urban-Principal Arterial-Interstate,1,Interstate,,,0,No,0,No Special Jurisdiction,New York,360778,36,I-495,,1,Not an Intersection,2,2,10,10,Cloudy,0,No Additional Atmospheric Conditions,Cloudy,0,None,2011
21,9:00pm-9:59pm,29,29,0,None,0,None,0,None,6250,VALLEY STREAM,59,NASSAU (59),2019,4,4,Wednesday,0,1,5,Major Collector,14,Parked Motor Vehicle ,21,9:00pm-9:59pm,49,49,21,9:00pm-9:59pm,40.66445833,40.66445833,3,Dark - Lighted,-73.723605560,-73.723605560,0,The First Harmful Event was Not a Collision with a Motor Vehicle in Transport,99999,Unknown,25,25,12,December,0,This section IS NOT on the NHS,21,9:00pm-9:59pm,27,27,0,1,0,1,1,,0000000,Not Applicable,2,County Highway Agency,0,No,3,Intersection-Related ,5,Outside Trafficway,,,4,County Road,2,Urban,0,No,0,No Special Jurisdiction,New York,360779,36,CR-E26 SIDNEY PL,MALL ACCESS RD,3,T-Intersection,1,2,1,1,Clear,0,No Additional Atmospheric Conditions,Clear,0,None,2019
18,6:00pm-6:59pm,30,30,0,None,0,None,0,None,2600,HEMPSTEAD,59,NASSAU (59),2011,15,7,Saturday,1,1,,,42,Tree (Standing Only),18,6:00pm-6:59pm,40,40,18,6:00pm-6:59pm,99.99990000,Unknown,1,Daylight,999.999900000,Unknown,0,Not a Collision with Motor Vehicle In-Transport,0,None,22,22,10,October,1,This section IS ON the NHS,18,6:00pm-6:59pm,23,23,0,1,0,1,0,,0000000,Not Applicable,,,0,No,1,Non-Junction,3,On Median,2,Rural-Principal Arterial-Other,3,State Highway,,,0,No,0,No Special Jurisdiction,New York,360780,36,SR-908T,,1,Not an Intersection,1,1,1,1,Clear,0,No Additional Atmospheric Conditions,Clear,0,None,2011
21,9:00pm-9:59pm,46,46,0,None,0,None,0,None,2285,GLEN HEAD,59,NASSAU (59),2014,16,1,Sunday,1,1,,,33,Curb,22,10:00pm-10:59pm,16,16,21,9:00pm-9:59pm,40.82394167,40.82394167,3,Dark - Lighted,-73.626594440,-73.626594440,0,Not a Collision with Motor Vehicle In-Transport,0,None,40,40,11,November,0,This section IS NOT on the NHS,21,9:00pm-9:59pm,41,41,0,1,0,1,0,,0000000,Not Applicable,,,0,No,1,Non-Junction,4,On Roadside,16,Urban-Local Road or Street,6,Local Street - Municipality,,,0,No,0,No Special Jurisdiction,New York,360785,36,GLEN COVE AVE,,1,Not an Intersection,1,1,2,2,Rain,10,Cloudy,Rain,0,None,2014
22,10:00pm-10:59pm,57,57,0,None,0,None,0,None,2600,HEMPSTEAD,59,NASSAU (59),2015,23,6,Friday,0,1,2,Principal Arterial - Other Freeways and Expressways,24,Guardrail Face,23,11:00pm-11:59pm,20,20,22,10:00pm-10:59pm,40.69833333,40.69833333,3,Dark - Lighted,-73.515844440,-73.515844440,0,Not a Collision with Motor Vehicle In-Transport,0,None,51,51,10,October,1,This section IS ON the NHS,22,10:00pm-10:59pm,51,51,0,5,0,5,0,,0000000,Not Applicable,1,State Highway Agency,0,No,1,Non-Junction,3,On Median,,,3,State Highway,1,Rural,0,No,0,No Special Jurisdiction,New York,360786,36,SR-908M SOUTHERN STATE PKWY,,1,Not an Intersection,2,2,1,1,Clear,0,No Additional Atmospheric Conditions,Clear,0,None,2015
17,5:00pm-5:59pm,50,50,0,None,0,None,0,None,2675,HICKSVILLE,59,NASSAU (59),2015,23,6,Friday,0,1,3,Principal Arterial - Other,8,Pedestrian,18,6:00pm-6:59pm,6,6,17,5:00pm-5:59pm,40.74724167,40.74724167,5,Dusk,-73.501447220,-73.501447220,0,Not a Collision with Motor Vehicle In-Transport,0,None,35,35,10,October,0,This section IS NOT on the NHS,17,5:00pm-5:59pm,43,43,1,1,1,1,0,,0000000,Not Applicable,1,State Highway Agency,0,No,1,Non-Junction,1,On Roadway,,,3,State Highway,2,Urban,0,No,0,No Special Jurisdiction,New York,360787,36,SR-107 265,,1,Not an Intersection,1,1,1,1,Clear,0,No Additional Atmospheric Conditions,Clear,0,None,2015