ARR_HOUR,ARR_HOURNAME,ARR_MIN,ARR_MINNAME,CF1,CF1NAME,CF2,CF2NAME,CF3,CF3NAME,CITY,CITYNAME,COUNTY,COUNTYNAME,CaseYear,DAY,DAY_WEEK,DAY_WEEKNAME,DRUNK_DR,FATALS,FUNC_SYS,FUNC_SYSNAME,HARM_EV,HARM_EVNAME,HOSP_HR,HOSP_HRNAME,HOSP_MN,HOSP_MNNAME,HOUR,HOURNAME,LATITUDE,LATITUDENAME,LGT_COND,LGT_CONDNAME,LONGITUD,LONGITUDNAME,MAN_COLL,MAN_COLLNAME,MILEPT,MILEPTNAME,MINUTE,MINUTENAME,MONTH,MonthName,NHS,NHSNAME,NOT_HOUR,NOT_HOURNAME,NOT_MIN,NOT_MINNAME,PEDS,PERMVIT,PERNOTMVIT,PERSONS,PVH_INVL,ParkWorks,RAIL,RAILNAME,RD_OWNER,RD_OWNERNAME,RELJCT1,RELJCT1NAME,RELJCT2,RELJCT2NAME,REL_ROAD,REL_ROADNAME,ROAD_FNC,ROAD_FNCNAME,ROUTE,ROUTENAME,RUR_URB,RUR_URBNAME,SCH_BUS,SCH_BUSNAME,SP_JUR,SP_JURNAME,STATENAME,ST_CASE,State,TWAY_ID,TWAY_ID2,TYP_INT,TYP_INTNAME,VE_FORMS,VE_TOTAL,WEATHER,WEATHER1,WEATHER1NAME,WEATHER2,WEATHER2NAME,WEATHERNAME,WRK_ZONE,WRK_ZONENAME,YEAR
99,Unknown EMS Scene Arrival Hour,99,Unknown EMS Scene Arrival Minutes,0,None,0,None,0,None,4090,NEW HYDE PARK,59,NASSAU (59),2017,13,4,Wednesday,0,1,7,Local,12,Motor Vehicle In-Transport ,99,Unknown,99,Unknown EMS Hospital Arrival Time,7,7:00am-7:59am,40.81196111,40.81196111,1,Daylight,-73.655455560,-73.655455560,6,Angle ,0,None,10,10,12,December,0,This section IS NOT on the NHS,99,Unknown,99,Unknown,0,2,0,2,0,,0000000,Not Applicable,3,Town or Township Highway Agency,0,No,2,Intersection,1,On Roadway,,,5,Local Street - Township,2,Urban,0,No,0,No Special Jurisdiction,New York,360945,36,W SHORE RD,HARBOR PARK DR N,3,T-Intersection,2,2,1,1,Clear,0,No Additional Atmospheric Conditions,Clear,0,None,2017
7,7:00am-7:59am,35,35,0,None,0,None,0,None,4600,OYSTER BAY,59,NASSAU (59),2010,28,1,Sunday,1,1,,,33,Curb,88,Not Applicable (Not Transported) ,88,Not Applicable (Not Transported),6,6:00am-6:59am,40.75677500,40.75677500,3,Dark - Lighted,-73.499544440,-73.499544440,0,Not a Collision with Motor Vehicle In-Transport,0,None,30,30,11,November,0,This section IS NOT on the NHS,7,7:00am-7:59am,35,35,0,,,1,,,0000000,Not Applicable,,,0,No,1,Non-Junction,4,On Roadside,15,Urban-Collector,5,Local Street - Township,,,0,No,0,No Special Jurisdiction,New York,360945,36,S OYSTER BAY RD,,1,Not an Intersection,1,1,1,1,Clear,0,No Additional Atmospheric Conditions,Clear,0,None,2010
2,2:00am-2:59am,50,50,0,None,0,None,0,None,6250,VALLEY STREAM,59,NASSAU (59),2010,28,1,Sunday,1,1,,,42,Tree (Standing Only),88,Not Applicable (Not Transported) ,88,Not Applicable (Not Transported),2,2:00am-2:59am,40.65955278,40.65955278,3,Dark - Lighted,-73.700505560,-73.700505560,0,Not a Collision with Motor Vehicle In-Transport,0,None,45,45,11,November,1,This section IS ON the NHS,2,2:00am-2:59am,46,46,0,,,1,,,0000000,Not Applicable,,,0,No,3,Intersection-Related ,4,On Roadside,2,Rural-Principal Arterial-Other,3,State Highway,,,0,No,0,No Special Jurisdiction,New York,360946,36,SR-27,ROCKAWAY AVE,2,Four-Way Intersection,1,1,1,1,Clear,0,No Additional Atmospheric Conditions,Clear,0,None,2010
99,Unknown EMS Scene Arrival Hour,99,Unknown EMS Scene Arrival Minutes,0,None,0,None,0,None,6250,VALLEY STREAM,59,NASSAU (59),2017,11,2,Monday,0,1,7,Local,8,Pedestrian,99,Unknown,99,Unknown EMS Hospital Arrival Time,19,7:00pm-7:59pm,40.66805833,40.66805833,3,Dark - Lighted,-73.709783330,-73.709783330,0,Not a Collision with Motor Vehicle In-Transport,0,None,30,30,12,December,0,This section IS NOT on the NHS,99,Unknown,99,Unknown,1,1,1,1,0,,0000000,Not Applicable,3,Town or Township Highway Agency,0,No,1,Non-Junction,1,On Roadway,,,5,Local Street - Township,2,Urban,0,No,0,No Special Jurisdiction,New York,360948,36,W MERRICK RD,,1,Not an Intersection,1,1,1,1,Clear,0,No Additional Atmospheric Conditions,Clear,0,None,2017
99,Unknown EMS Scene Arrival Hour,99,Unknown EMS Scene Arrival Minutes,0,None,0,None,0,None,4600,OYSTER BAY,59,NASSAU (59),2014,5,6,Friday,0,1,,,12,Motor Vehicle In-Transport ,99,Unknown,99,Unknown EMS Hospital Arrival Time,6,6:00am-6:59am,99.99990000,Unknown,4,Dawn,999.999900000,Unknown,1,Front-to-Rear ,0,None,28,28,12,December,1,This section IS ON the NHS,99,Unknown,99,Unknown,0,2,0,2,0,,0000000,Not Applicable,,,0,No,1,Non-Junction,1,On Roadway,13,Urban-Other Principal Arterial,3,State Highway,,,0,No,0,No Special Jurisdiction,New York,360949,36,SR-908M,,1,Not an Intersection,2,2,1,1,Clear,0,No Additional Atmospheric Conditions,Clear,0,None,2014
5,5:00am-5:59am,36,36,0,None,0,None,0,None,2600,HEMPSTEAD,59,NASSAU (59),2011,29,3,Tuesday,1,1,,,14,Parked Motor Vehicle ,99,Unknown,99,Unknown EMS Hospital Arrival Time,5,5:00am-5:59am,40.70505556,40.70505556,4,Dawn,-73.643341670,-73.643341670,0,Not a Collision with Motor Vehicle In-Transport,0,None,33,33,11,November,0,This section IS NOT on the NHS,5,5:00am-5:59am,35,35,0,2,0,2,1,,0000000,Not Applicable,,,0,No,3,Intersection-Related ,7,In Parking Lane/Zone,14,Urban-Minor Arterial,6,Local Street - Municipality,,,0,No,0,No Special Jurisdiction,New York,360950,36,HEMPSTEAD TPKE,WESTMINSTER RD,2,Four-Way Intersection,1,2,2,2,Rain,10,Cloudy,Rain,0,None,2011
99,Unknown EMS Scene Arrival Hour,99,Unknown EMS Scene Arrival Minutes,0,None,0,None,0,None,4430,OLD BROOKVILLE,59,NASSAU (59),2012,15,7,Saturday,0,1,,,33,Curb,99,Unknown,99,Unknown EMS Hospital Arrival Time,5,5:00am-5:59am,40.83330000,40.83330000,2,Dark - Not Lighted,-73.606250000,-73.606250000,0,Not a Collision with Motor Vehicle In-Transport,0,None,7,7,12,December,0,This section IS NOT on the NHS,99,Unknown,99,Unknown,0,1,0,1,0,,0000000,Not Applicable,,,0,No,3,Intersection-Related ,4,On Roadside,2,Rural-Principal Arterial-Other,3,State Highway,,,0,No,0,No Special Jurisdiction,New York,360954,36,SR-107,PHEASANT HILL LN,3,T-Intersection,1,1,1,1,Clear,0,No Additional Atmospheric Conditions,Clear,0,None,2012
99,Unknown EMS Scene Arrival Hour,99,Unknown EMS Scene Arrival Minutes,0,None,0,None,0,None,2600,HEMPSTEAD,59,NASSAU (59),2017,30,2,Monday,0,1,3,Principal Arterial - Other,8,Pedestrian,99,Unknown,99,Unknown EMS Hospital Arrival Time,0,0:00am-0:59am,40.68340000,40.68340000,3,Dark - Lighted,-73.679555560,-73.679555560,0,Not a Collision with Motor Vehicle In-Transport,0,None,29,29,10,October,1,This section IS ON the NHS,99,Unknown,99,Unknown,1,1,1,1,0,,0000000,Not Applicable,1,State Highway Agency,0,No,1,Non-Junction,1,On Roadway,,,3,State Highway,2,Urban,0,No,0,No Special Jurisdiction,New York,360956,36,SR-908M,,1,Not an Intersection,1,1,2,2,Rain,0,No Additional Atmospheric Conditions,Rain,0,None,2017
99,Unknown EMS Scene Arrival Hour,99,Unknown EMS Scene Arrival Minutes,0,None,0,None,0,None,4600,OYSTER BAY,59,NASSAU (59),2015,12,4,Wednesday,1,1,3,Principal Arterial - Other,25,Concrete Traffic Barrier,99,Unknown,99,Unknown EMS Hospital Arrival Time,5,5:00am-5:59am,40.79070556,40.79070556,3,Dark - Lighted,-73.517800000,-73.517800000,0,Not a Collision with Motor Vehicle In-Transport,0,None,21,21,8,August,0,This section IS NOT on the NHS,99,Unknown,99,Unknown,0,1,0,1,0,,0000000,Not Applicable,1,State Highway Agency,0,No,1,Non-Junction,3,On Median,,,3,State Highway,2,Urban,0,No,0,No Special Jurisdiction,New York,360958,36,SR-908G,,1,Not an Intersection,1,1,1,1,Clear,0,No Additional Atmospheric Conditions,Clear,0,None,2015
99,Unknown EMS Scene Arrival Hour,99,Unknown EMS Scene Arrival Minutes,0,None,0,None,0,None,1740,EAST ROCKWAY,59,NASSAU (59),2015,2,4,Wednesday,0,1,7,Local,8,Pedestrian,99,Unknown,99,Unknown EMS Hospital Arrival Time,10,10:00am-10:59am,40.64078056,40.64078056,1,Daylight,-73.659652780,-73.659652780,0,Not a Collision with Motor Vehicle In-Transport,0,None,26,26,9,September,0,This section IS NOT on the NHS,99,Unknown,99,Unknown,1,2,1,2,0,,0000000,Not Applicable,3,Town or Township Highway Agency,0,No,3,Intersection-Related ,1,On Roadway,,,5,Local Street - Township,2,Urban,0,No,0,No Special Jurisdiction,New York,360960,36,OCEAN AVE,ATLANTIC AVE,2,Four-Way Intersection,1,1,10,10,Cloudy,0,No Additional Atmospheric Conditions,Cloudy,0,None,2015
99,Unknown EMS Scene Arrival Hour,99,Unknown EMS Scene Arrival Minutes,0,None,0,None,0,None,4844,PLAINVIEW,59,NASSAU (59),2015,24,5,Thursday,0,1,7,Local,8,Pedestrian,99,Unknown,99,Unknown EMS Hospital Arrival Time,13,1:00pm-1:59pm,40.77358889,40.77358889,1,Daylight,-73.501783330,-73.501783330,0,Not a Collision with Motor Vehicle In-Transport,0,None,28,28,9,September,0,This section IS NOT on the NHS,99,Unknown,99,Unknown,1,1,1,1,0,,0000000,Not Applicable,3,Town or Township Highway Agency,0,No,3,Intersection-Related ,1,On Roadway,,,5,Local Street - Township,2,Urban,0,No,0,No Special Jurisdiction,New York,360961,36,S OYSTER BAY RD,SUNRISE RD,3,T-Intersection,1,1,1,1,Clear,0,No Additional Atmospheric Conditions,Clear,0,None,2015
21,9:00pm-9:59pm,8,8,0,None,0,None,0,None,2600,HEMPSTEAD,59,NASSAU (59),2012,16,1,Sunday,0,1,,,8,Pedestrian,21,9:00pm-9:59pm,29,29,21,9:00pm-9:59pm,40.71882778,40.71882778,3,Dark - Lighted,-73.620719440,-73.620719440,0,Not a Collision with Motor Vehicle In-Transport,0,None,2,2,12,December,0,This section IS NOT on the NHS,21,9:00pm-9:59pm,3,3,1,1,1,1,0,,0000000,Not Applicable,,,0,No,1,Non-Junction,1,On Roadway,6,Rural-Local Road or Street,5,Local Street - Township,,,0,No,0,No Special Jurisdiction,New York,360962,36,CLINTON ST,,1,Not an Intersection,1,1,2,2,Rain,0,No Additional Atmospheric Conditions,Rain,0,None,2012
99,Unknown EMS Scene Arrival Hour,99,Unknown EMS Scene Arrival Minutes,0,None,0,None,0,None,2600,HEMPSTEAD,59,NASSAU (59),2015,14,6,Friday,0,1,7,Local,8,Pedestrian,99,Unknown,99,Unknown EMS Hospital Arrival Time,11,11:00am-11:59am,40.69754722,40.69754722,1,Daylight,-73.585930560,-73.585930560,0,Not a Collision with Motor Vehicle In-Transport,0,None,10,10,8,August,0,This section IS NOT on the NHS,99,Unknown,99,Unknown,1,1,1,1,0,,0000000,Not Applicable,3,Town or Township Highway Agency,0,No,2,Intersection,1,On Roadway,,,5,Local Street - Township,2,Urban,0,No,0,No Special Jurisdiction,New York,360964,36,JERUSALEM AVE,NOSTRAND AVE,2,Four-Way Intersection,1,1,1,1,Clear,0,No Additional Atmospheric Conditions,Clear,0,None,2015
20,8:00pm-8:59pm,46,46,0,None,0,None,0,None,2600,HEMPSTEAD,59,NASSAU (59),2010,2,3,Tuesday,0,1,,,12,Motor Vehicle In-Transport ,21,9:00pm-9:59pm,4,4,20,8:00pm-8:59pm,40.69795000,40.69795000,3,Dark - Lighted,-73.576897220,-73.576897220,7,Sideswipe - Same Direction,0,None,31,31,11,November,0,This section IS NOT on the NHS,20,8:00pm-8:59pm,40,40,0,,,3,,,0000000,Not Applicable,,,0,No,1,Non-Junction,1,On Roadway,2,Rural-Principal Arterial-Other,4,County Road,,,0,No,0,No Special Jurisdiction,New York,360965,36,MEADOWBROOK PKY,,1,Not an Intersection,2,2,1,1,Clear,0,No Additional Atmospheric Conditions,Clear,0,None,2010
5,5:00am-5:59am,8,8,0,None,0,None,0,None,4450,OLD WESTBURY,59,NASSAU (59),2015,17,5,Thursday,0,1,1,Interstate,14,Parked Motor Vehicle ,88,Not Applicable (Not Transported) ,88,Not Applicable (Not Transported),5,5:00am-5:59am,40.77886111,40.77886111,3,Dark - Lighted,-73.574863890,-73.574863890,0,Not a Collision with Motor Vehicle In-Transport,0,None,6,6,12,December,1,This section IS ON the NHS,5,5:00am-5:59am,6,6,0,1,1,2,1,,0000000,Not Applicable,1,State Highway Agency,0,No,1,Non-Junction,2,On Shoulder,,,1,Interstate,1,Rural,0,No,0,No Special Jurisdiction,New York,360969,36,I-495,,1,Not an Intersection,1,2,1,1,Clear,0,No Additional Atmospheric Conditions,Clear,0,None,2015
99,Unknown EMS Scene Arrival Hour,99,Unknown EMS Scene Arrival Minutes,0,None,0,None,0,None,2600,HEMPSTEAD,59,NASSAU (59),2016,30,7,Saturday,0,1,7,Local,12,Motor Vehicle In-Transport ,99,Unknown,99,Unknown EMS Hospital Arrival Time,19,7:00pm-7:59pm,40.71956944,40.71956944,1,Daylight,-73.612488890,-73.612488890,6,Angle ,0,None,41,41,7,July,0,This section IS NOT on the NHS,99,Unknown,99,Unknown,0,2,0,2,0,,0000000,Not Applicable,3,Town or Township Highway Agency,0,No,2,Intersection,1,On Roadway,,,5,Local Street - Township,2,Urban,0,No,0,No Special Jurisdiction,New York,360973,36,BOYLSTON ST,BYRD ST,3,T-Intersection,2,2,10,10,Cloudy,0,No Additional Atmospheric Conditions,Cloudy,0,None,2016
99,Unknown EMS Scene Arrival Hour,99,Unknown EMS Scene Arrival Minutes,0,None,0,None,0,None,2600,HEMPSTEAD,59,NASSAU (59),2010,25,5,Thursday,0,1,,,12,Motor Vehicle In-Transport ,99,Unknown,99,Unknown EMS Hospital Arrival Time,19,7:00pm-7:59pm,40.72499722,40.72499722,3,Dark - Lighted,-73.557008330,-73.557008330,6,Angle ,0,None,20,20,11,November,1,This section IS ON the NHS,99,Unknown,99,Unknown,0,,,4,,,0000000,Not Applicable,,,0,No,2,Intersection,1,On Roadway,2,Rural-Principal Arterial-Other,3,State Highway,,,0,No,0,No Special Jurisdiction,New York,360974,36,SR-24,3RD ST,2,Four-Way Intersection,2,2,2,2,Rain,0,No Additional Atmospheric Conditions,Rain,0,None,2010
99,Unknown EMS Scene Arrival Hour,99,Unknown EMS Scene Arrival Minutes,0,None,0,None,0,None,2910,ISLAND PARK,59,NASSAU (59),2014,8,2,Monday,0,1,,,8,Pedestrian,99,Unknown,99,Unknown EMS Hospital Arrival Time,3,3:00am-3:59am,40.60100278,40.60100278,3,Dark - Lighted,-73.655894440,-73.655894440,0,Not a Collision with Motor Vehicle In-Transport,0,None,6,6,9,September,0,This section IS NOT on the NHS,99,Unknown,99,Unknown,1,1,1,1,0,,0000000,Not Applicable,,,0,No,1,Non-Junction,7,In Parking Lane/Zone,16,Urban-Local Road or Street,5,Local Street - Township,,,0,No,0,No Special Jurisdiction,New York,360974,36,LONG BEACH RD,,1,Not an Intersection,1,1,1,1,Clear,0,No Additional Atmospheric Conditions,Clear,0,None,2014
3,3:00am-3:59am,45,45,0,None,0,None,0,None,2600,HEMPSTEAD,59,NASSAU (59),2012,8,2,Monday,0,4,,,42,Tree (Standing Only),7,7:00am-7:59am,0,0,3,3:00am-3:59am,40.68345833,40.68345833,3,Dark - Lighted,-73.657552780,-73.657552780,0,Not a Collision with Motor Vehicle In-Transport,0,None,40,40,10,October,1,This section IS ON the NHS,3,3:00am-3:59am,41,41,0,5,0,5,0,,0000000,Not Applicable,,,0,No,1,Non-Junction,4,On Roadside,2,Rural-Principal Arterial-Other,3,State Highway,,,0,No,0,No Special Jurisdiction,New York,360974,36,SR-908M,,1,Not an Intersection,1,1,10,10,Cloudy,0,No Additional Atmospheric Conditions,Cloudy,0,None,2012
18,6:00pm-6:59pm,14,14,0,None,0,None,0,None,3800,MINEOLA,59,NASSAU (59),2011,8,5,Thursday,0,1,,,8,Pedestrian,99,Unknown,99,Unknown EMS Hospital Arrival Time,18,6:00pm-6:59pm,40.74506667,40.74506667,3,Dark - Lighted,-73.642038890,-73.642038890,0,Not a Collision with Motor Vehicle In-Transport,0,None,12,12,12,December,0,This section IS NOT on the NHS,18,6:00pm-6:59pm,12,12,1,5,1,5,0,,0000000,Not Applicable,,,0,No,3,Intersection-Related ,1,On Roadway,14,Urban-Minor Arterial,5,Local Street - Township,,,0,No,0,No Special Jurisdiction,New York,360975,36,MINEOLA BLVD,GRANT AVE,2,Four-Way Intersection,2,2,1,1,Clear,0,No Additional Atmospheric Conditions,Clear,0,None,2011
11,11:00am-11:59am,23,23,0,None,0,None,0,None,4450,OLD WESTBURY,59,NASSAU (59),2010,29,2,Monday,0,1,,,9,Pedalcyclist,11,11:00am-11:59am,45,45,11,11:00am-11:59am,40.77849444,40.77849444,1,Daylight,-73.577241670,-73.577241670,0,Not a Collision with Motor Vehicle In-Transport,0,None,15,15,11,November,0,This section IS NOT on the NHS,11,11:00am-11:59am,15,15,1,,,1,,,0000000,Not Applicable,,,0,No,3,Intersection-Related ,1,On Roadway,16,Urban-Local Road or Street,5,Local Street - Township,,,0,No,0,No Special Jurisdiction,New York,360976,36,STORE HILL RD S,POWELLS LN,3,T-Intersection,1,1,1,1,Clear,0,No Additional Atmospheric Conditions,Clear,0,None,2010
99,Unknown EMS Scene Arrival Hour,99,Unknown EMS Scene Arrival Minutes,0,None,0,None,0,None,4600,OYSTER BAY,59,NASSAU (59),2010,28,1,Sunday,1,1,,,12,Motor Vehicle In-Transport ,99,Unknown,99,Unknown EMS Hospital Arrival Time,16,4:00pm-4:59pm,40.80473889,40.80473889,5,Dusk,-73.523952780,-73.523952780,2,Front-to-Front,0,None,50,50,11,November,1,This section IS ON the NHS,99,Unknown,99,Unknown,0,,,4,,,0000000,Not Applicable,,,0,No,1,Non-Junction,1,On Roadway,13,Urban-Other Principal Arterial,3,State Highway,,,0,No,0,No Special Jurisdiction,New York,360978,36,SR-25,,1,Not an Intersection,2,2,1,1,Clear,0,No Additional Atmospheric Conditions,Clear,0,None,2010
99,Unknown EMS Scene Arrival Hour,99,Unknown EMS Scene Arrival Minutes,0,None,0,None,0,None,4090,NEW HYDE PARK,59,NASSAU (59),2016,8,3,Tuesday,0,1,7,Local,12,Motor Vehicle In-Transport ,99,Unknown,99,Unknown EMS Hospital Arrival Time,14,2:00pm-2:59pm,40.78401944,40.78401944,1,Daylight,-73.638869440,-73.638869440,2,Front-to-Front,0,None,59,59,11,November,0,This section IS NOT on the NHS,99,Unknown,99,Unknown,0,2,0,2,0,,0000000,Not Applicable,3,Town or Township Highway Agency,0,No,8,Driveway Access Related,1,On Roadway,,,5,Local Street - Township,2,Urban,0,No,0,No Special Jurisdiction,New York,360978,36,ROSLYN RD,,1,Not an Intersection,2,2,1,1,Clear,0,No Additional Atmospheric Conditions,Clear,0,None,2016
99,Unknown EMS Scene Arrival Hour,99,Unknown EMS Scene Arrival Minutes,0,None,0,None,0,None,2600,HEMPSTEAD,59,NASSAU (59),2010,25,4,Wednesday,0,1,,,8,Pedestrian,99,Unknown,99,Unknown EMS Hospital Arrival Time,23,11:00pm-11:59pm,99.99990000,Unknown,3,Dark - Lighted,999.999900000,Unknown,0,Not a Collision with Motor Vehicle In-Transport,0,None,39,39,8,August,0,This section IS NOT on the NHS,99,Unknown,99,Unknown,1,,,1,,,0000000,Not Applicable,,,0,No,3,Intersection-Related ,1,On Roadway,13,Urban-Other Principal Arterial,6,Local Street - Municipality,,,0,No,0,No Special Jurisdiction,New York,360979,36,OLD COUNTRY RD,PINE ST,3,T-Intersection,1,1,10,10,Cloudy,0,No Additional Atmospheric Conditions,Cloudy,0,None,2010
13,1:00pm-1:59pm,56,56,0,None,0,None,0,None,2285,GLEN HEAD,59,NASSAU (59),2010,30,3,Tuesday,0,1,,,12,Motor Vehicle In-Transport ,18,6:00pm-6:59pm,30,30,13,1:00pm-1:59pm,40.82622222,40.82622222,1,Daylight,-73.585450000,-73.585450000,6,Angle ,0,None,50,50,11,November,0,This section IS NOT on the NHS,13,1:00pm-1:59pm,51,51,0,,,3,,,0000000,Not Applicable,,,0,No,1,Non-Junction,1,On Roadway,2,Rural-Principal Arterial-Other,3,State Highway,,,0,No,0,No Special Jurisdiction,New York,360980,36,SR-25A,,1,Not an Intersection,3,3,2,2,Rain,0,No Additional Atmospheric Conditions,Rain,0,None,2010
99,Unknown EMS Scene Arrival Hour,99,Unknown EMS Scene Arrival Minutes,0,None,0,None,0,None,4600,OYSTER BAY,59,NASSAU (59),2010,10,1,Sunday,0,1,,,33,Curb,99,Unknown,99,Unknown EMS Hospital Arrival Time,21,9:00pm-9:59pm,40.86260833,40.86260833,3,Dark - Lighted,-73.527225000,-73.527225000,0,Not a Collision with Motor Vehicle In-Transport,0,None,50,50,10,October,0,This section IS NOT on the NHS,99,Unknown,99,Unknown,0,,,1,,,0000000,Not Applicable,,,0,No,2,Intersection,4,On Roadside,6,Rural-Local Road or Street,6,Local Street - Municipality,,,0,No,0,No Special Jurisdiction,New York,360981,36,BERRY HILL RD,TEMPLE LANE,3,T-Intersection,1,1,1,1,Clear,0,No Additional Atmospheric Conditions,Clear,0,None,2010
99,Unknown EMS Scene Arrival Hour,99,Unknown EMS Scene Arrival Minutes,0,None,0,None,0,None,2600,HEMPSTEAD,59,NASSAU (59),2010,11,2,Monday,0,1,,,8,Pedestrian,99,Unknown,99,Unknown EMS Hospital Arrival Time,8,8:00am-8:59am,40.70810000,40.70810000,1,Daylight,-73.628911110,-73.628911110,0,Not a Collision with Motor Vehicle In-Transport,0,None,46,46,10,October,0,This section IS NOT on the NHS,99,Unknown,99,Unknown,1,,,1,,,0000000,Not Applicable,,,0,No,1,Non-Junction,1,On Roadway,16,Urban-Local Road or Street,6,Local Street - Municipality,,,0,No,0,No Special Jurisdiction,New York,360982,36,TERRACE AVE,,1,Not an Intersection,1,1,1,1,Clear,0,No Additional Atmospheric Conditions,Clear,0,None,2010
99,Unknown EMS Scene Arrival Hour,99,Unknown EMS Scene Arrival Minutes,0,None,0,None,0,None,2600,HEMPSTEAD,59,NASSAU (59),2011,13,3,Tuesday,0,1,,,42,Tree (Standing Only),88,Not Applicable (Not Transported) ,88,Not Applicable (Not Transported),0,0:00am-0:59am,40.68889722,40.68889722,3,Dark - Lighted,-73.627405560,-73.627405560,0,Not a Collision with Motor Vehicle In-Transport,0,None,1,1,12,December,1,This section IS ON the NHS,99,Unknown,99,Unknown,0,1,0,1,0,,0000000,Not Applicable,,,0,No,1,Non-Junction,3,On Median,2,Rural-Principal Arterial-Other,3,State Highway,,,0,No,0,No Special Jurisdiction,New York,360984,36,SR-907M,,1,Not an Intersection,1,1,10,10,Cloudy,0,No Additional Atmospheric Conditions,Cloudy,0,None,2011
4,4:00am-4:59am,29,29,0,None,0,None,0,None,2600,HEMPSTEAD,59,NASSAU (59),2015,28,7,Saturday,1,2,7,Local,12,Motor Vehicle In-Transport ,5,5:00am-5:59am,4,4,4,4:00am-4:59am,40.61449722,40.61449722,3,Dark - Lighted,-73.752686110,-73.752686110,6,Angle ,0,None,16,16,11,November,0,This section IS NOT on the NHS,4,4:00am-4:59am,16,16,0,3,0,3,0,,0000000,Not Applicable,3,Town or Township Highway Agency,0,No,2,Intersection,1,On Roadway,,,5,Local Street - Township,2,Urban,0,No,0,No Special Jurisdiction,New York,360985,36,SHERIDAN BLVD,BAYVIEW AVE,2,Four-Way Intersection,2,2,1,1,Clear,0,No Additional Atmospheric Conditions,Clear,0,None,2015
1,1:00am-1:59am,47,47,0,None,0,None,0,None,2600,HEMPSTEAD,59,NASSAU (59),2015,29,3,Tuesday,0,1,2,Principal Arterial - Other Freeways and Expressways,25,Concrete Traffic Barrier,99,Unknown,99,Unknown EMS Hospital Arrival Time,1,1:00am-1:59am,99.99990000,Unknown,3,Dark - Lighted,999.999900000,Unknown,0,Not a Collision with Motor Vehicle In-Transport,0,None,32,32,12,December,1,This section IS ON the NHS,1,1:00am-1:59am,42,42,0,2,0,2,0,,0000000,Not Applicable,1,State Highway Agency,0,No,1,Non-Junction,3,On Median,,,3,State Highway,1,Rural,0,No,0,No Special Jurisdiction,New York,360989,36,SR-908E MEADOWBROOK PKY,,1,Not an Intersection,1,1,2,2,Rain,0,No Additional Atmospheric Conditions,Rain,0,None,2015
0,0:00am-0:59am,22,22,0,None,0,None,0,None,4090,NEW HYDE PARK,59,NASSAU (59),2011,17,7,Saturday,0,1,,,8,Pedestrian,0,0:00am-0:59am,31,31,0,0:00am-0:59am,40.73853611,40.73853611,3,Dark - Lighted,-73.668169440,-73.668169440,0,Not a Collision with Motor Vehicle In-Transport,0,None,22,22,12,December,1,This section IS ON the NHS,0,0:00am-0:59am,22,22,1,1,1,1,0,,0000000,Not Applicable,,,0,No,3,Intersection-Related ,1,On Roadway,2,Rural-Principal Arterial-Other,3,State Highway,,,0,No,0,No Special Jurisdiction,New York,360990,36,SR-25,4TH AVE,1,Not an Intersection,1,1,1,1,Clear,0,No Additional Atmospheric Conditions,Clear,0,None,2011
9,9:00am-9:59am,45,45,0,None,0,None,0,None,2600,HEMPSTEAD,59,NASSAU (59),2011,19,2,Monday,0,1,,,12,Motor Vehicle In-Transport ,10,10:00am-10:59am,5,5,9,9:00am-9:59am,40.69223333,40.69223333,1,Daylight,-73.632133330,-73.632133330,6,Angle ,0,None,42,42,12,December,0,This section IS NOT on the NHS,9,9:00am-9:59am,42,42,0,3,0,3,0,,0000000,Not Applicable,,,0,No,2,Intersection,1,On Roadway,16,Urban-Local Road or Street,6,Local Street - Municipality,,,0,No,0,No Special Jurisdiction,New York,360999,36,PENINSULA BLVD,W MARSHALL ST,3,T-Intersection,2,2,1,1,Clear,0,No Additional Atmospheric Conditions,Clear,0,None,2011
22,10:00pm-10:59pm,49,49,0,None,0,None,0,None,3360,LONG BEACH,59,NASSAU (59),2010,3,4,Wednesday,0,1,,,8,Pedestrian,23,11:00pm-11:59pm,5,5,22,10:00pm-10:59pm,40.58826111,40.58826111,3,Dark - Lighted,-73.667000000,-73.667000000,0,Not a Collision with Motor Vehicle In-Transport,0,None,49,49,11,November,0,This section IS NOT on the NHS,22,10:00pm-10:59pm,49,49,1,,,3,,,0000000,Not Applicable,,,0,No,3,Intersection-Related ,1,On Roadway,14,Urban-Minor Arterial,6,Local Street - Municipality,,,0,No,0,No Special Jurisdiction,New York,361000,36,NATIONAL BLVD,W PARK AVE,2,Four-Way Intersection,1,1,1,1,Clear,0,No Additional Atmospheric Conditions,Clear,0,None,2010
99,Unknown EMS Scene Arrival Hour,99,Unknown EMS Scene Arrival Minutes,0,None,0,None,0,None,4600,OYSTER BAY,59,NASSAU (59),2015,31,5,Thursday,0,1,5,Major Collector,8,Pedestrian,22,10:00pm-10:59pm,53,53,22,10:00pm-10:59pm,40.76170833,40.76170833,3,Dark - Lighted,-73.528225000,-73.528225000,0,Not a Collision with Motor Vehicle In-Transport,0,None,45,45,12,December,0,This section IS NOT on the NHS,22,10:00pm-10:59pm,45,45,1,1,1,1,0,,0000000,Not Applicable,3,Town or Township Highway Agency,0,No,2,Intersection,1,On Roadway,,,5,Local Street - Township,2,Urban,0,No,0,No Special Jurisdiction,New York,361003,36,NEWBRIDGE RD,W OLD COUNTRY RD,2,Four-Way Intersection,1,1,1,1,Clear,0,No Additional Atmospheric Conditions,Clear,0,None,2015