ARR_HOUR,ARR_HOURNAME,ARR_MIN,ARR_MINNAME,CF1,CF1NAME,CF2,CF2NAME,CF3,CF3NAME,CITY,CITYNAME,COUNTY,COUNTYNAME,CaseYear,DAY,DAY_WEEK,DAY_WEEKNAME,DRUNK_DR,FATALS,FUNC_SYS,FUNC_SYSNAME,HARM_EV,HARM_EVNAME,HOSP_HR,HOSP_HRNAME,HOSP_MN,HOSP_MNNAME,HOUR,HOURNAME,LATITUDE,LATITUDENAME,LGT_COND,LGT_CONDNAME,LONGITUD,LONGITUDNAME,MAN_COLL,MAN_COLLNAME,MILEPT,MILEPTNAME,MINUTE,MINUTENAME,MONTH,MonthName,NHS,NHSNAME,NOT_HOUR,NOT_HOURNAME,NOT_MIN,NOT_MINNAME,PEDS,PERMVIT,PERNOTMVIT,PERSONS,PVH_INVL,ParkWorks,RAIL,RAILNAME,RD_OWNER,RD_OWNERNAME,RELJCT1,RELJCT1NAME,RELJCT2,RELJCT2NAME,REL_ROAD,REL_ROADNAME,ROAD_FNC,ROAD_FNCNAME,ROUTE,ROUTENAME,RUR_URB,RUR_URBNAME,SCH_BUS,SCH_BUSNAME,SP_JUR,SP_JURNAME,STATENAME,ST_CASE,State,TWAY_ID,TWAY_ID2,TYP_INT,TYP_INTNAME,VE_FORMS,VE_TOTAL,WEATHER,WEATHER1,WEATHER1NAME,WEATHER2,WEATHER2NAME,WEATHERNAME,WRK_ZONE,WRK_ZONENAME,YEAR
99,Unknown EMS Scene Arrival Hour,99,Unknown EMS Scene Arrival Minutes,0,None,0,None,0,None,2840,HUNTINGTON,103,SUFFOLK (103),2017,1,4,Wednesday,0,1,3,Principal Arterial - Other,12,Motor Vehicle In-Transport ,99,Unknown,99,Unknown EMS Hospital Arrival Time,13,1:00pm-1:59pm,40.84206667,40.84206667,1,Daylight,-73.302161110,-73.302161110,2,Front-to-Front,0,None,59,59,3,March,1,This section IS ON the NHS,13,1:00pm-1:59pm,59,59,0,3,0,3,0,,0000000,Not Applicable,1,State Highway Agency,0,No,1,Non-Junction,1,On Roadway,,,3,State Highway,2,Urban,0,No,0,No Special Jurisdiction,New York,360099,36,SR-25,,1,Not an Intersection,2,2,10,10,Cloudy,0,No Additional Atmospheric Conditions,Cloudy,0,None,2017
6,6:00am-6:59am,15,15,0,None,0,None,0,None,2920,ISLIP,103,SUFFOLK (103),2019,19,3,Tuesday,0,1,7,Local,8,Pedestrian,88,Not Applicable (Not Transported) ,88,Not Applicable (Not Transported),6,6:00am-6:59am,40.79405278,40.79405278,3,Dark - Lighted,-73.185525000,-73.185525000,0,The First Harmful Event was Not a Collision with a Motor Vehicle in Transport,99998,Not Reported,9,9,3,March,0,This section IS NOT on the NHS,6,6:00am-6:59am,10,10,1,1,1,1,0,,0000000,Not Applicable,2,County Highway Agency,0,No,1,Non-Junction,1,On Roadway,,,4,County Road,2,Urban,0,No,0,No Special Jurisdiction,New York,360100,36,CR-100 SUFFOLK AVE,,1,Not an Intersection,1,1,1,1,Clear,0,No Additional Atmospheric Conditions,Clear,0,None,2019
99,Unknown EMS Scene Arrival Hour,99,Unknown EMS Scene Arrival Minutes,0,None,0,None,0,None,5769,SMITHTOWN,103,SUFFOLK (103),2018,3,7,Saturday,0,1,3,Principal Arterial - Other,8,Pedestrian,99,Unknown,99,Unknown EMS Hospital Arrival Time,15,3:00pm-3:59pm,99.99990000,Unknown,1,Daylight,999.999900000,Unknown,0,Not a Collision with Motor Vehicle In-Transport,0,None,6,6,3,March,1,This section IS ON the NHS,99,Unknown,99,Unknown,1,1,1,1,0,,0000000,Not Applicable,1,State Highway Agency,0,No,1,Non-Junction,1,On Roadway,,,3,State Highway,2,Urban,0,No,0,No Special Jurisdiction,New York,360101,36,SR-25,,1,Not an Intersection,1,1,10,10,Cloudy,0,No Additional Atmospheric Conditions,Cloudy,0,None,2018
20,8:00pm-8:59pm,46,46,0,None,0,None,0,None,2840,HUNTINGTON,103,SUFFOLK (103),2014,17,6,Friday,0,1,,,12,Motor Vehicle In-Transport ,21,9:00pm-9:59pm,22,22,20,8:00pm-8:59pm,40.81469722,40.81469722,3,Dark - Lighted,-73.388350000,-73.388350000,6,Angle ,0,None,20,20,1,January,0,This section IS NOT on the NHS,20,8:00pm-8:59pm,30,30,0,7,0,7,0,,0000000,Not Applicable,,,0,No,3,Intersection-Related ,1,On Roadway,16,Urban-Local Road or Street,5,Local Street - Township,,,0,No,0,No Special Jurisdiction,New York,360101,36,PIDGEON HILL RD,WINDHAM DR,3,T-Intersection,2,2,1,1,Clear,0,No Additional Atmospheric Conditions,Clear,0,None,2014
99,Unknown EMS Scene Arrival Hour,99,Unknown EMS Scene Arrival Minutes,0,None,0,None,0,None,2920,ISLIP,103,SUFFOLK (103),2017,5,1,Sunday,0,1,3,Principal Arterial - Other,8,Pedestrian,99,Unknown,99,Unknown EMS Hospital Arrival Time,23,11:00pm-11:59pm,40.78534167,40.78534167,3,Dark - Lighted,-73.113261110,-73.113261110,0,Not a Collision with Motor Vehicle In-Transport,0,None,15,15,2,February,1,This section IS ON the NHS,99,Unknown,99,Unknown,1,2,1,2,0,,0000000,Not Applicable,4,City or Municipal Highway Agency,0,No,3,Intersection-Related ,1,On Roadway,,,3,State Highway,2,Urban,0,No,0,No Special Jurisdiction,New York,360103,36,SR-454,LAKELAND AVE,2,Four-Way Intersection,1,1,1,1,Clear,0,No Additional Atmospheric Conditions,Clear,0,None,2017
7,7:00am-7:59am,7,7,0,None,0,None,0,None,705,BROOKHAVEN,103,SUFFOLK (103),2014,23,5,Thursday,0,1,,,24,Guardrail Face,99,Unknown,99,Unknown EMS Hospital Arrival Time,6,6:00am-6:59am,40.91678333,40.91678333,4,Dawn,-73.115436110,-73.115436110,0,Not a Collision with Motor Vehicle In-Transport,0,None,58,58,1,January,0,This section IS NOT on the NHS,6,6:00am-6:59am,59,59,0,1,0,1,0,,0000000,Not Applicable,,,0,No,1,Non-Junction,4,On Roadside,16,Urban-Local Road or Street,4,County Road,,,0,No,0,No Special Jurisdiction,New York,360104,36,CR-97,,1,Not an Intersection,1,1,10,10,Cloudy,0,No Additional Atmospheric Conditions,Cloudy,0,None,2014
99,Unknown EMS Scene Arrival Hour,99,Unknown EMS Scene Arrival Minutes,0,None,0,None,0,None,360,BABYLON,103,SUFFOLK (103),2017,16,5,Thursday,0,1,3,Principal Arterial - Other,8,Pedestrian,99,Unknown,99,Unknown EMS Hospital Arrival Time,18,6:00pm-6:59pm,40.69041389,40.69041389,2,Dark - Not Lighted,-73.404050000,-73.404050000,0,Not a Collision with Motor Vehicle In-Transport,0,None,45,45,2,February,1,This section IS ON the NHS,99,Unknown,99,Unknown,1,1,1,1,0,,0000000,Not Applicable,1,State Highway Agency,0,No,1,Non-Junction,1,On Roadway,,,3,State Highway,2,Urban,0,No,0,No Special Jurisdiction,New York,360105,36,SR-27,,1,Not an Intersection,1,1,1,1,Clear,0,No Additional Atmospheric Conditions,Clear,0,None,2017
99,Unknown EMS Scene Arrival Hour,99,Unknown EMS Scene Arrival Minutes,0,None,0,None,0,None,1650,EAST HAMPTON,103,SUFFOLK (103),2013,22,6,Friday,1,1,,,42,Tree (Standing Only),88,Not Applicable (Not Transported) ,88,Not Applicable (Not Transported),23,11:00pm-11:59pm,99.99990000,Unknown,2,Dark - Not Lighted,999.999900000,Unknown,0,Not a Collision with Motor Vehicle In-Transport,0,None,26,26,2,February,0,This section IS NOT on the NHS,99,Unknown,99,Unknown,0,1,0,1,0,,0000000,Not Applicable,,,0,No,1,Non-Junction,4,On Roadside,6,Rural-Local Road or Street,5,Local Street - Township,,,0,No,0,No Special Jurisdiction,New York,360105,36,RED DIRT RD,,1,Not an Intersection,1,1,10,10,Cloudy,0,No Additional Atmospheric Conditions,Cloudy,0,None,2013
18,6:00pm-6:59pm,58,58,0,None,0,None,0,None,705,BROOKHAVEN,103,SUFFOLK (103),2014,23,5,Thursday,0,1,,,8,Pedestrian,99,Unknown,99,Unknown EMS Hospital Arrival Time,18,6:00pm-6:59pm,40.87198611,40.87198611,2,Dark - Not Lighted,-73.043252780,-73.043252780,0,Not a Collision with Motor Vehicle In-Transport,0,None,51,51,1,January,0,This section IS NOT on the NHS,18,6:00pm-6:59pm,53,53,1,1,1,1,0,,0000000,Not Applicable,,,0,No,2,Intersection,1,On Roadway,16,Urban-Local Road or Street,5,Local Street - Township,,,0,No,0,No Special Jurisdiction,New York,360106,36,MAGNOLIA DR,NELSON RD,3,T-Intersection,1,1,1,1,Clear,0,No Additional Atmospheric Conditions,Clear,0,None,2014
99,Unknown EMS Scene Arrival Hour,99,Unknown EMS Scene Arrival Minutes,0,None,0,None,0,None,2840,HUNTINGTON,103,SUFFOLK (103),2018,29,2,Monday,0,1,7,Local,12,Motor Vehicle In-Transport ,99,Unknown,99,Unknown EMS Hospital Arrival Time,3,3:00am-3:59am,40.81778333,40.81778333,3,Dark - Lighted,-73.293638890,-73.293638890,6,Angle ,0,None,25,25,1,January,0,This section IS NOT on the NHS,99,Unknown,99,Unknown,0,2,0,2,0,,0000000,Not Applicable,3,Town or Township Highway Agency,0,No,1,Non-Junction,1,On Roadway,,,5,Local Street - Township,2,Urban,0,No,0,No Special Jurisdiction,New York,360107,36,COMMACK RD,,1,Not an Intersection,2,2,10,10,Cloudy,0,No Additional Atmospheric Conditions,Cloudy,0,None,2018
99,Unknown EMS Scene Arrival Hour,99,Unknown EMS Scene Arrival Minutes,0,None,0,None,0,None,2920,ISLIP,103,SUFFOLK (103),2018,9,6,Friday,0,1,3,Principal Arterial - Other,9,Pedalcyclist,13,1:00pm-1:59pm,7,7,12,12:00pm-12:59pm,40.78204444,40.78204444,1,Daylight,-73.085988890,-73.085988890,0,Not a Collision with Motor Vehicle In-Transport,0,None,41,41,2,February,1,This section IS ON the NHS,12,12:00pm-12:59pm,51,51,1,1,1,1,0,,0000000,Not Applicable,1,State Highway Agency,0,No,1,Non-Junction,1,On Roadway,,,3,State Highway,1,Rural,0,No,0,No Special Jurisdiction,New York,360108,36,SR-454 VETERANS MEMORIAL HWY,,1,Not an Intersection,1,1,1,1,Clear,0,No Additional Atmospheric Conditions,Clear,0,None,2018
2,2:00am-2:59am,6,6,0,None,0,None,0,None,2920,ISLIP,103,SUFFOLK (103),2016,4,6,Friday,0,1,2,Principal Arterial - Other Freeways and Expressways,33,Curb,2,2:00am-2:59am,19,19,2,2:00am-2:59am,40.75493611,40.75493611,3,Dark - Lighted,-73.222538890,-73.222538890,0,Not a Collision with Motor Vehicle In-Transport,0,None,3,3,3,March,1,This section IS ON the NHS,2,2:00am-2:59am,3,3,0,1,0,1,0,,0000000,Not Applicable,1,State Highway Agency,0,No,1,Non-Junction,4,On Roadside,,,3,State Highway,1,Rural,0,No,0,No Special Jurisdiction,New York,360109,36,SR-908M SOUTHERN STATE PKWY,,1,Not an Intersection,1,1,10,10,Cloudy,0,No Additional Atmospheric Conditions,Cloudy,0,None,2016
99,Unknown EMS Scene Arrival Hour,99,Unknown EMS Scene Arrival Minutes,0,None,0,None,0,None,705,BROOKHAVEN,103,SUFFOLK (103),2018,27,7,Saturday,0,1,3,Principal Arterial - Other,8,Pedestrian,88,Not Applicable (Not Transported) ,88,Not Applicable (Not Transported),3,3:00am-3:59am,40.77927222,40.77927222,2,Dark - Not Lighted,-73.011994440,-73.011994440,0,Not a Collision with Motor Vehicle In-Transport,0,None,0,0,1,January,1,This section IS ON the NHS,99,Unknown,99,Unknown,1,4,1,4,0,,0000000,Not Applicable,1,State Highway Agency,0,No,1,Non-Junction,1,On Roadway,,,3,State Highway,2,Urban,0,No,0,No Special Jurisdiction,New York,360110,36,SR-27,,1,Not an Intersection,3,3,10,10,Cloudy,0,No Additional Atmospheric Conditions,Cloudy,0,None,2018
3,3:00am-3:59am,55,55,0,None,0,None,0,None,705,BROOKHAVEN,103,SUFFOLK (103),2018,12,2,Monday,1,1,4,Minor Arterial,38,Fence,88,Not Applicable (Not Transported) ,88,Not Applicable (Not Transported),3,3:00am-3:59am,40.94609444,40.94609444,2,Dark - Not Lighted,-72.916816670,-72.916816670,0,Not a Collision with Motor Vehicle In-Transport,0,None,43,43,2,February,0,This section IS NOT on the NHS,3,3:00am-3:59am,45,45,0,1,0,1,0,,0000000,Not Applicable,1,State Highway Agency,0,No,1,Non-Junction,4,On Roadside,,,3,State Highway,1,Rural,0,No,0,No Special Jurisdiction,New York,360111,36,SR-25A BYPASS,,1,Not an Intersection,1,1,1,1,Clear,0,No Additional Atmospheric Conditions,Clear,0,None,2018
99,Unknown EMS Scene Arrival Hour,99,Unknown EMS Scene Arrival Minutes,0,None,0,None,0,None,2840,HUNTINGTON,103,SUFFOLK (103),2013,16,4,Wednesday,0,1,,,8,Pedestrian,88,Not Applicable (Not Transported) ,88,Not Applicable (Not Transported),6,6:00am-6:59am,99.99990000,Unknown,3,Dark - Lighted,999.999900000,Unknown,0,Not a Collision with Motor Vehicle In-Transport,0,None,12,12,1,January,1,This section IS ON the NHS,99,Unknown,99,Unknown,1,4,1,4,0,,0000000,Not Applicable,,,0,No,1,Non-Junction,1,On Roadway,2,Rural-Principal Arterial-Other,3,State Highway,,,0,No,0,No Special Jurisdiction,New York,360112,36,SR-908G,,1,Not an Intersection,3,3,3,3,Sleet or Hail,0,No Additional Atmospheric Conditions,Sleet or Hail,0,None,2013
6,6:00am-6:59am,48,48,0,None,0,None,0,None,705,BROOKHAVEN,103,SUFFOLK (103),2018,24,7,Saturday,1,1,7,Local,42,Tree (Standing Only),88,Not Applicable (Not Transported) ,88,Not Applicable (Not Transported),6,6:00am-6:59am,40.94253611,40.94253611,1,Daylight,-72.877397220,-72.877397220,0,Not a Collision with Motor Vehicle In-Transport,0,None,40,40,2,February,0,This section IS NOT on the NHS,6,6:00am-6:59am,40,40,0,1,0,1,0,,0000000,Not Applicable,2,County Highway Agency,0,No,1,Non-Junction,4,On Roadside,,,4,County Road,1,Rural,0,No,0,No Special Jurisdiction,New York,360113,36,CR-46,,1,Not an Intersection,1,1,1,1,Clear,0,No Additional Atmospheric Conditions,Clear,0,None,2018
99,Unknown EMS Scene Arrival Hour,99,Unknown EMS Scene Arrival Minutes,0,None,0,None,0,None,705,BROOKHAVEN,103,SUFFOLK (103),2017,24,6,Friday,0,1,7,Local,8,Pedestrian,99,Unknown,99,Unknown EMS Hospital Arrival Time,19,7:00pm-7:59pm,40.82553889,40.82553889,2,Dark - Not Lighted,-73.111308330,-73.111308330,0,Not a Collision with Motor Vehicle In-Transport,0,None,58,58,2,February,0,This section IS NOT on the NHS,99,Unknown,99,Unknown,1,2,1,2,0,,0000000,Not Applicable,3,Town or Township Highway Agency,0,No,1,Non-Junction,1,On Roadway,,,5,Local Street - Township,2,Urban,0,No,0,No Special Jurisdiction,New York,360113,36,RONKONKOMA AVE,,1,Not an Intersection,1,1,1,1,Clear,0,No Additional Atmospheric Conditions,Clear,0,None,2017
99,Unknown EMS Scene Arrival Hour,99,Unknown EMS Scene Arrival Minutes,0,None,0,None,0,None,705,BROOKHAVEN,103,SUFFOLK (103),2017,20,2,Monday,0,1,3,Principal Arterial - Other,8,Pedestrian,99,Unknown,99,Unknown EMS Hospital Arrival Time,20,8:00pm-8:59pm,40.86384722,40.86384722,3,Dark - Lighted,-73.047583330,-73.047583330,0,Not a Collision with Motor Vehicle In-Transport,0,None,35,35,2,February,1,This section IS ON the NHS,99,Unknown,99,Unknown,1,1,1,1,0,,0000000,Not Applicable,3,Town or Township Highway Agency,0,No,3,Intersection-Related ,1,On Roadway,,,3,State Highway,2,Urban,0,No,0,No Special Jurisdiction,New York,360114,36,SR-25,COLLEGE RD,3,T-Intersection,1,1,1,1,Clear,0,No Additional Atmospheric Conditions,Clear,0,None,2017
15,3:00pm-3:59pm,32,32,0,None,0,None,0,None,5210,RIVERHEAD,103,SUFFOLK (103),2011,19,7,Saturday,0,1,,,12,Motor Vehicle In-Transport ,16,4:00pm-4:59pm,0,0,15,3:00pm-3:59pm,40.94233333,40.94233333,1,Daylight,-72.813830560,-72.813830560,6,Angle ,0,None,27,27,3,March,1,This section IS ON the NHS,15,3:00pm-3:59pm,27,27,0,2,0,2,0,,0000000,Not Applicable,,,0,No,1,Non-Junction,1,On Roadway,13,Urban-Other Principal Arterial,3,State Highway,,,0,No,0,No Special Jurisdiction,New York,360115,36,SR-25A,,1,Not an Intersection,2,2,1,1,Clear,0,No Additional Atmospheric Conditions,Clear,0,None,2011
99,Unknown EMS Scene Arrival Hour,99,Unknown EMS Scene Arrival Minutes,0,None,0,None,0,None,5810,SOUTHAMPTON,103,SUFFOLK (103),2019,12,3,Tuesday,1,1,7,Local,42,Tree (Standing Only),99,Unknown,99,Unknown EMS Hospital Arrival Time,20,8:00pm-8:59pm,40.97896111,40.97896111,3,Dark - Lighted,-72.321158330,-72.321158330,0,The First Harmful Event was Not a Collision with a Motor Vehicle in Transport,99998,Not Reported,29,29,3,March,0,This section IS NOT on the NHS,20,8:00pm-8:59pm,32,32,0,1,0,1,0,,0000000,Not Applicable,3,Town or Township Highway Agency,0,No,3,Intersection-Related ,4,On Roadside,,,5,Local Street - Township,1,Rural,0,No,0,No Special Jurisdiction,New York,360115,36,BRICK KILN RD,STONEY HILL RD,3,T-Intersection,1,1,1,1,Clear,0,No Additional Atmospheric Conditions,Clear,0,None,2019
99,Unknown EMS Scene Arrival Hour,99,Unknown EMS Scene Arrival Minutes,0,None,0,None,0,None,705,BROOKHAVEN,103,SUFFOLK (103),2017,24,6,Friday,0,1,3,Principal Arterial - Other,9,Pedalcyclist,99,Unknown,99,Unknown EMS Hospital Arrival Time,17,5:00pm-5:59pm,40.94167500,40.94167500,1,Daylight,-72.987927780,-72.987927780,0,Not a Collision with Motor Vehicle In-Transport,0,None,2,2,2,February,1,This section IS ON the NHS,99,Unknown,99,Unknown,1,1,1,1,0,,0000000,Not Applicable,1,State Highway Agency,0,No,3,Intersection-Related ,1,On Roadway,,,3,State Highway,2,Urban,0,No,0,No Special Jurisdiction,New York,360116,36,SR-25A,MILLER PLACE RD,2,Four-Way Intersection,1,1,1,1,Clear,0,No Additional Atmospheric Conditions,Clear,0,None,2017
99,Unknown EMS Scene Arrival Hour,99,Unknown EMS Scene Arrival Minutes,0,None,0,None,0,None,360,BABYLON,103,SUFFOLK (103),2013,5,7,Saturday,0,1,,,33,Curb,99,Unknown,99,Unknown EMS Hospital Arrival Time,20,8:00pm-8:59pm,99.99990000,Unknown,3,Dark - Lighted,999.999900000,Unknown,0,Not a Collision with Motor Vehicle In-Transport,0,None,34,34,1,January,0,This section IS NOT on the NHS,99,Unknown,99,Unknown,1,2,1,2,0,,0000000,Not Applicable,,,0,No,1,Non-Junction,4,On Roadside,16,Urban-Local Road or Street,6,Local Street - Municipality,,,0,No,0,No Special Jurisdiction,New York,360117,36,GREAT NECK RD,,1,Not an Intersection,1,1,1,1,Clear,0,No Additional Atmospheric Conditions,Clear,0,None,2013
99,Unknown EMS Scene Arrival Hour,99,Unknown EMS Scene Arrival Minutes,0,None,0,None,0,None,705,BROOKHAVEN,103,SUFFOLK (103),2016,1,2,Monday,0,1,3,Principal Arterial - Other,8,Pedestrian,88,Not Applicable (Not Transported) ,88,Not Applicable (Not Transported),18,6:00pm-6:59pm,40.81677778,40.81677778,2,Dark - Not Lighted,-73.053916670,-73.053916670,0,Not a Collision with Motor Vehicle In-Transport,0,None,54,54,2,February,0,This section IS NOT on the NHS,99,Unknown,99,Unknown,1,1,1,1,0,,0000000,Not Applicable,2,County Highway Agency,0,No,1,Non-Junction,1,On Roadway,,,4,County Road,1,Rural,0,No,0,No Special Jurisdiction,New York,360117,36,CR-97,,1,Not an Intersection,1,1,2,2,Rain,0,No Additional Atmospheric Conditions,Rain,0,None,2016
4,4:00am-4:59am,4,4,0,None,0,None,0,None,360,BABYLON,103,SUFFOLK (103),2016,2,3,Tuesday,0,1,3,Principal Arterial - Other,8,Pedestrian,88,Not Applicable (Not Transported) ,88,Not Applicable (Not Transported),3,3:00am-3:59am,40.72758889,40.72758889,2,Dark - Not Lighted,-73.319827780,-73.319827780,0,Not a Collision with Motor Vehicle In-Transport,0,None,53,53,2,February,1,This section IS ON the NHS,3,3:00am-3:59am,54,54,1,1,1,1,0,,0000000,Not Applicable,1,State Highway Agency,0,No,3,Intersection-Related ,1,On Roadway,,,3,State Highway,1,Rural,0,No,0,No Special Jurisdiction,New York,360118,36,SR-231,HALE RD,2,Four-Way Intersection,1,1,1,1,Clear,0,No Additional Atmospheric Conditions,Clear,0,None,2016
99,Unknown EMS Scene Arrival Hour,99,Unknown EMS Scene Arrival Minutes,0,None,0,None,0,None,2920,ISLIP,103,SUFFOLK (103),2013,10,5,Thursday,0,1,,,12,Motor Vehicle In-Transport ,99,Unknown,99,Unknown EMS Hospital Arrival Time,10,10:00am-10:59am,40.77965556,40.77965556,1,Daylight,-73.252911110,-73.252911110,6,Angle ,0,None,45,45,1,January,0,This section IS NOT on the NHS,99,Unknown,99,Unknown,0,2,0,2,0,,0000000,Not Applicable,,,0,No,8,Driveway Access Related,1,On Roadway,16,Urban-Local Road or Street,6,Local Street - Municipality,,,0,No,0,No Special Jurisdiction,New York,360118,36,SUFFOLK AVE,,1,Not an Intersection,2,2,1,1,Clear,0,No Additional Atmospheric Conditions,Clear,0,None,2013
16,4:00pm-4:59pm,36,36,0,None,0,None,0,None,5210,RIVERHEAD,103,SUFFOLK (103),2015,16,2,Monday,1,1,7,Local,44,"Pavement Surface Irregularity (Ruts, Potholes, Grates, etc.)",17,5:00pm-5:59pm,6,6,16,4:00pm-4:59pm,40.95877500,40.95877500,1,Daylight,-72.677133330,-72.677133330,0,Not a Collision with Motor Vehicle In-Transport,0,None,28,28,3,March,0,This section IS NOT on the NHS,16,4:00pm-4:59pm,30,30,0,1,0,1,0,,0000000,Not Applicable,3,Town or Township Highway Agency,0,No,1,Non-Junction,1,On Roadway,,,5,Local Street - Township,1,Rural,0,No,0,No Special Jurisdiction,New York,360118,36,REEVES AVE,,1,Not an Intersection,1,1,10,10,Cloudy,0,No Additional Atmospheric Conditions,Cloudy,0,None,2015
99,Unknown EMS Scene Arrival Hour,99,Unknown EMS Scene Arrival Minutes,0,None,0,None,0,None,705,BROOKHAVEN,103,SUFFOLK (103),2011,19,4,Wednesday,0,1,,,8,Pedestrian,88,Not Applicable (Not Transported) ,88,Not Applicable (Not Transported),5,5:00am-5:59am,40.78635000,40.78635000,3,Dark - Lighted,-72.863677780,-72.863677780,0,Not a Collision with Motor Vehicle In-Transport,0,None,20,20,1,January,1,This section IS ON the NHS,99,Unknown,99,Unknown,1,1,1,1,0,,0000000,Not Applicable,,,0,No,3,Intersection-Related ,1,On Roadway,13,Urban-Other Principal Arterial,4,County Road,,,0,No,0,No Special Jurisdiction,New York,360118,36,CR-46,LAWRENCE RD,2,Four-Way Intersection,1,1,2,2,Rain,0,No Additional Atmospheric Conditions,Rain,0,None,2011
2,2:00am-2:59am,15,15,0,None,0,None,0,None,2920,ISLIP,103,SUFFOLK (103),2011,22,7,Saturday,0,1,,,8,Pedestrian,2,2:00am-2:59am,45,45,2,2:00am-2:59am,40.81523889,40.81523889,3,Dark - Lighted,-73.125397220,-73.125397220,0,Not a Collision with Motor Vehicle In-Transport,0,None,5,5,1,January,0,This section IS NOT on the NHS,2,2:00am-2:59am,13,13,1,1,1,1,0,,0000000,Not Applicable,,,0,No,3,Intersection-Related ,1,On Roadway,14,Urban-Minor Arterial,4,County Road,,,0,No,0,No Special Jurisdiction,New York,360119,36,CR-93,MICHIGAN ST,2,Four-Way Intersection,1,1,1,1,Clear,0,No Additional Atmospheric Conditions,Clear,0,None,2011
19,7:00pm-7:59pm,36,36,0,None,0,None,0,None,2840,HUNTINGTON,103,SUFFOLK (103),2010,27,4,Wednesday,0,1,,,12,Motor Vehicle In-Transport ,99,Unknown,99,Unknown EMS Hospital Arrival Time,19,7:00pm-7:59pm,40.88549722,40.88549722,3,Dark - Lighted,-73.374666670,-73.374666670,2,Front-to-Front,598,598,25,25,1,January,1,This section IS ON the NHS,19,7:00pm-7:59pm,29,29,0,,,2,,,0000000,Not Applicable,,,0,No,1,Non-Junction,1,On Roadway,13,Urban-Other Principal Arterial,3,State Highway,,,0,No,0,No Special Jurisdiction,New York,360119,36,SR-25A,,1,Not an Intersection,2,2,1,1,Clear,0,No Additional Atmospheric Conditions,Clear,0,None,2010
99,Unknown EMS Scene Arrival Hour,99,Unknown EMS Scene Arrival Minutes,0,None,0,None,0,None,5769,SMITHTOWN,103,SUFFOLK (103),2013,11,6,Friday,1,1,,,12,Motor Vehicle In-Transport ,88,Not Applicable (Not Transported) ,88,Not Applicable (Not Transported),3,3:00am-3:59am,40.84688056,40.84688056,3,Dark - Lighted,-73.259133330,-73.259133330,9,Rear-to-Side,0,None,33,33,1,January,1,This section IS ON the NHS,99,Unknown,99,Unknown,0,2,0,2,0,,0000000,Not Applicable,,,0,No,8,Driveway Access Related,1,On Roadway,2,Rural-Principal Arterial-Other,3,State Highway,,,0,No,0,No Special Jurisdiction,New York,360119,36,SR-25 JERICHO TPK,,1,Not an Intersection,2,2,10,10,Cloudy,0,No Additional Atmospheric Conditions,Cloudy,0,None,2013
4,4:00am-4:59am,46,46,0,None,0,None,0,None,2840,HUNTINGTON,103,SUFFOLK (103),2016,2,3,Tuesday,1,2,3,Principal Arterial - Other,42,Tree (Standing Only),5,5:00am-5:59am,31,31,4,4:00am-4:59am,40.90909167,40.90909167,3,Dark - Lighted,-73.313933330,-73.313933330,0,Not a Collision with Motor Vehicle In-Transport,0,None,32,32,2,February,1,This section IS ON the NHS,4,4:00am-4:59am,42,42,0,3,0,3,0,,0000000,Not Applicable,1,State Highway Agency,0,No,3,Intersection-Related ,4,On Roadside,,,3,State Highway,1,Rural,0,No,0,No Special Jurisdiction,New York,360119,36,SR-25A,MAKAMAH RD,4,Y-Intersection,1,1,10,10,Cloudy,0,No Additional Atmospheric Conditions,Cloudy,0,None,2016
99,Unknown EMS Scene Arrival Hour,99,Unknown EMS Scene Arrival Minutes,0,None,0,None,0,None,705,BROOKHAVEN,103,SUFFOLK (103),2016,19,6,Friday,1,2,7,Local,14,Parked Motor Vehicle ,99,Unknown,99,Unknown EMS Hospital Arrival Time,20,8:00pm-8:59pm,40.84231667,40.84231667,3,Dark - Lighted,-73.004605560,-73.004605560,0,Not a Collision with Motor Vehicle In-Transport,0,None,21,21,2,February,0,This section IS NOT on the NHS,99,Unknown,99,Unknown,3,2,4,3,2,,0000000,Not Applicable,3,Town or Township Highway Agency,0,No,1,Non-Junction,7,In Parking Lane/Zone,,,5,Local Street - Township,2,Urban,0,No,0,No Special Jurisdiction,New York,360120,36,GRANNY RD,,1,Not an Intersection,1,3,1,1,Clear,0,No Additional Atmospheric Conditions,Clear,0,None,2016
99,Unknown EMS Scene Arrival Hour,99,Unknown EMS Scene Arrival Minutes,0,None,0,None,0,None,705,BROOKHAVEN,103,SUFFOLK (103),2013,12,7,Saturday,1,1,,,30,Utility Pole/Light Support,88,Not Applicable (Not Transported) ,88,Not Applicable (Not Transported),20,8:00pm-8:59pm,40.84703889,40.84703889,3,Dark - Lighted,-72.934822220,-72.934822220,0,Not a Collision with Motor Vehicle In-Transport,0,None,52,52,1,January,0,This section IS NOT on the NHS,99,Unknown,99,Unknown,0,1,0,1,0,,0000000,Not Applicable,,,0,No,1,Non-Junction,4,On Roadside,6,Rural-Local Road or Street,4,County Road,,,0,No,0,No Special Jurisdiction,New York,360120,36,CR-21,,1,Not an Intersection,1,1,5,5,"Fog, Smog, Smoke",0,No Additional Atmospheric Conditions,"Fog, Smog, Smoke",0,None,2013