ARR_HOUR,ARR_HOURNAME,ARR_MIN,ARR_MINNAME,CF1,CF1NAME,CF2,CF2NAME,CF3,CF3NAME,CITY,CITYNAME,COUNTY,COUNTYNAME,CaseYear,DAY,DAY_WEEK,DAY_WEEKNAME,DRUNK_DR,FATALS,FUNC_SYS,FUNC_SYSNAME,HARM_EV,HARM_EVNAME,HOSP_HR,HOSP_HRNAME,HOSP_MN,HOSP_MNNAME,HOUR,HOURNAME,LATITUDE,LATITUDENAME,LGT_COND,LGT_CONDNAME,LONGITUD,LONGITUDNAME,MAN_COLL,MAN_COLLNAME,MILEPT,MILEPTNAME,MINUTE,MINUTENAME,MONTH,MonthName,NHS,NHSNAME,NOT_HOUR,NOT_HOURNAME,NOT_MIN,NOT_MINNAME,PEDS,PERMVIT,PERNOTMVIT,PERSONS,PVH_INVL,ParkWorks,RAIL,RAILNAME,RD_OWNER,RD_OWNERNAME,RELJCT1,RELJCT1NAME,RELJCT2,RELJCT2NAME,REL_ROAD,REL_ROADNAME,ROAD_FNC,ROAD_FNCNAME,ROUTE,ROUTENAME,RUR_URB,RUR_URBNAME,SCH_BUS,SCH_BUSNAME,SP_JUR,SP_JURNAME,STATENAME,ST_CASE,State,TWAY_ID,TWAY_ID2,TYP_INT,TYP_INTNAME,VE_FORMS,VE_TOTAL,WEATHER,WEATHER1,WEATHER1NAME,WEATHER2,WEATHER2NAME,WEATHERNAME,WRK_ZONE,WRK_ZONENAME,YEAR
13,1:00pm-1:59pm,38,38,0,None,0,None,0,None,5769,SMITHTOWN,103,SUFFOLK (103),2011,26,4,Wednesday,0,1,,,12,Motor Vehicle In-Transport ,99,Unknown,99,Unknown EMS Hospital Arrival Time,13,1:00pm-1:59pm,40.84814722,40.84814722,1,Daylight,-73.248725000,-73.248725000,6,Angle ,0,None,30,30,1,January,1,This section IS ON the NHS,13,1:00pm-1:59pm,38,38,0,3,0,3,0,,0000000,Not Applicable,,,0,No,1,Non-Junction,1,On Roadway,13,Urban-Other Principal Arterial,3,State Highway,,,0,No,0,No Special Jurisdiction,New York,360120,36,SR-25,,1,Not an Intersection,3,3,4,4,Snow,0,No Additional Atmospheric Conditions,Snow,0,None,2011
19,7:00pm-7:59pm,26,26,14,"Motor Vehicle struck by falling cargo,or something that came loose from or something that was set in motion by a vehicle",0,None,0,None,3933,MOUNT SINAI,103,SUFFOLK (103),2011,18,3,Tuesday,0,1,,,12,Motor Vehicle In-Transport ,19,7:00pm-7:59pm,54,54,19,7:00pm-7:59pm,40.94031111,40.94031111,3,Dark - Lighted,-73.004600000,-73.004600000,6,Angle ,0,None,21,21,1,January,1,This section IS ON the NHS,19,7:00pm-7:59pm,22,22,0,3,0,3,0,,0000000,Not Applicable,,,0,No,2,Intersection,1,On Roadway,2,Rural-Principal Arterial-Other,3,State Highway,,,0,No,0,No Special Jurisdiction,New York,360121,36,SR-25A,ECHO AVE,2,Four-Way Intersection,3,3,2,2,Rain,0,No Additional Atmospheric Conditions,Rain,0,None,2011
99,Unknown EMS Scene Arrival Hour,99,Unknown EMS Scene Arrival Minutes,0,None,0,None,0,None,705,BROOKHAVEN,103,SUFFOLK (103),2016,21,1,Sunday,1,1,7,Local,32,Culvert,99,Unknown,99,Unknown EMS Hospital Arrival Time,2,2:00am-2:59am,40.87452778,40.87452778,2,Dark - Not Lighted,-72.922694440,-72.922694440,0,Not a Collision with Motor Vehicle In-Transport,0,None,37,37,2,February,0,This section IS NOT on the NHS,99,Unknown,99,Unknown,0,4,0,4,0,,0000000,Not Applicable,3,Town or Township Highway Agency,0,No,1,Non-Junction,4,On Roadside,,,5,Local Street - Township,1,Rural,0,No,0,No Special Jurisdiction,New York,360121,36,WADING RIVER HOLLOW RD,,1,Not an Intersection,1,1,1,1,Clear,0,No Additional Atmospheric Conditions,Clear,0,None,2016
99,Unknown EMS Scene Arrival Hour,99,Unknown EMS Scene Arrival Minutes,0,None,0,None,0,None,705,BROOKHAVEN,103,SUFFOLK (103),2016,28,1,Sunday,0,1,4,Minor Arterial,42,Tree (Standing Only),88,Not Applicable (Not Transported) ,88,Not Applicable (Not Transported),7,7:00am-7:59am,40.76613333,40.76613333,1,Daylight,-73.005130560,-73.005130560,0,Not a Collision with Motor Vehicle In-Transport,0,None,10,10,2,February,0,This section IS NOT on the NHS,99,Unknown,99,Unknown,0,1,0,1,0,,0000000,Not Applicable,1,State Highway Agency,0,No,1,Non-Junction,4,On Roadside,,,3,State Highway,2,Urban,0,No,0,No Special Jurisdiction,New York,360122,36,SR-27A MONTAUK HWY,,1,Not an Intersection,1,1,1,1,Clear,0,No Additional Atmospheric Conditions,Clear,0,None,2016
17,5:00pm-5:59pm,50,50,0,None,0,None,0,None,5769,SMITHTOWN,103,SUFFOLK (103),2011,12,7,Saturday,1,1,,,42,Tree (Standing Only),18,6:00pm-6:59pm,20,20,17,5:00pm-5:59pm,40.82871667,40.82871667,1,Daylight,-73.257908330,-73.257908330,0,Not a Collision with Motor Vehicle In-Transport,0,None,42,42,3,March,1,This section IS ON the NHS,17,5:00pm-5:59pm,43,43,0,1,0,1,0,,0000000,Not Applicable,,,0,No,1,Non-Junction,4,On Roadside,2,Rural-Principal Arterial-Other,3,State Highway,,,0,No,0,No Special Jurisdiction,New York,360122,36,SR-908G,,1,Not an Intersection,1,1,1,1,Clear,0,No Additional Atmospheric Conditions,Clear,0,None,2011
99,Unknown EMS Scene Arrival Hour,99,Unknown EMS Scene Arrival Minutes,0,None,0,None,0,None,705,BROOKHAVEN,103,SUFFOLK (103),2017,23,5,Thursday,1,1,7,Local,14,Parked Motor Vehicle ,88,Not Applicable (Not Transported) ,88,Not Applicable (Not Transported),2,2:00am-2:59am,40.80671389,40.80671389,2,Dark - Not Lighted,-72.831663890,-72.831663890,0,Not a Collision with Motor Vehicle In-Transport,0,None,34,34,2,February,0,This section IS NOT on the NHS,99,Unknown,99,Unknown,0,1,1,2,1,,0000000,Not Applicable,3,Town or Township Highway Agency,0,No,1,Non-Junction,2,On Shoulder,,,4,County Road,2,Urban,0,No,0,No Special Jurisdiction,New York,360122,36,CR-80 MONTAUK HWY,,1,Not an Intersection,1,2,5,5,"Fog, Smog, Smoke",0,No Additional Atmospheric Conditions,"Fog, Smog, Smoke",0,None,2017
99,Unknown EMS Scene Arrival Hour,99,Unknown EMS Scene Arrival Minutes,0,None,0,None,0,None,5769,SMITHTOWN,103,SUFFOLK (103),2015,8,5,Thursday,0,1,7,Local,12,Motor Vehicle In-Transport ,99,Unknown,99,Unknown EMS Hospital Arrival Time,9,9:00am-9:59am,40.84005278,40.84005278,1,Daylight,-73.166458330,-73.166458330,6,Angle ,0,None,50,50,1,January,0,This section IS NOT on the NHS,99,Unknown,99,Unknown,0,5,0,5,0,,0000000,Not Applicable,3,Town or Township Highway Agency,0,No,2,Intersection,1,On Roadway,,,4,County Road,2,Urban,0,No,0,No Special Jurisdiction,New York,360123,36,CR-16 SMITHTOWN BLVD,GILBERT AVE,2,Four-Way Intersection,2,2,1,1,Clear,0,No Additional Atmospheric Conditions,Clear,0,None,2015
99,Unknown EMS Scene Arrival Hour,99,Unknown EMS Scene Arrival Minutes,0,None,0,None,0,None,2920,ISLIP,103,SUFFOLK (103),2013,13,1,Sunday,1,1,,,12,Motor Vehicle In-Transport ,99,Unknown,99,Unknown EMS Hospital Arrival Time,17,5:00pm-5:59pm,40.73425556,40.73425556,3,Dark - Lighted,-73.085327780,-73.085327780,7,Sideswipe - Same Direction,0,None,15,15,1,January,0,This section IS NOT on the NHS,99,Unknown,99,Unknown,0,10,0,10,0,,0000000,Not Applicable,,,0,No,2,Intersection,1,On Roadway,2,Rural-Principal Arterial-Other,3,State Highway,,,0,No,0,No Special Jurisdiction,New York,360123,36,SR-27 MONTAUK HWY,GREENE AVE,2,Four-Way Intersection,8,8,10,10,Cloudy,0,No Additional Atmospheric Conditions,Cloudy,0,None,2013
99,Unknown EMS Scene Arrival Hour,99,Unknown EMS Scene Arrival Minutes,0,None,0,None,0,None,6805,WYANDANCH,103,SUFFOLK (103),2015,12,2,Monday,0,1,7,Local,8,Pedestrian,99,Unknown,99,Unknown EMS Hospital Arrival Time,18,6:00pm-6:59pm,40.73955000,40.73955000,3,Dark - Lighted,-73.367213890,-73.367213890,0,Not a Collision with Motor Vehicle In-Transport,0,None,56,56,1,January,0,This section IS NOT on the NHS,99,Unknown,99,Unknown,1,1,1,1,0,,0000000,Not Applicable,3,Town or Township Highway Agency,0,No,1,Non-Junction,1,On Roadway,,,5,Local Street - Township,2,Urban,0,No,0,No Special Jurisdiction,New York,360124,36,E BOOKER AVE,,1,Not an Intersection,1,1,2,2,Rain,0,No Additional Atmospheric Conditions,Rain,0,None,2015
18,6:00pm-6:59pm,23,23,0,None,0,None,0,None,360,BABYLON,103,SUFFOLK (103),2011,16,1,Sunday,0,1,,,8,Pedestrian,88,Not Applicable (Not Transported) ,88,Not Applicable (Not Transported),18,6:00pm-6:59pm,40.69966667,40.69966667,3,Dark - Lighted,-73.381061110,-73.381061110,0,Not a Collision with Motor Vehicle In-Transport,0,None,18,18,1,January,1,This section IS ON the NHS,18,6:00pm-6:59pm,18,18,1,2,1,2,0,,0000000,Not Applicable,,,0,No,1,Non-Junction,1,On Roadway,13,Urban-Other Principal Arterial,3,State Highway,,,0,No,0,No Special Jurisdiction,New York,360124,36,SR-27,,1,Not an Intersection,1,1,1,1,Clear,0,No Additional Atmospheric Conditions,Clear,0,None,2011
99,Unknown EMS Scene Arrival Hour,99,Unknown EMS Scene Arrival Minutes,0,None,0,None,0,None,2728,HOLBROOK,103,SUFFOLK (103),2015,30,6,Friday,0,1,3,Principal Arterial - Other,12,Motor Vehicle In-Transport ,99,Unknown,99,Unknown EMS Hospital Arrival Time,10,10:00am-10:59am,40.78184722,40.78184722,1,Daylight,-73.084166670,-73.084166670,2,Front-to-Front,0,None,49,49,1,January,1,This section IS ON the NHS,99,Unknown,99,Unknown,0,2,0,2,0,,0000000,Not Applicable,1,State Highway Agency,0,No,2,Intersection,1,On Roadway,,,3,State Highway,1,Rural,0,No,0,No Special Jurisdiction,New York,360125,36,SR-454,LINCOLN AVE,2,Four-Way Intersection,2,2,1,1,Clear,0,No Additional Atmospheric Conditions,Clear,0,None,2015
99,Unknown EMS Scene Arrival Hour,99,Unknown EMS Scene Arrival Minutes,0,None,0,None,0,None,705,BROOKHAVEN,103,SUFFOLK (103),2016,19,6,Friday,0,1,3,Principal Arterial - Other,12,Motor Vehicle In-Transport ,99,Unknown,99,Unknown EMS Hospital Arrival Time,23,11:00pm-11:59pm,40.93556111,40.93556111,3,Dark - Lighted,-73.018961110,-73.018961110,6,Angle ,0,None,2,2,2,February,1,This section IS ON the NHS,99,Unknown,99,Unknown,0,3,0,3,0,,0000000,Not Applicable,1,State Highway Agency,0,No,2,Intersection,1,On Roadway,,,3,State Highway,2,Urban,0,No,0,No Special Jurisdiction,New York,360125,36,SR-25A,CHESTNUT ST,2,Four-Way Intersection,2,2,1,1,Clear,0,No Additional Atmospheric Conditions,Clear,0,None,2016
2,2:00am-2:59am,44,44,0,None,0,None,0,None,5769,SMITHTOWN,103,SUFFOLK (103),2018,16,3,Tuesday,0,1,3,Principal Arterial - Other,42,Tree (Standing Only),3,3:00am-3:59am,5,5,2,2:00am-2:59am,40.85441389,40.85441389,3,Dark - Lighted,-73.279191670,-73.279191670,0,Not a Collision with Motor Vehicle In-Transport,0,None,38,38,1,January,1,This section IS ON the NHS,2,2:00am-2:59am,38,38,0,2,0,2,0,,0000000,Not Applicable,1,State Highway Agency,0,No,1,Non-Junction,4,On Roadside,,,3,State Highway,1,Rural,0,No,0,No Special Jurisdiction,New York,360125,36,SR-908K SUNKEN MEADOW PKWY,,1,Not an Intersection,1,1,1,1,Clear,0,No Additional Atmospheric Conditions,Clear,0,None,2018
1,1:00am-1:59am,35,35,0,None,0,None,0,None,2920,ISLIP,103,SUFFOLK (103),2018,10,7,Saturday,1,2,3,Principal Arterial - Other,33,Curb,88,Not Applicable (Not Transported) ,88,Not Applicable (Not Transported),1,1:00am-1:59am,40.74596389,40.74596389,3,Dark - Lighted,-73.277008330,-73.277008330,0,Not a Collision with Motor Vehicle In-Transport,0,None,23,23,2,February,1,This section IS ON the NHS,1,1:00am-1:59am,30,30,0,2,0,2,0,,0000000,Not Applicable,1,State Highway Agency,0,No,1,Non-Junction,3,On Median,,,3,State Highway,1,Rural,0,No,0,No Special Jurisdiction,New York,360126,36,SR-908M SOUTHERN STATE PKWY,,1,Not an Intersection,1,1,10,10,Cloudy,0,No Additional Atmospheric Conditions,Cloudy,0,None,2018
99,Unknown EMS Scene Arrival Hour,99,Unknown EMS Scene Arrival Minutes,0,None,0,None,0,None,2840,HUNTINGTON,103,SUFFOLK (103),2015,22,5,Thursday,0,1,3,Principal Arterial - Other,12,Motor Vehicle In-Transport ,99,Unknown,99,Unknown EMS Hospital Arrival Time,14,2:00pm-2:59pm,40.82841111,40.82841111,1,Daylight,-73.401322220,-73.401322220,2,Front-to-Front,0,None,31,31,1,January,1,This section IS ON the NHS,99,Unknown,99,Unknown,0,2,0,2,0,,0000000,Not Applicable,1,State Highway Agency,0,No,2,Intersection,1,On Roadway,,,3,State Highway,2,Urban,0,No,0,No Special Jurisdiction,New York,360126,36,SR-25 E JERICHO TPK,ENGELKE AVE,2,Four-Way Intersection,2,2,1,1,Clear,0,No Additional Atmospheric Conditions,Clear,0,None,2015
99,Unknown EMS Scene Arrival Hour,99,Unknown EMS Scene Arrival Minutes,0,None,0,None,0,None,1337,CORAM,103,SUFFOLK (103),2015,11,4,Wednesday,0,1,3,Principal Arterial - Other,12,Motor Vehicle In-Transport ,99,Unknown,99,Unknown EMS Hospital Arrival Time,11,11:00am-11:59am,40.86878889,40.86878889,1,Daylight,-73.001083330,-73.001083330,6,Angle ,0,None,5,5,2,February,0,This section IS NOT on the NHS,99,Unknown,99,Unknown,0,4,0,4,0,,0000000,Not Applicable,1,State Highway Agency,0,No,2,Intersection,1,On Roadway,,,3,State Highway,1,Rural,0,No,0,No Special Jurisdiction,New York,360127,36,SR-25,SR-112,2,Four-Way Intersection,2,2,1,1,Clear,0,No Additional Atmospheric Conditions,Clear,0,None,2015
16,4:00pm-4:59pm,5,5,0,None,0,None,0,None,2840,HUNTINGTON,103,SUFFOLK (103),2017,14,3,Tuesday,0,1,7,Local,42,Tree (Standing Only),16,4:00pm-4:59pm,25,25,16,4:00pm-4:59pm,40.86636389,40.86636389,1,Daylight,-73.432597220,-73.432597220,0,Not a Collision with Motor Vehicle In-Transport,0,None,0,0,3,March,0,This section IS NOT on the NHS,16,4:00pm-4:59pm,0,0,0,1,0,1,0,,0000000,Not Applicable,3,Town or Township Highway Agency,0,No,3,Intersection-Related ,4,On Roadside,,,5,Local Street - Township,2,Urban,0,No,0,No Special Jurisdiction,New York,360127,36,WOODBURY RD,CARLEY AVE,3,T-Intersection,1,1,98,98,Not Reported,0,No Additional Atmospheric Conditions,Not Reported,0,None,2017
99,Unknown EMS Scene Arrival Hour,99,Unknown EMS Scene Arrival Minutes,0,None,0,None,0,None,2920,ISLIP,103,SUFFOLK (103),2011,19,4,Wednesday,0,1,,,33,Curb,99,Unknown,99,Unknown EMS Hospital Arrival Time,10,10:00am-10:59am,40.74423889,40.74423889,1,Daylight,-73.186694440,-73.186694440,0,Not a Collision with Motor Vehicle In-Transport,0,None,15,15,1,January,1,This section IS ON the NHS,99,Unknown,99,Unknown,0,2,0,2,1,,0000000,Not Applicable,,,0,No,1,Non-Junction,4,On Roadside,13,Urban-Other Principal Arterial,3,State Highway,,,0,No,0,No Special Jurisdiction,New York,360127,36,SR-27,,1,Not an Intersection,1,2,2,2,Rain,0,No Additional Atmospheric Conditions,Rain,0,None,2011
99,Unknown EMS Scene Arrival Hour,99,Unknown EMS Scene Arrival Minutes,0,None,0,None,0,None,2840,HUNTINGTON,103,SUFFOLK (103),2018,8,5,Thursday,0,1,7,Local,8,Pedestrian,99,Unknown,99,Unknown EMS Hospital Arrival Time,9,9:00am-9:59am,40.86830556,40.86830556,1,Daylight,-73.322119440,-73.322119440,0,Not a Collision with Motor Vehicle In-Transport,0,None,50,50,3,March,0,This section IS NOT on the NHS,99,Unknown,99,Unknown,1,1,1,1,0,,0000000,Not Applicable,3,Town or Township Highway Agency,0,No,3,Intersection-Related ,1,On Roadway,,,5,Local Street - Township,2,Urban,0,No,0,No Special Jurisdiction,New York,360127,36,LARKFIELD RD,3RD AVE,3,T-Intersection,1,1,1,1,Clear,0,No Additional Atmospheric Conditions,Clear,0,None,2018
99,Unknown EMS Scene Arrival Hour,99,Unknown EMS Scene Arrival Minutes,0,None,0,None,0,None,5810,SOUTHAMPTON,103,SUFFOLK (103),2010,2,3,Tuesday,0,1,,,12,Motor Vehicle In-Transport ,99,Unknown,99,Unknown EMS Hospital Arrival Time,7,7:00am-7:59am,40.89691389,40.89691389,1,Daylight,-72.680977780,-72.680977780,6,Angle ,0,None,42,42,2,February,0,This section IS NOT on the NHS,99,Unknown,99,Unknown,0,,,10,,,0000000,Not Applicable,,,0,No,2,Intersection,1,On Roadway,6,Rural-Local Road or Street,4,County Road,,,0,No,0,No Special Jurisdiction,New York,360128,36,CR-63,CR-51,2,Four-Way Intersection,2,2,10,10,Cloudy,0,No Additional Atmospheric Conditions,Cloudy,0,None,2010
99,Unknown EMS Scene Arrival Hour,99,Unknown EMS Scene Arrival Minutes,0,None,0,None,0,None,705,BROOKHAVEN,103,SUFFOLK (103),2015,23,6,Friday,1,1,7,Local,42,Tree (Standing Only),99,Unknown,99,Unknown EMS Hospital Arrival Time,16,4:00pm-4:59pm,40.82600278,40.82600278,1,Daylight,-73.071022220,-73.071022220,0,Not a Collision with Motor Vehicle In-Transport,0,None,55,55,1,January,0,This section IS NOT on the NHS,99,Unknown,99,Unknown,0,1,0,1,0,,0000000,Not Applicable,3,Town or Township Highway Agency,0,No,1,Non-Junction,4,On Roadside,,,5,Local Street - Township,2,Urban,0,No,0,No Special Jurisdiction,New York,360128,36,OAKLAKE LANE,CAMPUS LANE,1,Not an Intersection,1,1,1,1,Clear,0,No Additional Atmospheric Conditions,Clear,0,None,2015
21,9:00pm-9:59pm,45,45,0,None,0,None,0,None,2920,ISLIP,103,SUFFOLK (103),2016,13,1,Sunday,0,1,7,Local,8,Pedestrian,22,10:00pm-10:59pm,15,15,21,9:00pm-9:59pm,40.76428333,40.76428333,3,Dark - Lighted,-73.210375000,-73.210375000,0,Not a Collision with Motor Vehicle In-Transport,0,None,40,40,3,March,0,This section IS NOT on the NHS,21,9:00pm-9:59pm,42,42,1,4,1,4,0,,0000000,Not Applicable,1,State Highway Agency,0,No,3,Intersection-Related ,1,On Roadway,,,3,State Highway,2,Urban,0,No,0,No Special Jurisdiction,New York,360129,36,SR-111 ISLIP AVE,CHESTNUT ST,3,T-Intersection,1,1,10,10,Cloudy,0,No Additional Atmospheric Conditions,Cloudy,0,None,2016
99,Unknown EMS Scene Arrival Hour,99,Unknown EMS Scene Arrival Minutes,0,None,0,None,0,None,2920,ISLIP,103,SUFFOLK (103),2019,1,3,Tuesday,0,1,6,Minor Collector,8,Pedestrian,99,Unknown,99,Unknown EMS Hospital Arrival Time,1,1:00am-1:59am,40.78428333,40.78428333,3,Dark - Lighted,-73.190941670,-73.190941670,0,The First Harmful Event was Not a Collision with a Motor Vehicle in Transport,99998,Not Reported,30,30,1,January,0,This section IS NOT on the NHS,99,Unknown,99,Unknown,1,2,1,2,0,,0000000,Not Applicable,3,Town or Township Highway Agency,0,No,3,Intersection-Related ,1,On Roadway,,,5,Local Street - Township,2,Urban,0,No,0,No Special Jurisdiction,New York,360131,36,LOWELL AVE,CYPRESS ST,3,T-Intersection,2,2,2,2,Rain,0,No Additional Atmospheric Conditions,Rain,0,None,2019
99,Unknown EMS Scene Arrival Hour,99,Unknown EMS Scene Arrival Minutes,0,None,0,None,0,None,360,BABYLON,103,SUFFOLK (103),2015,28,7,Saturday,1,1,7,Local,38,Fence,88,Not Applicable (Not Transported) ,88,Not Applicable (Not Transported),2,2:00am-2:59am,40.75685833,40.75685833,3,Dark - Lighted,-73.329108330,-73.329108330,0,Not a Collision with Motor Vehicle In-Transport,0,None,40,40,2,February,0,This section IS NOT on the NHS,99,Unknown,99,Unknown,0,1,0,1,0,,0000000,Not Applicable,3,Town or Township Highway Agency,0,No,1,Non-Junction,5,Outside Trafficway,,,6,Local Street - Municipality,2,Urban,0,No,0,No Special Jurisdiction,New York,360131,36,450 GRAND BLVD,,1,Not an Intersection,1,1,1,1,Clear,0,No Additional Atmospheric Conditions,Clear,0,None,2015
14,2:00pm-2:59pm,53,53,0,None,0,None,0,None,2840,HUNTINGTON,103,SUFFOLK (103),2011,23,1,Sunday,0,1,,,12,Motor Vehicle In-Transport ,15,3:00pm-3:59pm,58,58,14,2:00pm-2:59pm,40.83458889,40.83458889,1,Daylight,-73.311391670,-73.311391670,2,Front-to-Front,0,None,49,49,1,January,0,This section IS NOT on the NHS,14,2:00pm-2:59pm,49,49,0,3,0,3,0,,0000000,Not Applicable,,,0,No,2,Intersection,1,On Roadway,16,Urban-Local Road or Street,6,Local Street - Municipality,,,0,No,0,No Special Jurisdiction,New York,360131,36,LARKFIELD RD,ALICE LANE,3,T-Intersection,2,2,10,10,Cloudy,0,No Additional Atmospheric Conditions,Cloudy,0,None,2011
99,Unknown EMS Scene Arrival Hour,99,Unknown EMS Scene Arrival Minutes,0,None,0,None,0,None,360,BABYLON,103,SUFFOLK (103),2015,7,7,Saturday,0,1,7,Local,8,Pedestrian,99,Unknown,99,Unknown EMS Hospital Arrival Time,20,8:00pm-8:59pm,40.75948333,40.75948333,3,Dark - Lighted,-73.328233330,-73.328233330,0,Not a Collision with Motor Vehicle In-Transport,0,None,25,25,2,February,0,This section IS NOT on the NHS,99,Unknown,99,Unknown,1,1,1,1,0,,0000000,Not Applicable,3,Town or Township Highway Agency,0,No,1,Non-Junction,1,On Roadway,,,5,Local Street - Township,2,Urban,0,No,0,No Special Jurisdiction,New York,360132,36,DEER PARK AVE,,1,Not an Intersection,1,1,10,10,Cloudy,0,No Additional Atmospheric Conditions,Cloudy,0,None,2015
9,9:00am-9:59am,47,47,0,None,0,None,0,None,5810,SOUTHAMPTON,103,SUFFOLK (103),2019,19,3,Tuesday,0,1,3,Principal Arterial - Other,12,Motor Vehicle In-Transport ,10,10:00am-10:59am,50,50,7,7:00am-7:59am,40.89110000,40.89110000,1,Daylight,-72.564083330,-72.564083330,2,Front-to-Front,99998,Not Reported,2,2,3,March,1,This section IS ON the NHS,8,8:00am-8:59am,32,32,0,2,0,2,0,,0000000,Not Applicable,1,State Highway Agency,0,No,1,Non-Junction,1,On Roadway,,,3,State Highway,1,Rural,0,No,0,No Special Jurisdiction,New York,360133,36,SR-24,,1,Not an Intersection,2,2,1,1,Clear,0,No Additional Atmospheric Conditions,Clear,0,None,2019
99,Unknown EMS Scene Arrival Hour,99,Unknown EMS Scene Arrival Minutes,0,None,0,None,0,None,2840,HUNTINGTON,103,SUFFOLK (103),2019,13,1,Sunday,1,1,7,Local,33,Curb,99,Unknown,99,Unknown EMS Hospital Arrival Time,1,1:00am-1:59am,40.84631944,40.84631944,3,Dark - Lighted,-73.295847220,-73.295847220,0,The First Harmful Event was Not a Collision with a Motor Vehicle in Transport,99998,Not Reported,55,55,1,January,0,This section IS NOT on the NHS,99,Unknown,99,Unknown,0,3,0,3,0,,0000000,Not Applicable,3,Town or Township Highway Agency,0,No,1,Non-Junction,4,On Roadside,,,5,Local Street - Township,2,Urban,0,No,0,No Special Jurisdiction,New York,360139,36,DOVECOTE LN,,1,Not an Intersection,1,1,1,1,Clear,0,No Additional Atmospheric Conditions,Clear,0,None,2019
6,6:00am-6:59am,11,11,0,None,0,None,0,None,705,BROOKHAVEN,103,SUFFOLK (103),2017,7,3,Tuesday,0,1,3,Principal Arterial - Other,12,Motor Vehicle In-Transport ,6,6:00am-6:59am,40,40,6,6:00am-6:59am,40.80115833,40.80115833,3,Dark - Lighted,-72.898113890,-72.898113890,6,Angle ,0,None,7,7,2,February,1,This section IS ON the NHS,6,6:00am-6:59am,8,8,0,2,0,2,0,,0000000,Not Applicable,1,State Highway Agency,0,No,2,Intersection,1,On Roadway,,,3,State Highway,2,Urban,0,No,0,No Special Jurisdiction,New York,360139,36,SR-27A,HORSEBLOCK RD,3,T-Intersection,2,2,1,1,Clear,0,No Additional Atmospheric Conditions,Clear,0,None,2017
21,9:00pm-9:59pm,40,40,0,None,0,None,0,None,5675,SHIRLEY,103,SUFFOLK (103),2011,24,2,Monday,1,1,,,12,Motor Vehicle In-Transport ,22,10:00pm-10:59pm,6,6,21,9:00pm-9:59pm,40.77239167,40.77239167,3,Dark - Lighted,-72.867905560,-72.867905560,1,Front-to-Rear ,0,None,30,30,1,January,0,This section IS NOT on the NHS,21,9:00pm-9:59pm,38,38,0,2,0,2,0,,0000000,Not Applicable,,,0,No,3,Intersection-Related ,1,On Roadway,13,Urban-Other Principal Arterial,6,Local Street - Municipality,,,0,No,0,No Special Jurisdiction,New York,360139,36,WILLIAM FLOYED PKWY,CORACI BLVD,2,Four-Way Intersection,2,2,1,1,Clear,0,No Additional Atmospheric Conditions,Clear,0,None,2011
18,6:00pm-6:59pm,57,57,0,None,0,None,0,None,1963,FARMINGVILLE,103,SUFFOLK (103),2011,3,2,Monday,0,1,,,8,Pedestrian,19,7:00pm-7:59pm,15,15,18,6:00pm-6:59pm,40.83111667,40.83111667,3,Dark - Lighted,-73.028736110,-73.028736110,0,Not a Collision with Motor Vehicle In-Transport,0,None,51,51,1,January,0,This section IS NOT on the NHS,18,6:00pm-6:59pm,54,54,1,1,1,1,0,,0000000,Not Applicable,,,0,No,1,Non-Junction,1,On Roadway,16,Urban-Local Road or Street,6,Local Street - Municipality,,,0,No,0,No Special Jurisdiction,New York,360140,36,CR-16,,1,Not an Intersection,1,1,1,1,Clear,0,No Additional Atmospheric Conditions,Clear,0,None,2011
99,Unknown EMS Scene Arrival Hour,99,Unknown EMS Scene Arrival Minutes,0,None,0,None,0,None,2920,ISLIP,103,SUFFOLK (103),2019,20,1,Sunday,0,1,4,Minor Arterial,8,Pedestrian,88,Not Applicable (Not Transported) ,88,Not Applicable (Not Transported),2,2:00am-2:59am,40.79948056,40.79948056,2,Dark - Not Lighted,-73.209722220,-73.209722220,0,The First Harmful Event was Not a Collision with a Motor Vehicle in Transport,99998,Not Reported,5,5,1,January,0,This section IS NOT on the NHS,99,Unknown,99,Unknown,1,2,1,2,0,,0000000,Not Applicable,2,County Highway Agency,0,No,3,Intersection-Related ,1,On Roadway,,,4,County Road,2,Urban,0,No,0,No Special Jurisdiction,New York,360140,36,CR-17,JANICE LN,3,T-Intersection,1,1,10,10,Cloudy,0,No Additional Atmospheric Conditions,Cloudy,0,None,2019
99,Unknown EMS Scene Arrival Hour,99,Unknown EMS Scene Arrival Minutes,0,None,0,None,0,None,360,BABYLON,103,SUFFOLK (103),2019,27,1,Sunday,0,1,7,Local,12,Motor Vehicle In-Transport ,99,Unknown,99,Unknown EMS Hospital Arrival Time,17,5:00pm-5:59pm,40.74255000,40.74255000,1,Daylight,-73.308702780,-73.308702780,6,Angle ,99998,Not Reported,1,1,1,January,0,This section IS NOT on the NHS,99,Unknown,99,Unknown,0,7,0,7,0,,0000000,Not Applicable,3,Town or Township Highway Agency,0,No,8,Driveway Access Related,1,On Roadway,,,5,Local Street - Township,2,Urban,0,No,0,No Special Jurisdiction,New York,360142,36,BAYSHORE RD,BROOK AVE,1,Not an Intersection,2,2,10,10,Cloudy,0,No Additional Atmospheric Conditions,Cloudy,0,None,2019