ARR_HOUR,ARR_HOURNAME,ARR_MIN,ARR_MINNAME,CF1,CF1NAME,CF2,CF2NAME,CF3,CF3NAME,CITY,CITYNAME,COUNTY,COUNTYNAME,CaseYear,DAY,DAY_WEEK,DAY_WEEKNAME,DRUNK_DR,FATALS,FUNC_SYS,FUNC_SYSNAME,HARM_EV,HARM_EVNAME,HOSP_HR,HOSP_HRNAME,HOSP_MN,HOSP_MNNAME,HOUR,HOURNAME,LATITUDE,LATITUDENAME,LGT_COND,LGT_CONDNAME,LONGITUD,LONGITUDNAME,MAN_COLL,MAN_COLLNAME,MILEPT,MILEPTNAME,MINUTE,MINUTENAME,MONTH,MonthName,NHS,NHSNAME,NOT_HOUR,NOT_HOURNAME,NOT_MIN,NOT_MINNAME,PEDS,PERMVIT,PERNOTMVIT,PERSONS,PVH_INVL,ParkWorks,RAIL,RAILNAME,RD_OWNER,RD_OWNERNAME,RELJCT1,RELJCT1NAME,RELJCT2,RELJCT2NAME,REL_ROAD,REL_ROADNAME,ROAD_FNC,ROAD_FNCNAME,ROUTE,ROUTENAME,RUR_URB,RUR_URBNAME,SCH_BUS,SCH_BUSNAME,SP_JUR,SP_JURNAME,STATENAME,ST_CASE,State,TWAY_ID,TWAY_ID2,TYP_INT,TYP_INTNAME,VE_FORMS,VE_TOTAL,WEATHER,WEATHER1,WEATHER1NAME,WEATHER2,WEATHER2NAME,WEATHERNAME,WRK_ZONE,WRK_ZONENAME,YEAR
99,Unknown EMS Scene Arrival Hour,99,Unknown EMS Scene Arrival Minutes,0,None,0,None,0,None,1050,CENTRAL ISLIP,103,SUFFOLK (103),2013,30,7,Saturday,0,1,,,8,Pedestrian,88,Not Applicable (Not Transported) ,88,Not Applicable (Not Transported),23,11:00pm-11:59pm,40.79121111,40.79121111,3,Dark - Lighted,-73.200127780,-73.200127780,0,Not a Collision with Motor Vehicle In-Transport,0,None,24,24,3,March,0,This section IS NOT on the NHS,99,Unknown,99,Unknown,1,1,1,1,0,,0000000,Not Applicable,,,0,No,3,Intersection-Related ,1,On Roadway,16,Urban-Local Road or Street,5,Local Street - Township,,,0,No,0,No Special Jurisdiction,New York,360143,36,CHURCH ST,SUFFOLK AVE,2,Four-Way Intersection,1,1,1,1,Clear,0,No Additional Atmospheric Conditions,Clear,0,None,2013
13,1:00pm-1:59pm,29,29,0,None,0,None,0,None,5210,RIVERHEAD,103,SUFFOLK (103),2010,13,7,Saturday,0,1,,,12,Motor Vehicle In-Transport ,99,Unknown,99,Unknown EMS Hospital Arrival Time,13,1:00pm-1:59pm,40.95591389,40.95591389,1,Daylight,-72.781400000,-72.781400000,6,Angle ,0,None,14,14,3,March,0,This section IS NOT on the NHS,13,1:00pm-1:59pm,18,18,0,,,3,,,0000000,Not Applicable,,,0,No,1,Non-Junction,1,On Roadway,16,Urban-Local Road or Street,6,Local Street - Municipality,,,0,No,0,No Special Jurisdiction,New York,360144,36,SOUND AVE,,1,Not an Intersection,2,2,2,2,Rain,0,No Additional Atmospheric Conditions,Rain,0,None,2010
99,Unknown EMS Scene Arrival Hour,99,Unknown EMS Scene Arrival Minutes,0,None,0,None,0,None,705,BROOKHAVEN,103,SUFFOLK (103),2019,2,7,Saturday,0,1,4,Minor Arterial,8,Pedestrian,99,Unknown,99,Unknown EMS Hospital Arrival Time,23,11:00pm-11:59pm,40.79833333,40.79833333,3,Dark - Lighted,-72.840644440,-72.840644440,0,The First Harmful Event was Not a Collision with a Motor Vehicle in Transport,99998,Not Reported,53,53,2,February,0,This section IS NOT on the NHS,99,Unknown,99,Unknown,1,2,1,2,0,,0000000,Not Applicable,3,Town or Township Highway Agency,0,No,2,Intersection,1,On Roadway,,,5,Local Street - Township,2,Urban,0,No,0,No Special Jurisdiction,New York,360145,36,MASTIC RD,SOUTHAVEN AVE,2,Four-Way Intersection,2,2,1,1,Clear,0,No Additional Atmospheric Conditions,Clear,0,None,2019
99,Unknown EMS Scene Arrival Hour,99,Unknown EMS Scene Arrival Minutes,0,None,0,None,0,None,2920,ISLIP,103,SUFFOLK (103),2018,24,7,Saturday,1,1,3,Principal Arterial - Other,12,Motor Vehicle In-Transport ,99,Unknown,99,Unknown EMS Hospital Arrival Time,5,5:00am-5:59am,99.99990000,Unknown,3,Dark - Lighted,999.999900000,Unknown,2,Front-to-Front,0,None,53,53,3,March,0,This section IS NOT on the NHS,99,Unknown,99,Unknown,0,2,0,2,0,,0000000,Not Applicable,3,Town or Township Highway Agency,0,No,1,Non-Junction,1,On Roadway,,,3,State Highway,2,Urban,0,No,0,No Special Jurisdiction,New York,360146,36,SR-111,,1,Not an Intersection,2,2,1,1,Clear,0,No Additional Atmospheric Conditions,Clear,0,None,2018
99,Unknown EMS Scene Arrival Hour,99,Unknown EMS Scene Arrival Minutes,0,None,0,None,0,None,705,BROOKHAVEN,103,SUFFOLK (103),2018,14,4,Wednesday,0,5,3,Principal Arterial - Other,12,Motor Vehicle In-Transport ,99,Unknown,99,Unknown EMS Hospital Arrival Time,11,11:00am-11:59am,40.88985556,40.88985556,1,Daylight,-72.906900000,-72.906900000,1,Front-to-Rear ,0,None,23,23,2,February,1,This section IS ON the NHS,99,Unknown,99,Unknown,0,8,0,8,0,,0000000,Not Applicable,1,State Highway Agency,0,No,1,Non-Junction,1,On Roadway,,,3,State Highway,1,Rural,0,No,0,No Special Jurisdiction,New York,360147,36,SR-25 MIDDLE COUNTRY RD,,1,Not an Intersection,4,4,1,1,Clear,0,No Additional Atmospheric Conditions,Clear,0,None,2018
99,Unknown EMS Scene Arrival Hour,99,Unknown EMS Scene Arrival Minutes,0,None,0,None,0,None,5981,STONY BROOK,103,SUFFOLK (103),2019,8,6,Friday,1,1,7,Local,42,Tree (Standing Only),99,Unknown,99,Unknown EMS Hospital Arrival Time,11,11:00am-11:59am,40.90528889,40.90528889,1,Daylight,-73.117080560,-73.117080560,0,The First Harmful Event was Not a Collision with a Motor Vehicle in Transport,99998,Not Reported,23,23,2,February,0,This section IS NOT on the NHS,99,Unknown,99,Unknown,0,1,0,1,0,,0000000,Not Applicable,3,Town or Township Highway Agency,0,No,1,Non-Junction,4,On Roadside,,,4,County Road,1,Rural,0,No,0,No Special Jurisdiction,New York,360147,36,CR-97 NICOLLS RD,,1,Not an Intersection,1,1,10,10,Cloudy,0,No Additional Atmospheric Conditions,Cloudy,0,None,2019
99,Unknown EMS Scene Arrival Hour,99,Unknown EMS Scene Arrival Minutes,0,None,0,None,0,None,5675,SHIRLEY,103,SUFFOLK (103),2019,10,1,Sunday,1,1,7,Local,12,Motor Vehicle In-Transport ,99,Unknown,99,Unknown EMS Hospital Arrival Time,0,0:00am-0:59am,40.81280000,40.81280000,3,Dark - Lighted,-72.875238890,-72.875238890,1,Front-to-Rear ,99998,Not Reported,50,50,2,February,0,This section IS NOT on the NHS,99,Unknown,99,Unknown,0,2,0,2,0,,0000000,Not Applicable,3,Town or Township Highway Agency,0,No,2,Intersection,1,On Roadway,,,5,Local Street - Township,1,Rural,0,No,0,No Special Jurisdiction,New York,360148,36,WILLIAM FLOYD PKWY,DAWN DR,2,Four-Way Intersection,2,2,1,1,Clear,0,No Additional Atmospheric Conditions,Clear,0,None,2019
99,Unknown EMS Scene Arrival Hour,99,Unknown EMS Scene Arrival Minutes,0,None,0,None,0,None,1700,EAST PATCHOGUE,103,SUFFOLK (103),2018,30,3,Tuesday,0,1,3,Principal Arterial - Other,42,Tree (Standing Only),99,Unknown,99,Unknown EMS Hospital Arrival Time,8,8:00am-8:59am,99.99990000,Unknown,1,Daylight,999.999900000,Unknown,0,Not a Collision with Motor Vehicle In-Transport,0,None,25,25,1,January,1,This section IS ON the NHS,99,Unknown,99,Unknown,0,1,0,1,0,,0000000,Not Applicable,1,State Highway Agency,1,Yes,20,Entrance/Exit Ramp,1,On Roadway,,,3,State Highway,2,Urban,0,No,0,No Special Jurisdiction,New York,360148,36,SR-27,,1,Not an Intersection,1,1,4,4,Snow,0,No Additional Atmospheric Conditions,Snow,0,None,2018
99,Unknown EMS Scene Arrival Hour,99,Unknown EMS Scene Arrival Minutes,0,None,0,None,0,None,705,BROOKHAVEN,103,SUFFOLK (103),2019,9,7,Saturday,1,3,3,Principal Arterial - Other,12,Motor Vehicle In-Transport ,99,Unknown,99,Unknown EMS Hospital Arrival Time,23,11:00pm-11:59pm,40.88054167,40.88054167,3,Dark - Lighted,-72.955994440,-72.955994440,98,Not Reported,99998,Not Reported,51,51,2,February,1,This section IS ON the NHS,99,Unknown,99,Unknown,0,5,0,5,0,,0000000,Not Applicable,1,State Highway Agency,0,No,2,Intersection,1,On Roadway,,,3,State Highway,2,Urban,0,No,0,No Special Jurisdiction,New York,360149,36,SR-25,BIRCHWOOD PARK DR,3,T-Intersection,2,2,1,1,Clear,0,No Additional Atmospheric Conditions,Clear,0,None,2019
99,Unknown EMS Scene Arrival Hour,99,Unknown EMS Scene Arrival Minutes,0,None,0,None,0,None,2920,ISLIP,103,SUFFOLK (103),2012,11,7,Saturday,0,1,,,8,Pedestrian,99,Unknown,99,Unknown EMS Hospital Arrival Time,22,10:00pm-10:59pm,40.78381667,40.78381667,3,Dark - Lighted,-73.234594440,-73.234594440,0,Not a Collision with Motor Vehicle In-Transport,0,None,45,45,2,February,0,This section IS NOT on the NHS,99,Unknown,99,Unknown,1,3,1,3,0,,0000000,Not Applicable,,,0,No,1,Non-Junction,1,On Roadway,14,Urban-Minor Arterial,5,Local Street - Township,,,0,No,0,No Special Jurisdiction,New York,360149,36,SUFFOLK AVE,,1,Not an Intersection,2,2,1,1,Clear,0,No Additional Atmospheric Conditions,Clear,0,None,2012
99,Unknown EMS Scene Arrival Hour,99,Unknown EMS Scene Arrival Minutes,0,None,0,None,0,None,2920,ISLIP,103,SUFFOLK (103),2019,11,2,Monday,0,1,5,Major Collector,30,Utility Pole/Light Support,99,Unknown,99,Unknown EMS Hospital Arrival Time,12,12:00pm-12:59pm,40.79937222,40.79937222,1,Daylight,-73.196525000,-73.196525000,0,The First Harmful Event was Not a Collision with a Motor Vehicle in Transport,99998,Not Reported,39,39,2,February,0,This section IS NOT on the NHS,99,Unknown,99,Unknown,0,1,0,1,0,,0000000,Not Applicable,3,Town or Township Highway Agency,0,No,3,Intersection-Related ,4,On Roadside,,,5,Local Street - Township,2,Urban,0,No,0,No Special Jurisdiction,New York,360150,36,HAWTHORNE AVE,HALF MILE RD,3,T-Intersection,1,1,1,1,Clear,0,No Additional Atmospheric Conditions,Clear,0,None,2019
99,Unknown EMS Scene Arrival Hour,99,Unknown EMS Scene Arrival Minutes,0,None,0,None,0,None,705,BROOKHAVEN,103,SUFFOLK (103),2019,10,1,Sunday,0,1,3,Principal Arterial - Other,30,Utility Pole/Light Support,99,Unknown,99,Unknown EMS Hospital Arrival Time,4,4:00am-4:59am,40.87357778,40.87357778,3,Dark - Lighted,-72.982033330,-72.982033330,0,The First Harmful Event was Not a Collision with a Motor Vehicle in Transport,99998,Not Reported,0,0,2,February,1,This section IS ON the NHS,99,Unknown,99,Unknown,0,3,0,3,0,,0000000,Not Applicable,1,State Highway Agency,0,No,3,Intersection-Related ,4,On Roadside,,,3,State Highway,2,Urban,0,No,0,No Special Jurisdiction,New York,360151,36,SR-25 MIDDLE COUNTRY RD,HOMESTEAD DR,3,T-Intersection,1,1,1,1,Clear,0,No Additional Atmospheric Conditions,Clear,0,None,2019
99,Unknown EMS Scene Arrival Hour,99,Unknown EMS Scene Arrival Minutes,0,None,0,None,0,None,1963,FARMINGVILLE,103,SUFFOLK (103),2012,13,2,Monday,0,1,,,8,Pedestrian,99,Unknown,99,Unknown EMS Hospital Arrival Time,18,6:00pm-6:59pm,40.82421944,40.82421944,3,Dark - Lighted,-73.020372220,-73.020372220,0,Not a Collision with Motor Vehicle In-Transport,0,None,30,30,2,February,1,This section IS ON the NHS,99,Unknown,99,Unknown,1,1,1,1,0,,0000000,Not Applicable,,,0,No,2,Intersection,1,On Roadway,13,Urban-Other Principal Arterial,4,County Road,,,0,No,0,No Special Jurisdiction,New York,360151,36,CR-83 N OCEAN AVE,N SERVICE RD I-495,2,Four-Way Intersection,1,1,1,1,Clear,0,No Additional Atmospheric Conditions,Clear,0,None,2012
99,Unknown EMS Scene Arrival Hour,99,Unknown EMS Scene Arrival Minutes,0,None,0,None,0,None,2920,ISLIP,103,SUFFOLK (103),2017,24,6,Friday,0,1,7,Local,8,Pedestrian,88,Not Applicable (Not Transported) ,88,Not Applicable (Not Transported),23,11:00pm-11:59pm,40.79664167,40.79664167,3,Dark - Lighted,-73.247591670,-73.247591670,0,Not a Collision with Motor Vehicle In-Transport,0,None,22,22,3,March,0,This section IS NOT on the NHS,99,Unknown,99,Unknown,1,3,1,3,0,,0000000,Not Applicable,3,Town or Township Highway Agency,0,No,1,Non-Junction,1,On Roadway,,,5,Local Street - Township,2,Urban,0,No,0,No Special Jurisdiction,New York,360151,36,WASHINGTON AVE,,1,Not an Intersection,2,2,1,1,Clear,0,No Additional Atmospheric Conditions,Clear,0,None,2017
99,Unknown EMS Scene Arrival Hour,99,Unknown EMS Scene Arrival Minutes,0,None,0,None,0,None,705,BROOKHAVEN,103,SUFFOLK (103),2014,26,4,Wednesday,1,1,,,42,Tree (Standing Only),99,Unknown,99,Unknown EMS Hospital Arrival Time,3,3:00am-3:59am,40.82240833,40.82240833,2,Dark - Not Lighted,-72.814297220,-72.814297220,0,Not a Collision with Motor Vehicle In-Transport,0,None,26,26,2,February,1,This section IS ON the NHS,99,Unknown,99,Unknown,0,2,0,2,0,,0000000,Not Applicable,,,1,Yes,5,Entrance/Exit Ramp Related,4,On Roadside,13,Urban-Other Principal Arterial,3,State Highway,,,0,No,0,No Special Jurisdiction,New York,360151,36,SR-27 SUNRISE HWY,,1,Not an Intersection,1,1,10,10,Cloudy,0,No Additional Atmospheric Conditions,Cloudy,0,None,2014
99,Unknown EMS Scene Arrival Hour,99,Unknown EMS Scene Arrival Minutes,0,None,0,None,0,None,705,BROOKHAVEN,103,SUFFOLK (103),2014,23,1,Sunday,1,1,,,59,Traffic Sign Support ,99,Unknown,99,Unknown EMS Hospital Arrival Time,22,10:00pm-10:59pm,40.76880556,40.76880556,3,Dark - Lighted,-73.026825000,-73.026825000,0,Not a Collision with Motor Vehicle In-Transport,0,None,18,18,2,February,0,This section IS NOT on the NHS,99,Unknown,99,Unknown,0,1,0,1,0,,0000000,Not Applicable,,,0,No,1,Non-Junction,4,On Roadside,16,Urban-Local Road or Street,5,Local Street - Township,,,0,No,0,No Special Jurisdiction,New York,360152,36,WAVERLY AVE,,1,Not an Intersection,1,1,1,1,Clear,0,No Additional Atmospheric Conditions,Clear,0,None,2014
18,6:00pm-6:59pm,53,53,0,None,0,None,0,None,705,BROOKHAVEN,103,SUFFOLK (103),2012,15,4,Wednesday,0,1,,,8,Pedestrian,19,7:00pm-7:59pm,17,17,18,6:00pm-6:59pm,40.87360833,40.87360833,1,Daylight,-72.981416670,-72.981416670,0,Not a Collision with Motor Vehicle In-Transport,0,None,45,45,2,February,1,This section IS ON the NHS,18,6:00pm-6:59pm,51,51,1,1,1,1,0,,0000000,Not Applicable,,,0,No,1,Non-Junction,1,On Roadway,2,Rural-Principal Arterial-Other,3,State Highway,,,0,No,0,No Special Jurisdiction,New York,360152,36,SR-25 MIDDLE CTY RD,,1,Not an Intersection,1,1,10,10,Cloudy,0,No Additional Atmospheric Conditions,Cloudy,0,None,2012
99,Unknown EMS Scene Arrival Hour,99,Unknown EMS Scene Arrival Minutes,0,None,0,None,0,None,2920,ISLIP,103,SUFFOLK (103),2019,14,5,Thursday,0,1,4,Minor Arterial,8,Pedestrian,88,Not Applicable (Not Transported) ,88,Not Applicable (Not Transported),19,7:00pm-7:59pm,40.82668333,40.82668333,3,Dark - Lighted,-73.133233330,-73.133233330,0,The First Harmful Event was Not a Collision with a Motor Vehicle in Transport,99998,Not Reported,20,20,2,February,0,This section IS NOT on the NHS,99,Unknown,99,Unknown,1,1,1,1,0,,0000000,Not Applicable,2,County Highway Agency,0,No,1,Non-Junction,1,On Roadway,,,4,County Road,2,Urban,0,No,0,No Special Jurisdiction,New York,360152,36,CR-93,,1,Not an Intersection,1,1,1,1,Clear,0,No Additional Atmospheric Conditions,Clear,0,None,2019
99,Unknown EMS Scene Arrival Hour,99,Unknown EMS Scene Arrival Minutes,0,None,0,None,0,None,705,BROOKHAVEN,103,SUFFOLK (103),2019,20,4,Wednesday,0,1,7,Local,12,Motor Vehicle In-Transport ,99,Unknown,99,Unknown EMS Hospital Arrival Time,19,7:00pm-7:59pm,40.80104167,40.80104167,3,Dark - Lighted,-72.882691670,-72.882691670,6,Angle ,99998,Not Reported,8,8,2,February,0,This section IS NOT on the NHS,99,Unknown,99,Unknown,0,3,0,3,0,,0000000,Not Applicable,3,Town or Township Highway Agency,0,No,1,Non-Junction,1,On Roadway,,,4,County Road,1,Rural,0,No,0,No Special Jurisdiction,New York,360153,36,CR-80 MONTAUK HWY,,1,Not an Intersection,2,2,98,98,Not Reported,0,No Additional Atmospheric Conditions,Not Reported,0,None,2019
99,Unknown EMS Scene Arrival Hour,99,Unknown EMS Scene Arrival Minutes,0,None,0,None,0,None,705,BROOKHAVEN,103,SUFFOLK (103),2012,23,5,Thursday,1,1,,,42,Tree (Standing Only),88,Not Applicable (Not Transported) ,88,Not Applicable (Not Transported),15,3:00pm-3:59pm,40.82255556,40.82255556,1,Daylight,-72.814200000,-72.814200000,0,Not a Collision with Motor Vehicle In-Transport,0,None,35,35,2,February,1,This section IS ON the NHS,99,Unknown,99,Unknown,0,1,0,1,0,,0000000,Not Applicable,,,1,Yes,5,Entrance/Exit Ramp Related,4,On Roadside,2,Rural-Principal Arterial-Other,3,State Highway,,,0,No,0,No Special Jurisdiction,New York,360153,36,SR-27,,1,Not an Intersection,1,1,1,1,Clear,0,No Additional Atmospheric Conditions,Clear,0,None,2012
2,2:00am-2:59am,10,10,0,None,0,None,0,None,5769,SMITHTOWN,103,SUFFOLK (103),2013,16,4,Wednesday,1,1,,,12,Motor Vehicle In-Transport ,99,Unknown,99,Unknown EMS Hospital Arrival Time,2,2:00am-2:59am,40.86132778,40.86132778,3,Dark - Lighted,-73.143027780,-73.143027780,2,Front-to-Front,0,None,0,0,1,January,1,This section IS ON the NHS,99,Unknown,99,Unknown,0,2,0,2,0,,0000000,Not Applicable,,,0,No,2,Intersection,1,On Roadway,13,Urban-Other Principal Arterial,3,State Highway,,,0,No,0,No Special Jurisdiction,New York,360153,36,SR-25,HUBER PL,3,T-Intersection,2,2,2,2,Rain,0,No Additional Atmospheric Conditions,Rain,0,None,2013
99,Unknown EMS Scene Arrival Hour,99,Unknown EMS Scene Arrival Minutes,0,None,0,None,0,None,2920,ISLIP,103,SUFFOLK (103),2019,22,6,Friday,1,1,7,Local,39,Wall,88,Not Applicable (Not Transported) ,88,Not Applicable (Not Transported),4,4:00am-4:59am,40.81110556,40.81110556,3,Dark - Lighted,-73.217650000,-73.217650000,0,The First Harmful Event was Not a Collision with a Motor Vehicle in Transport,99998,Not Reported,14,14,2,February,0,This section IS NOT on the NHS,99,Unknown,99,Unknown,0,1,0,1,0,,0000000,Not Applicable,3,Town or Township Highway Agency,0,No,1,Non-Junction,4,On Roadside,,,5,Local Street - Township,2,Urban,0,No,0,No Special Jurisdiction,New York,360154,36,WHEELER RD,,1,Not an Intersection,1,1,10,10,Cloudy,0,No Additional Atmospheric Conditions,Cloudy,0,None,2019
7,7:00am-7:59am,0,0,0,None,0,None,0,None,705,BROOKHAVEN,103,SUFFOLK (103),2018,16,2,Monday,0,1,3,Principal Arterial - Other,24,Guardrail Face,7,7:00am-7:59am,45,45,6,6:00am-6:59am,40.85986944,40.85986944,1,Daylight,-73.021491670,-73.021491670,0,Not a Collision with Motor Vehicle In-Transport,0,None,30,30,4,April,1,This section IS ON the NHS,6,6:00am-6:59am,56,56,0,1,0,1,0,,0000000,Not Applicable,3,Town or Township Highway Agency,0,No,1,Non-Junction,3,On Median,,,4,County Road,1,Rural,0,No,0,No Special Jurisdiction,New York,360154,36,CR-83 PATCHOGUE MT SINAI RD,,1,Not an Intersection,1,1,2,2,Rain,0,No Additional Atmospheric Conditions,Rain,0,None,2018
99,Unknown EMS Scene Arrival Hour,99,Unknown EMS Scene Arrival Minutes,0,None,0,None,0,None,705,BROOKHAVEN,103,SUFFOLK (103),2019,24,1,Sunday,0,1,7,Local,8,Pedestrian,99,Unknown,99,Unknown EMS Hospital Arrival Time,2,2:00am-2:59am,40.76926389,40.76926389,3,Dark - Lighted,-72.971188890,-72.971188890,0,The First Harmful Event was Not a Collision with a Motor Vehicle in Transport,99998,Not Reported,30,30,2,February,0,This section IS NOT on the NHS,99,Unknown,99,Unknown,2,1,2,1,0,,0000000,Not Applicable,2,County Highway Agency,0,No,3,Intersection-Related ,1,On Roadway,,,4,County Road,2,Urban,0,No,0,No Special Jurisdiction,New York,360155,36,CR-80 MONTAUK HWY,ORCHARD RD,3,T-Intersection,1,1,2,2,Rain,0,No Additional Atmospheric Conditions,Rain,0,None,2019
99,Unknown EMS Scene Arrival Hour,99,Unknown EMS Scene Arrival Minutes,0,None,0,None,0,None,4670,PATCHOGUE,103,SUFFOLK (103),2018,30,3,Tuesday,0,1,7,Local,8,Pedestrian,99,Unknown,99,Unknown EMS Hospital Arrival Time,13,1:00pm-1:59pm,40.76566389,40.76566389,1,Daylight,-73.015094440,-73.015094440,0,Not a Collision with Motor Vehicle In-Transport,0,None,20,20,1,January,0,This section IS NOT on the NHS,99,Unknown,99,Unknown,1,1,1,1,0,,0000000,Not Applicable,3,Town or Township Highway Agency,0,No,3,Intersection-Related ,1,On Roadway,,,5,Local Street - Township,2,Urban,0,No,0,No Special Jurisdiction,New York,360157,36,MAIN ST,N OCEAN AVE,2,Four-Way Intersection,1,1,10,10,Cloudy,0,No Additional Atmospheric Conditions,Cloudy,0,None,2018
99,Unknown EMS Scene Arrival Hour,99,Unknown EMS Scene Arrival Minutes,0,None,0,None,0,None,705,BROOKHAVEN,103,SUFFOLK (103),2018,29,2,Monday,1,1,7,Local,30,Utility Pole/Light Support,88,Not Applicable (Not Transported) ,88,Not Applicable (Not Transported),2,2:00am-2:59am,40.79950000,40.79950000,3,Dark - Lighted,-72.866308330,-72.866308330,0,Not a Collision with Motor Vehicle In-Transport,0,None,15,15,1,January,0,This section IS NOT on the NHS,99,Unknown,99,Unknown,0,1,0,1,0,,0000000,Not Applicable,2,County Highway Agency,0,No,3,Intersection-Related ,4,On Roadside,,,4,County Road,2,Urban,0,No,0,No Special Jurisdiction,New York,360158,36,CR-46,MASTIC BLVD,2,Four-Way Intersection,1,1,1,1,Clear,0,No Additional Atmospheric Conditions,Clear,0,None,2018
99,Unknown EMS Scene Arrival Hour,99,Unknown EMS Scene Arrival Minutes,0,None,0,None,0,None,705,BROOKHAVEN,103,SUFFOLK (103),2018,15,5,Thursday,0,1,3,Principal Arterial - Other,42,Tree (Standing Only),88,Not Applicable (Not Transported) ,88,Not Applicable (Not Transported),10,10:00am-10:59am,40.89386111,40.89386111,1,Daylight,-73.005602780,-73.005602780,0,Not a Collision with Motor Vehicle In-Transport,0,None,37,37,3,March,1,This section IS ON the NHS,99,Unknown,99,Unknown,0,1,0,1,2,,0000000,Not Applicable,4,City or Municipal Highway Agency,0,No,1,Non-Junction,4,On Roadside,,,4,County Road,1,Rural,0,No,0,No Special Jurisdiction,New York,360159,36,CR-83,,1,Not an Intersection,1,3,1,1,Clear,0,No Additional Atmospheric Conditions,Clear,0,None,2018
99,Unknown EMS Scene Arrival Hour,99,Unknown EMS Scene Arrival Minutes,0,None,0,None,0,None,1050,CENTRAL ISLIP,103,SUFFOLK (103),2016,4,5,Thursday,0,1,3,Principal Arterial - Other,24,Guardrail Face,99,Unknown,99,Unknown EMS Hospital Arrival Time,23,11:00pm-11:59pm,40.81078056,40.81078056,3,Dark - Lighted,-73.187263890,-73.187263890,0,Not a Collision with Motor Vehicle In-Transport,0,None,25,25,2,February,1,This section IS ON the NHS,99,Unknown,99,Unknown,0,1,0,1,0,,0000000,Not Applicable,1,State Highway Agency,0,No,1,Non-Junction,3,On Median,,,3,State Highway,2,Urban,0,No,0,No Special Jurisdiction,New York,360160,36,SR-454,,1,Not an Intersection,1,1,2,2,Rain,0,No Additional Atmospheric Conditions,Rain,0,None,2016
7,7:00am-7:59am,26,26,0,None,0,None,0,None,360,BABYLON,103,SUFFOLK (103),2015,1,5,Thursday,1,1,7,Local,42,Tree (Standing Only),7,7:00am-7:59am,49,49,7,7:00am-7:59am,40.67422222,40.67422222,1,Daylight,-73.396647220,-73.396647220,0,Not a Collision with Motor Vehicle In-Transport,0,None,19,19,1,January,0,This section IS NOT on the NHS,7,7:00am-7:59am,20,20,0,1,0,1,0,,0000000,Not Applicable,3,Town or Township Highway Agency,0,No,1,Non-Junction,4,On Roadside,,,5,Local Street - Township,2,Urban,0,No,0,No Special Jurisdiction,New York,360161,36,GREAT NECK AVE,,1,Not an Intersection,1,1,1,1,Clear,0,No Additional Atmospheric Conditions,Clear,0,None,2015
99,Unknown EMS Scene Arrival Hour,99,Unknown EMS Scene Arrival Minutes,0,None,0,None,0,None,2920,ISLIP,103,SUFFOLK (103),2016,26,6,Friday,0,1,7,Local,8,Pedestrian,99,Unknown,99,Unknown EMS Hospital Arrival Time,20,8:00pm-8:59pm,40.73866667,40.73866667,3,Dark - Lighted,-73.238700000,-73.238700000,0,Not a Collision with Motor Vehicle In-Transport,0,None,8,8,2,February,0,This section IS NOT on the NHS,20,8:00pm-8:59pm,1,1,1,1,1,1,0,,0000000,Not Applicable,3,Town or Township Highway Agency,0,No,1,Non-Junction,1,On Roadway,,,5,Local Street - Township,2,Urban,0,No,0,No Special Jurisdiction,New York,360163,36,BRENTWOOD RD,,1,Not an Intersection,1,1,1,1,Clear,0,No Additional Atmospheric Conditions,Clear,0,None,2016
99,Unknown EMS Scene Arrival Hour,99,Unknown EMS Scene Arrival Minutes,0,None,0,None,0,None,705,BROOKHAVEN,103,SUFFOLK (103),2016,23,3,Tuesday,0,1,3,Principal Arterial - Other,12,Motor Vehicle In-Transport ,99,Unknown,99,Unknown EMS Hospital Arrival Time,13,1:00pm-1:59pm,40.94404722,40.94404722,1,Daylight,-72.848780560,-72.848780560,2,Front-to-Front,0,None,18,18,2,February,1,This section IS ON the NHS,99,Unknown,99,Unknown,0,2,0,2,0,,0000000,Not Applicable,3,Town or Township Highway Agency,0,No,1,Non-Junction,1,On Roadway,,,3,State Highway,2,Urban,0,No,0,No Special Jurisdiction,New York,360164,36,SR-25A,,1,Not an Intersection,2,2,2,2,Rain,0,No Additional Atmospheric Conditions,Rain,0,None,2016
99,Unknown EMS Scene Arrival Hour,99,Unknown EMS Scene Arrival Minutes,0,None,0,None,0,None,2920,ISLIP,103,SUFFOLK (103),2016,29,2,Monday,0,1,7,Local,8,Pedestrian,88,Not Applicable (Not Transported) ,88,Not Applicable (Not Transported),18,6:00pm-6:59pm,40.73991667,40.73991667,2,Dark - Not Lighted,-73.239183330,-73.239183330,0,Not a Collision with Motor Vehicle In-Transport,0,None,45,45,2,February,0,This section IS NOT on the NHS,99,Unknown,99,Unknown,1,1,1,1,0,,0000000,Not Applicable,3,Town or Township Highway Agency,0,No,1,Non-Junction,1,On Roadway,,,5,Local Street - Township,2,Urban,0,No,0,No Special Jurisdiction,New York,360165,36,BRENTWOOD RD,NEVADA AVE,1,Not an Intersection,1,1,1,1,Clear,0,No Additional Atmospheric Conditions,Clear,0,None,2016