ARR_HOUR,ARR_HOURNAME,ARR_MIN,ARR_MINNAME,CF1,CF1NAME,CF2,CF2NAME,CF3,CF3NAME,CITY,CITYNAME,COUNTY,COUNTYNAME,CaseYear,DAY,DAY_WEEK,DAY_WEEKNAME,DRUNK_DR,FATALS,FUNC_SYS,FUNC_SYSNAME,HARM_EV,HARM_EVNAME,HOSP_HR,HOSP_HRNAME,HOSP_MN,HOSP_MNNAME,HOUR,HOURNAME,LATITUDE,LATITUDENAME,LGT_COND,LGT_CONDNAME,LONGITUD,LONGITUDNAME,MAN_COLL,MAN_COLLNAME,MILEPT,MILEPTNAME,MINUTE,MINUTENAME,MONTH,MonthName,NHS,NHSNAME,NOT_HOUR,NOT_HOURNAME,NOT_MIN,NOT_MINNAME,PEDS,PERMVIT,PERNOTMVIT,PERSONS,PVH_INVL,ParkWorks,RAIL,RAILNAME,RD_OWNER,RD_OWNERNAME,RELJCT1,RELJCT1NAME,RELJCT2,RELJCT2NAME,REL_ROAD,REL_ROADNAME,ROAD_FNC,ROAD_FNCNAME,ROUTE,ROUTENAME,RUR_URB,RUR_URBNAME,SCH_BUS,SCH_BUSNAME,SP_JUR,SP_JURNAME,STATENAME,ST_CASE,State,TWAY_ID,TWAY_ID2,TYP_INT,TYP_INTNAME,VE_FORMS,VE_TOTAL,WEATHER,WEATHER1,WEATHER1NAME,WEATHER2,WEATHER2NAME,WEATHERNAME,WRK_ZONE,WRK_ZONENAME,YEAR
99,Unknown EMS Scene Arrival Hour,99,Unknown EMS Scene Arrival Minutes,0,None,0,None,0,None,160,AMITYVILLE,103,SUFFOLK (103),2014,28,6,Friday,1,1,,,31,"Other Post, Other Pole or Other Supports",99,Unknown,99,Unknown EMS Hospital Arrival Time,3,3:00am-3:59am,40.66851111,40.66851111,3,Dark - Lighted,-73.407277780,-73.407277780,0,Not a Collision with Motor Vehicle In-Transport,0,None,50,50,2,February,0,This section IS NOT on the NHS,99,Unknown,99,Unknown,0,1,0,1,4,,0000000,Not Applicable,,,0,No,3,Intersection-Related ,4,On Roadside,13,Urban-Other Principal Arterial,5,Local Street - Township,,,0,No,0,No Special Jurisdiction,New York,360268,36,MERRICK RD,BRYAN AVE,3,T-Intersection,1,5,10,10,Cloudy,0,No Additional Atmospheric Conditions,Cloudy,0,None,2014
4,4:00am-4:59am,5,5,0,None,0,None,0,None,2840,HUNTINGTON,103,SUFFOLK (103),2018,8,6,Friday,0,1,7,Local,8,Pedestrian,88,Not Applicable (Not Transported) ,88,Not Applicable (Not Transported),3,3:00am-3:59am,40.78302222,40.78302222,3,Dark - Lighted,-73.409966670,-73.409966670,0,Not a Collision with Motor Vehicle In-Transport,0,None,57,57,6,June,0,This section IS NOT on the NHS,3,3:00am-3:59am,57,57,1,2,1,2,0,,0000000,Not Applicable,3,Town or Township Highway Agency,0,No,3,Intersection-Related ,1,On Roadway,,,5,Local Street - Township,2,Urban,0,No,0,No Special Jurisdiction,New York,360269,36,PINELAWN RD,I-495 N SERVICE RD,2,Four-Way Intersection,1,1,1,1,Clear,0,No Additional Atmospheric Conditions,Clear,0,None,2018
21,9:00pm-9:59pm,0,0,0,None,0,None,0,None,5210,RIVERHEAD,103,SUFFOLK (103),2016,22,1,Sunday,0,1,7,Local,14,Parked Motor Vehicle ,22,10:00pm-10:59pm,7,7,20,8:00pm-8:59pm,40.95421389,40.95421389,2,Dark - Not Lighted,-72.758811110,-72.758811110,0,Not a Collision with Motor Vehicle In-Transport,0,None,51,51,5,May,0,This section IS NOT on the NHS,20,8:00pm-8:59pm,53,53,0,1,0,1,1,,0000000,Not Applicable,3,Town or Township Highway Agency,0,No,1,Non-Junction,4,On Roadside,,,5,Local Street - Township,1,Rural,0,No,0,No Special Jurisdiction,New York,360270,36,EDWARDS AVE,,1,Not an Intersection,1,2,1,1,Clear,0,No Additional Atmospheric Conditions,Clear,0,None,2016
99,Unknown EMS Scene Arrival Hour,99,Unknown EMS Scene Arrival Minutes,0,None,0,None,0,None,2840,HUNTINGTON,103,SUFFOLK (103),2010,16,7,Saturday,0,1,,,8,Pedestrian,99,Unknown,99,Unknown EMS Hospital Arrival Time,17,5:00pm-5:59pm,40.87830000,40.87830000,3,Dark - Lighted,-73.316519440,-73.316519440,0,Not a Collision with Motor Vehicle In-Transport,0,None,27,27,1,January,0,This section IS NOT on the NHS,99,Unknown,99,Unknown,1,,,1,,,0000000,Not Applicable,,,0,No,3,Intersection-Related ,1,On Roadway,16,Urban-Local Road or Street,6,Local Street - Municipality,,,0,No,0,No Special Jurisdiction,New York,360270,36,PULASKI RD,WEST POINT DR,2,Four-Way Intersection,1,1,1,1,Clear,0,No Additional Atmospheric Conditions,Clear,0,None,2010
99,Unknown EMS Scene Arrival Hour,99,Unknown EMS Scene Arrival Minutes,0,None,0,None,0,None,705,BROOKHAVEN,103,SUFFOLK (103),2010,13,3,Tuesday,0,1,,,8,Pedestrian,88,Not Applicable (Not Transported) ,88,Not Applicable (Not Transported),21,9:00pm-9:59pm,40.90396111,40.90396111,2,Dark - Not Lighted,-73.116416670,-73.116416670,0,Not a Collision with Motor Vehicle In-Transport,0,None,8,8,4,April,1,This section IS ON the NHS,99,Unknown,99,Unknown,1,,,4,,,0000000,Not Applicable,,,0,No,3,Intersection-Related ,1,On Roadway,13,Urban-Other Principal Arterial,5,Local Street - Township,,,0,No,0,No Special Jurisdiction,New York,360271,36,NICOLLS RD,SOUTH DR,4,Y-Intersection,4,4,1,1,Clear,0,No Additional Atmospheric Conditions,Clear,0,None,2010
10,10:00am-10:59am,14,14,0,None,0,None,0,None,2920,ISLIP,103,SUFFOLK (103),2019,1,6,Friday,0,1,2,Principal Arterial - Other Freeways and Expressways,42,Tree (Standing Only),88,Not Applicable (Not Transported) ,88,Not Applicable (Not Transported),10,10:00am-10:59am,40.65064444,40.65064444,1,Daylight,-73.263361110,-73.263361110,0,The First Harmful Event was Not a Collision with a Motor Vehicle in Transport,99998,Not Reported,11,11,2,February,1,This section IS ON the NHS,10,10:00am-10:59am,12,12,0,1,0,1,0,,0000000,Not Applicable,1,State Highway Agency,0,No,1,Non-Junction,3,On Median,,,3,State Highway,2,Urban,0,No,0,No Special Jurisdiction,New York,360271,36,SR-908J,,1,Not an Intersection,1,1,1,1,Clear,0,No Additional Atmospheric Conditions,Clear,0,None,2019
99,Unknown EMS Scene Arrival Hour,99,Unknown EMS Scene Arrival Minutes,0,None,0,None,0,None,705,BROOKHAVEN,103,SUFFOLK (103),2012,12,5,Thursday,0,1,,,8,Pedestrian,99,Unknown,99,Unknown EMS Hospital Arrival Time,17,5:00pm-5:59pm,99.99990000,Unknown,1,Daylight,999.999900000,Unknown,0,Not a Collision with Motor Vehicle In-Transport,0,None,19,19,4,April,1,This section IS ON the NHS,99,Unknown,99,Unknown,1,1,1,1,0,,0000000,Not Applicable,,,0,No,3,Intersection-Related ,1,On Roadway,2,Rural-Principal Arterial-Other,3,State Highway,,,0,No,0,No Special Jurisdiction,New York,360273,36,SR-25,LAKEVIEW TERR,3,T-Intersection,1,1,1,1,Clear,0,No Additional Atmospheric Conditions,Clear,0,None,2012
99,Unknown EMS Scene Arrival Hour,99,Unknown EMS Scene Arrival Minutes,0,None,0,None,0,None,2920,ISLIP,103,SUFFOLK (103),2012,31,7,Saturday,0,1,,,12,Motor Vehicle In-Transport ,99,Unknown,99,Unknown EMS Hospital Arrival Time,16,4:00pm-4:59pm,40.78323333,40.78323333,1,Daylight,-73.237211110,-73.237211110,6,Angle ,0,None,45,45,3,March,0,This section IS NOT on the NHS,99,Unknown,99,Unknown,0,3,0,3,0,,0000000,Not Applicable,,,0,No,8,Driveway Access Related,1,On Roadway,14,Urban-Minor Arterial,5,Local Street - Township,,,0,No,0,No Special Jurisdiction,New York,360274,36,SUFFOLK AVE,,1,Not an Intersection,2,2,10,10,Cloudy,0,No Additional Atmospheric Conditions,Cloudy,0,None,2012
8,8:00am-8:59am,50,50,0,None,0,None,0,None,2840,HUNTINGTON,103,SUFFOLK (103),2010,12,2,Monday,0,1,,,12,Motor Vehicle In-Transport ,99,Unknown,99,Unknown EMS Hospital Arrival Time,8,8:00am-8:59am,40.83516944,40.83516944,1,Daylight,-73.376950000,-73.376950000,6,Angle ,433,433,50,50,4,April,1,This section IS ON the NHS,8,8:00am-8:59am,50,50,0,,,4,,,0000000,Not Applicable,,,0,No,2,Intersection,1,On Roadway,13,Urban-Other Principal Arterial,3,State Highway,,,0,No,0,No Special Jurisdiction,New York,360277,36,SR-25,COOPER AVE,3,T-Intersection,2,2,1,1,Clear,0,No Additional Atmospheric Conditions,Clear,0,None,2010
99,Unknown EMS Scene Arrival Hour,99,Unknown EMS Scene Arrival Minutes,0,None,0,None,0,None,2920,ISLIP,103,SUFFOLK (103),2010,10,7,Saturday,0,2,,,12,Motor Vehicle In-Transport ,99,Unknown,99,Unknown EMS Hospital Arrival Time,23,11:00pm-11:59pm,40.78697222,40.78697222,3,Dark - Lighted,-73.121288890,-73.121288890,6,Angle ,99,99,20,20,4,April,1,This section IS ON the NHS,99,Unknown,99,Unknown,0,,,5,,,0000000,Not Applicable,,,0,No,2,Intersection,1,On Roadway,13,Urban-Other Principal Arterial,3,State Highway,,,0,No,0,No Special Jurisdiction,New York,360278,36,SR-454,OCEAN AVE,3,T-Intersection,3,3,1,1,Clear,0,No Additional Atmospheric Conditions,Clear,0,None,2010
99,Unknown EMS Scene Arrival Hour,99,Unknown EMS Scene Arrival Minutes,0,None,0,None,0,None,705,BROOKHAVEN,103,SUFFOLK (103),2016,28,5,Thursday,0,1,7,Local,38,Fence,99,Unknown,99,Unknown EMS Hospital Arrival Time,10,10:00am-10:59am,40.83252778,40.83252778,1,Daylight,-73.036377780,-73.036377780,0,Not a Collision with Motor Vehicle In-Transport,0,None,5,5,4,April,0,This section IS NOT on the NHS,99,Unknown,99,Unknown,0,1,0,1,0,,0000000,Not Applicable,3,Town or Township Highway Agency,0,No,1,Non-Junction,4,On Roadside,,,5,Local Street - Township,2,Urban,0,No,0,No Special Jurisdiction,New York,360278,36,HORSEBLOCK RD,,1,Not an Intersection,1,1,1,1,Clear,0,No Additional Atmospheric Conditions,Clear,0,None,2016
99,Unknown EMS Scene Arrival Hour,99,Unknown EMS Scene Arrival Minutes,0,None,0,None,0,None,5769,SMITHTOWN,103,SUFFOLK (103),2012,13,6,Friday,0,1,,,58,Ground,88,Not Applicable (Not Transported) ,88,Not Applicable (Not Transported),20,8:00pm-8:59pm,40.81021667,40.81021667,2,Dark - Not Lighted,-73.282016670,-73.282016670,0,Not a Collision with Motor Vehicle In-Transport,0,None,46,46,4,April,0,This section IS NOT on the NHS,99,Unknown,99,Unknown,0,1,0,1,0,,0000000,Not Applicable,,,0,No,1,Non-Junction,1,On Roadway,3,Rural-Minor Arterial,4,County Road,,,0,No,0,No Special Jurisdiction,New York,360279,36,CR-67,,1,Not an Intersection,1,1,1,1,Clear,0,No Additional Atmospheric Conditions,Clear,0,None,2012
22,10:00pm-10:59pm,26,26,0,None,0,None,0,None,3673,MELVILLE,103,SUFFOLK (103),2017,27,7,Saturday,0,1,7,Local,26,Other Traffic Barrier,22,10:00pm-10:59pm,50,50,22,10:00pm-10:59pm,40.76863333,40.76863333,3,Dark - Lighted,-73.429080560,-73.429080560,0,Not a Collision with Motor Vehicle In-Transport,0,None,12,12,5,May,0,This section IS NOT on the NHS,22,10:00pm-10:59pm,19,19,0,1,0,1,0,,0000000,Not Applicable,3,Town or Township Highway Agency,0,No,1,Non-Junction,1,On Roadway,,,5,Local Street - Township,2,Urban,0,No,0,No Special Jurisdiction,New York,360279,36,MORLEY CIRCLE,,1,Not an Intersection,1,1,1,1,Clear,0,No Additional Atmospheric Conditions,Clear,0,None,2017
99,Unknown EMS Scene Arrival Hour,99,Unknown EMS Scene Arrival Minutes,0,None,0,None,0,None,2920,ISLIP,103,SUFFOLK (103),2012,1,1,Sunday,0,1,,,8,Pedestrian,99,Unknown,99,Unknown EMS Hospital Arrival Time,3,3:00am-3:59am,40.80441389,40.80441389,3,Dark - Lighted,-73.267513890,-73.267513890,0,Not a Collision with Motor Vehicle In-Transport,0,None,38,38,4,April,0,This section IS NOT on the NHS,99,Unknown,99,Unknown,1,1,1,1,0,,0000000,Not Applicable,,,0,No,1,Non-Junction,1,On Roadway,15,Urban-Collector,5,Local Street - Township,,,0,No,0,No Special Jurisdiction,New York,360280,36,EXPRESSWAY DR S,,1,Not an Intersection,1,1,10,10,Cloudy,0,No Additional Atmospheric Conditions,Cloudy,0,None,2012
99,Unknown EMS Scene Arrival Hour,99,Unknown EMS Scene Arrival Minutes,0,None,0,None,0,None,5194,RIDGE,103,SUFFOLK (103),2012,14,7,Saturday,0,2,,,42,Tree (Standing Only),99,Unknown,99,Unknown EMS Hospital Arrival Time,1,1:00am-1:59am,40.86745833,40.86745833,2,Dark - Not Lighted,-72.900319440,-72.900319440,0,Not a Collision with Motor Vehicle In-Transport,0,None,23,23,4,April,0,This section IS NOT on the NHS,99,Unknown,99,Unknown,0,5,0,5,0,,0000000,Not Applicable,,,0,No,1,Non-Junction,4,On Roadside,2,Rural-Principal Arterial-Other,4,County Road,,,0,No,0,No Special Jurisdiction,New York,360281,36,CR-46,,1,Not an Intersection,1,1,1,1,Clear,0,No Additional Atmospheric Conditions,Clear,0,None,2012
17,5:00pm-5:59pm,21,21,0,None,0,None,0,None,2840,HUNTINGTON,103,SUFFOLK (103),2017,28,1,Sunday,0,1,7,Local,12,Motor Vehicle In-Transport ,19,7:00pm-7:59pm,55,55,17,5:00pm-5:59pm,40.80510278,40.80510278,1,Daylight,-73.294627780,-73.294627780,6,Angle ,0,None,15,15,5,May,0,This section IS NOT on the NHS,17,5:00pm-5:59pm,17,17,0,4,0,4,0,,0000000,Not Applicable,3,Town or Township Highway Agency,0,No,2,Intersection,1,On Roadway,,,5,Local Street - Township,2,Urban,0,No,0,No Special Jurisdiction,New York,360281,36,COMMACK RD,N SERVICE RD,2,Four-Way Intersection,2,2,10,10,Cloudy,0,No Additional Atmospheric Conditions,Cloudy,0,None,2017
99,Unknown EMS Scene Arrival Hour,99,Unknown EMS Scene Arrival Minutes,0,None,0,None,0,None,5210,RIVERHEAD,103,SUFFOLK (103),2015,23,7,Saturday,0,1,4,Minor Arterial,1,Rollover/Overturn,88,Not Applicable (Not Transported) ,88,Not Applicable (Not Transported),20,8:00pm-8:59pm,40.90908889,40.90908889,1,Daylight,-72.685286110,-72.685286110,0,Not a Collision with Motor Vehicle In-Transport,0,None,45,45,5,May,0,This section IS NOT on the NHS,99,Unknown,99,Unknown,0,1,0,1,0,,0000000,Not Applicable,2,County Highway Agency,0,No,1,Non-Junction,4,On Roadside,,,4,County Road,1,Rural,0,No,0,No Special Jurisdiction,New York,360281,36,CR-94,,1,Not an Intersection,1,1,1,1,Clear,0,No Additional Atmospheric Conditions,Clear,0,None,2015
11,11:00am-11:59am,6,6,0,None,0,None,0,None,5210,RIVERHEAD,103,SUFFOLK (103),2014,23,6,Friday,0,1,,,12,Motor Vehicle In-Transport ,99,Unknown,99,Unknown EMS Hospital Arrival Time,11,11:00am-11:59am,40.96016111,40.96016111,1,Daylight,-72.570677780,-72.570677780,2,Front-to-Front,0,None,1,1,5,May,1,This section IS ON the NHS,11,11:00am-11:59am,4,4,0,6,0,6,0,,0000000,Not Applicable,,,0,No,1,Non-Junction,1,On Roadway,2,Rural-Principal Arterial-Other,3,State Highway,,,0,No,0,No Special Jurisdiction,New York,360282,36,SR-25,,1,Not an Intersection,2,2,10,10,Cloudy,0,No Additional Atmospheric Conditions,Cloudy,0,None,2014
23,11:00pm-11:59pm,46,46,0,None,0,None,0,None,2840,HUNTINGTON,103,SUFFOLK (103),2018,10,1,Sunday,1,1,3,Principal Arterial - Other,42,Tree (Standing Only),88,Not Applicable (Not Transported) ,88,Not Applicable (Not Transported),23,11:00pm-11:59pm,40.87324444,40.87324444,3,Dark - Lighted,-73.443858330,-73.443858330,0,Not a Collision with Motor Vehicle In-Transport,0,None,39,39,6,June,1,This section IS ON the NHS,23,11:00pm-11:59pm,39,39,0,1,0,1,0,,0000000,Not Applicable,1,State Highway Agency,0,No,1,Non-Junction,4,On Roadside,,,3,State Highway,1,Rural,0,No,0,No Special Jurisdiction,New York,360282,36,SR-25A,,1,Not an Intersection,1,1,1,1,Clear,0,No Additional Atmospheric Conditions,Clear,0,None,2018
99,Unknown EMS Scene Arrival Hour,99,Unknown EMS Scene Arrival Minutes,0,None,0,None,0,None,705,BROOKHAVEN,103,SUFFOLK (103),2018,24,3,Tuesday,0,1,6,Minor Collector,30,Utility Pole/Light Support,88,Not Applicable (Not Transported) ,88,Not Applicable (Not Transported),17,5:00pm-5:59pm,40.77736111,40.77736111,5,Dusk,-72.928766670,-72.928766670,0,Not a Collision with Motor Vehicle In-Transport,0,None,39,39,4,April,0,This section IS NOT on the NHS,99,Unknown,99,Unknown,0,1,0,1,0,,0000000,Not Applicable,2,County Highway Agency,0,No,1,Non-Junction,4,On Roadside,,,4,County Road,2,Urban,0,No,0,No Special Jurisdiction,New York,360283,36,CR-80 MONTAUK HWY,,1,Not an Intersection,1,1,1,1,Clear,0,No Additional Atmospheric Conditions,Clear,0,None,2018
99,Unknown EMS Scene Arrival Hour,99,Unknown EMS Scene Arrival Minutes,0,None,0,None,0,None,2840,HUNTINGTON,103,SUFFOLK (103),2012,15,1,Sunday,0,1,,,12,Motor Vehicle In-Transport ,99,Unknown,99,Unknown EMS Hospital Arrival Time,18,6:00pm-6:59pm,40.83315556,40.83315556,1,Daylight,-73.362544440,-73.362544440,1,Front-to-Rear ,0,None,0,0,4,April,1,This section IS ON the NHS,99,Unknown,99,Unknown,0,3,0,3,0,,0000000,Not Applicable,,,0,No,2,Intersection,1,On Roadway,13,Urban-Other Principal Arterial,3,State Highway,,,0,No,0,No Special Jurisdiction,New York,360283,36,SR-25,PARK AVE,2,Four-Way Intersection,2,2,1,1,Clear,0,No Additional Atmospheric Conditions,Clear,0,None,2012
20,8:00pm-8:59pm,35,35,0,None,0,None,0,None,3715,MIDDLE ISLAND,103,SUFFOLK (103),2012,15,1,Sunday,0,1,,,8,Pedestrian,99,Unknown,99,Unknown EMS Hospital Arrival Time,20,8:00pm-8:59pm,40.87643056,40.87643056,3,Dark - Lighted,-72.971891670,-72.971891670,0,Not a Collision with Motor Vehicle In-Transport,0,None,30,30,4,April,1,This section IS ON the NHS,20,8:00pm-8:59pm,33,33,1,3,1,3,0,,0000000,Not Applicable,,,0,No,1,Non-Junction,1,On Roadway,2,Rural-Principal Arterial-Other,3,State Highway,,,0,No,0,No Special Jurisdiction,New York,360284,36,SR-25,,1,Not an Intersection,1,1,10,10,Cloudy,0,No Additional Atmospheric Conditions,Cloudy,0,None,2012
11,11:00am-11:59am,3,3,0,None,0,None,0,None,2920,ISLIP,103,SUFFOLK (103),2016,28,7,Saturday,0,1,7,Local,12,Motor Vehicle In-Transport ,99,Unknown,99,Unknown EMS Hospital Arrival Time,10,10:00am-10:59am,40.73726111,40.73726111,1,Daylight,-73.172583330,-73.172583330,6,Angle ,0,None,55,55,5,May,0,This section IS NOT on the NHS,10,10:00am-10:59am,55,55,0,3,0,3,0,,0000000,Not Applicable,3,Town or Township Highway Agency,0,No,2,Intersection,1,On Roadway,,,4,County Road,2,Urban,0,No,0,No Special Jurisdiction,New York,360284,36,CR-50,HARWOOD AVE,2,Four-Way Intersection,3,3,1,1,Clear,0,No Additional Atmospheric Conditions,Clear,0,None,2016
4,4:00am-4:59am,31,31,0,None,0,None,0,None,360,BABYLON,103,SUFFOLK (103),2016,25,4,Wednesday,0,1,3,Principal Arterial - Other,30,Utility Pole/Light Support,88,Not Applicable (Not Transported) ,88,Not Applicable (Not Transported),4,4:00am-4:59am,40.73247500,40.73247500,3,Dark - Lighted,-73.357216670,-73.357216670,0,Not a Collision with Motor Vehicle In-Transport,0,None,19,19,5,May,1,This section IS ON the NHS,4,4:00am-4:59am,19,19,0,1,0,1,0,,0000000,Not Applicable,1,State Highway Agency,0,No,1,Non-Junction,4,On Roadside,,,3,State Highway,2,Urban,0,No,0,No Special Jurisdiction,New York,360286,36,SR-908M,,1,Not an Intersection,1,1,10,10,Cloudy,0,No Additional Atmospheric Conditions,Cloudy,0,None,2016
99,Unknown EMS Scene Arrival Hour,99,Unknown EMS Scene Arrival Minutes,0,None,0,None,0,None,705,BROOKHAVEN,103,SUFFOLK (103),2012,28,7,Saturday,0,1,,,42,Tree (Standing Only),99,Unknown,99,Unknown EMS Hospital Arrival Time,3,3:00am-3:59am,40.77414444,40.77414444,3,Dark - Lighted,-72.943391670,-72.943391670,0,Not a Collision with Motor Vehicle In-Transport,0,None,18,18,4,April,1,This section IS ON the NHS,3,3:00am-3:59am,18,18,0,2,0,2,0,,0000000,Not Applicable,,,0,No,1,Non-Junction,4,On Roadside,2,Rural-Principal Arterial-Other,3,State Highway,,,0,No,0,No Special Jurisdiction,New York,360286,36,SR-27A,,1,Not an Intersection,1,1,1,1,Clear,0,No Additional Atmospheric Conditions,Clear,0,None,2012
2,2:00am-2:59am,28,28,0,None,0,None,0,None,5810,SOUTHAMPTON,103,SUFFOLK (103),2012,28,7,Saturday,1,2,,,42,Tree (Standing Only),3,3:00am-3:59am,15,15,2,2:00am-2:59am,99.99990000,Unknown,2,Dark - Not Lighted,999.999900000,Unknown,0,Not a Collision with Motor Vehicle In-Transport,0,None,23,23,4,April,0,This section IS NOT on the NHS,2,2:00am-2:59am,25,25,0,4,0,4,0,,0000000,Not Applicable,,,0,No,1,Non-Junction,4,On Roadside,16,Urban-Local Road or Street,5,Local Street - Township,,,0,No,0,No Special Jurisdiction,New York,360287,36,E GATE RD,,1,Not an Intersection,1,1,1,1,Clear,0,No Additional Atmospheric Conditions,Clear,0,None,2012
99,Unknown EMS Scene Arrival Hour,99,Unknown EMS Scene Arrival Minutes,0,None,0,None,0,None,360,BABYLON,103,SUFFOLK (103),2013,10,1,Sunday,1,1,,,38,Fence,99,Unknown,99,Unknown EMS Hospital Arrival Time,5,5:00am-5:59am,40.74139722,40.74139722,2,Dark - Not Lighted,-73.413022220,-73.413022220,0,Not a Collision with Motor Vehicle In-Transport,0,None,0,0,3,March,0,This section IS NOT on the NHS,99,Unknown,99,Unknown,0,1,0,1,0,,0000000,Not Applicable,,,0,No,1,Non-Junction,4,On Roadside,16,Urban-Local Road or Street,5,Local Street - Township,,,0,No,0,No Special Jurisdiction,New York,360287,36,CONKLIN ST,,1,Not an Intersection,1,1,1,1,Clear,0,No Additional Atmospheric Conditions,Clear,0,None,2013
99,Unknown EMS Scene Arrival Hour,99,Unknown EMS Scene Arrival Minutes,0,None,0,None,0,None,2920,ISLIP,103,SUFFOLK (103),2013,6,7,Saturday,0,1,,,8,Pedestrian,88,Not Applicable (Not Transported) ,88,Not Applicable (Not Transported),5,5:00am-5:59am,99.99990000,Unknown,2,Dark - Not Lighted,999.999900000,Unknown,0,Not a Collision with Motor Vehicle In-Transport,0,None,2,2,4,April,1,This section IS ON the NHS,99,Unknown,99,Unknown,1,1,1,1,0,,0000000,Not Applicable,,,0,No,1,Non-Junction,1,On Roadway,13,Urban-Other Principal Arterial,3,State Highway,,,0,No,0,No Special Jurisdiction,New York,360290,36,SR-27,,1,Not an Intersection,1,1,1,1,Clear,0,No Additional Atmospheric Conditions,Clear,0,None,2013
99,Unknown EMS Scene Arrival Hour,99,Unknown EMS Scene Arrival Minutes,0,None,0,None,0,None,2920,ISLIP,103,SUFFOLK (103),2013,4,5,Thursday,0,1,,,8,Pedestrian,88,Not Applicable (Not Transported) ,88,Not Applicable (Not Transported),22,10:00pm-10:59pm,40.79746389,40.79746389,3,Dark - Lighted,-73.250650000,-73.250650000,0,Not a Collision with Motor Vehicle In-Transport,0,None,45,45,4,April,0,This section IS NOT on the NHS,99,Unknown,99,Unknown,1,1,1,1,0,,0000000,Not Applicable,,,0,No,1,Non-Junction,1,On Roadway,16,Urban-Local Road or Street,5,Local Street - Township,,,0,No,0,No Special Jurisdiction,New York,360291,36,JEFFERSON AVE,,1,Not an Intersection,1,1,10,10,Cloudy,0,No Additional Atmospheric Conditions,Cloudy,0,None,2013
16,4:00pm-4:59pm,11,11,0,None,0,None,0,None,360,BABYLON,103,SUFFOLK (103),2013,5,6,Friday,1,1,,,12,Motor Vehicle In-Transport ,16,4:00pm-4:59pm,31,31,16,4:00pm-4:59pm,40.69128611,40.69128611,1,Daylight,-73.345169440,-73.345169440,6,Angle ,0,None,8,8,4,April,0,This section IS NOT on the NHS,16,4:00pm-4:59pm,7,7,0,2,0,2,0,,0000000,Not Applicable,,,0,No,2,Intersection,1,On Roadway,16,Urban-Local Road or Street,5,Local Street - Township,,,0,No,0,No Special Jurisdiction,New York,360292,36,GREAT E NECK RD,CROCUS CT,2,Four-Way Intersection,2,2,1,1,Clear,0,No Additional Atmospheric Conditions,Clear,0,None,2013
20,8:00pm-8:59pm,7,7,0,None,0,None,0,None,5769,SMITHTOWN,103,SUFFOLK (103),2012,3,7,Saturday,0,1,,,8,Pedestrian,99,Unknown,99,Unknown EMS Hospital Arrival Time,19,7:00pm-7:59pm,40.80525278,40.80525278,3,Dark - Lighted,-73.292544440,-73.292544440,0,Not a Collision with Motor Vehicle In-Transport,0,None,58,58,3,March,0,This section IS NOT on the NHS,20,8:00pm-8:59pm,1,1,1,1,1,1,0,,0000000,Not Applicable,,,1,Yes,18,Through Roadway,1,On Roadway,13,Urban-Other Principal Arterial,5,Local Street - Township,,,0,No,0,No Special Jurisdiction,New York,360292,36,EXPRESS DR N,,1,Not an Intersection,1,1,1,1,Clear,0,No Additional Atmospheric Conditions,Clear,0,None,2012
12,12:00pm-12:59pm,10,10,0,None,0,None,0,None,3654,MEDFORD,103,SUFFOLK (103),2012,8,1,Sunday,0,1,,,12,Motor Vehicle In-Transport ,12,12:00pm-12:59pm,35,35,12,12:00pm-12:59pm,40.84259444,40.84259444,1,Daylight,-72.996425000,-72.996425000,2,Front-to-Front,0,None,6,6,4,April,1,This section IS ON the NHS,12,12:00pm-12:59pm,6,6,0,5,0,5,0,,0000000,Not Applicable,,,0,No,1,Non-Junction,1,On Roadway,2,Rural-Principal Arterial-Other,3,State Highway,,,0,No,0,No Special Jurisdiction,New York,360293,36,SR-112,,1,Not an Intersection,2,2,1,1,Clear,0,No Additional Atmospheric Conditions,Clear,0,None,2012
99,Unknown EMS Scene Arrival Hour,99,Unknown EMS Scene Arrival Minutes,0,None,0,None,0,None,705,BROOKHAVEN,103,SUFFOLK (103),2013,11,5,Thursday,0,1,,,42,Tree (Standing Only),99,Unknown,99,Unknown EMS Hospital Arrival Time,17,5:00pm-5:59pm,99.99990000,Unknown,1,Daylight,999.999900000,Unknown,0,Not a Collision with Motor Vehicle In-Transport,0,None,6,6,4,April,0,This section IS NOT on the NHS,99,Unknown,99,Unknown,0,1,0,1,0,,0000000,Not Applicable,,,0,No,3,Intersection-Related ,4,On Roadside,16,Urban-Local Road or Street,4,County Road,,,0,No,0,No Special Jurisdiction,New York,360293,36,CR-16,SR-112,2,Four-Way Intersection,1,1,10,10,Cloudy,0,No Additional Atmospheric Conditions,Cloudy,0,None,2013
99,Unknown EMS Scene Arrival Hour,99,Unknown EMS Scene Arrival Minutes,0,None,0,None,0,None,705,BROOKHAVEN,103,SUFFOLK (103),2013,15,2,Monday,0,2,,,12,Motor Vehicle In-Transport ,99,Unknown,99,Unknown EMS Hospital Arrival Time,14,2:00pm-2:59pm,40.91404444,40.91404444,1,Daylight,-73.006869440,-73.006869440,6,Angle ,0,None,37,37,4,April,1,This section IS ON the NHS,99,Unknown,99,Unknown,0,5,0,5,0,,0000000,Not Applicable,,,0,No,2,Intersection,1,On Roadway,13,Urban-Other Principal Arterial,4,County Road,,,0,No,0,No Special Jurisdiction,New York,360294,36,CR-83,CANAL RD,2,Four-Way Intersection,3,3,1,1,Clear,0,No Additional Atmospheric Conditions,Clear,0,None,2013