ARR_HOUR,ARR_HOURNAME,ARR_MIN,ARR_MINNAME,CF1,CF1NAME,CF2,CF2NAME,CF3,CF3NAME,CITY,CITYNAME,COUNTY,COUNTYNAME,CaseYear,DAY,DAY_WEEK,DAY_WEEKNAME,DRUNK_DR,FATALS,FUNC_SYS,FUNC_SYSNAME,HARM_EV,HARM_EVNAME,HOSP_HR,HOSP_HRNAME,HOSP_MN,HOSP_MNNAME,HOUR,HOURNAME,LATITUDE,LATITUDENAME,LGT_COND,LGT_CONDNAME,LONGITUD,LONGITUDNAME,MAN_COLL,MAN_COLLNAME,MILEPT,MILEPTNAME,MINUTE,MINUTENAME,MONTH,MonthName,NHS,NHSNAME,NOT_HOUR,NOT_HOURNAME,NOT_MIN,NOT_MINNAME,PEDS,PERMVIT,PERNOTMVIT,PERSONS,PVH_INVL,ParkWorks,RAIL,RAILNAME,RD_OWNER,RD_OWNERNAME,RELJCT1,RELJCT1NAME,RELJCT2,RELJCT2NAME,REL_ROAD,REL_ROADNAME,ROAD_FNC,ROAD_FNCNAME,ROUTE,ROUTENAME,RUR_URB,RUR_URBNAME,SCH_BUS,SCH_BUSNAME,SP_JUR,SP_JURNAME,STATENAME,ST_CASE,State,TWAY_ID,TWAY_ID2,TYP_INT,TYP_INTNAME,VE_FORMS,VE_TOTAL,WEATHER,WEATHER1,WEATHER1NAME,WEATHER2,WEATHER2NAME,WEATHERNAME,WRK_ZONE,WRK_ZONENAME,YEAR
99,Unknown EMS Scene Arrival Hour,99,Unknown EMS Scene Arrival Minutes,0,None,0,None,0,None,5810,SOUTHAMPTON,103,SUFFOLK (103),2012,3,5,Thursday,0,1,,,42,Tree (Standing Only),99,Unknown,99,Unknown EMS Hospital Arrival Time,12,12:00pm-12:59pm,41.00608889,41.00608889,1,Daylight,-72.301775000,-72.301775000,0,Not a Collision with Motor Vehicle In-Transport,0,None,34,34,5,May,0,This section IS NOT on the NHS,99,Unknown,99,Unknown,0,1,0,1,0,,0000000,Not Applicable,,,0,No,2,Intersection,4,On Roadside,2,Rural-Principal Arterial-Other,3,State Highway,,,0,No,0,No Special Jurisdiction,New York,360294,36,SR-114,FAHYS RD,3,T-Intersection,1,1,10,10,Cloudy,0,No Additional Atmospheric Conditions,Cloudy,0,None,2012
99,Unknown EMS Scene Arrival Hour,99,Unknown EMS Scene Arrival Minutes,0,None,0,None,0,None,705,BROOKHAVEN,103,SUFFOLK (103),2013,9,3,Tuesday,0,1,,,8,Pedestrian,99,Unknown,99,Unknown EMS Hospital Arrival Time,12,12:00pm-12:59pm,40.79735278,40.79735278,1,Daylight,-72.902422220,-72.902422220,0,Not a Collision with Motor Vehicle In-Transport,0,None,45,45,4,April,0,This section IS NOT on the NHS,99,Unknown,99,Unknown,1,1,1,1,0,,0000000,Not Applicable,,,0,No,8,Driveway Access Related,1,On Roadway,16,Urban-Local Road or Street,5,Local Street - Township,,,0,No,0,No Special Jurisdiction,New York,360295,36,OLD S COUNTRY RD,,1,Not an Intersection,1,1,1,1,Clear,0,No Additional Atmospheric Conditions,Clear,0,None,2013
12,12:00pm-12:59pm,46,46,0,None,0,None,0,None,705,BROOKHAVEN,103,SUFFOLK (103),2013,18,5,Thursday,0,1,,,12,Motor Vehicle In-Transport ,99,Unknown,99,Unknown EMS Hospital Arrival Time,12,12:00pm-12:59pm,40.81039167,40.81039167,1,Daylight,-73.019647220,-73.019647220,2,Front-to-Front,0,None,40,40,4,April,1,This section IS ON the NHS,12,12:00pm-12:59pm,41,41,0,2,0,2,0,,0000000,Not Applicable,,,0,No,3,Intersection-Related ,1,On Roadway,13,Urban-Other Principal Arterial,4,County Road,,,0,No,0,No Special Jurisdiction,New York,360296,36,CR-83,SUMMERFIELD DR,2,Four-Way Intersection,2,2,1,1,Clear,0,No Additional Atmospheric Conditions,Clear,0,None,2013
99,Unknown EMS Scene Arrival Hour,99,Unknown EMS Scene Arrival Minutes,0,None,0,None,0,None,4238,NORTH BABYLON,103,SUFFOLK (103),2012,31,7,Saturday,1,1,,,30,Utility Pole/Light Support,88,Not Applicable (Not Transported) ,88,Not Applicable (Not Transported),4,4:00am-4:59am,40.71584167,40.71584167,3,Dark - Lighted,-73.321883330,-73.321883330,0,Not a Collision with Motor Vehicle In-Transport,0,None,26,26,3,March,0,This section IS NOT on the NHS,99,Unknown,99,Unknown,0,1,0,1,0,,0000000,Not Applicable,,,0,No,1,Non-Junction,4,On Roadside,16,Urban-Local Road or Street,6,Local Street - Municipality,,,0,No,0,No Special Jurisdiction,New York,360296,36,DEER PARK AVE,,1,Not an Intersection,1,1,2,2,Rain,0,No Additional Atmospheric Conditions,Rain,0,None,2012
15,3:00pm-3:59pm,10,10,0,None,0,None,0,None,705,BROOKHAVEN,103,SUFFOLK (103),2016,31,3,Tuesday,0,1,7,Local,8,Pedestrian,99,Unknown,99,Unknown EMS Hospital Arrival Time,15,3:00pm-3:59pm,40.78330833,40.78330833,1,Daylight,-72.864255560,-72.864255560,0,Not a Collision with Motor Vehicle In-Transport,0,None,7,7,5,May,0,This section IS NOT on the NHS,15,3:00pm-3:59pm,7,7,1,1,1,1,0,,0000000,Not Applicable,2,County Highway Agency,0,No,3,Intersection-Related ,1,On Roadway,,,4,County Road,2,Urban,0,No,0,No Special Jurisdiction,New York,360297,36,CR-46,ROBERTS RD,3,T-Intersection,1,1,1,1,Clear,0,No Additional Atmospheric Conditions,Clear,0,None,2016
18,6:00pm-6:59pm,57,57,0,None,0,None,0,None,3590,MASTIC BEACH,103,SUFFOLK (103),2013,25,5,Thursday,1,1,,,12,Motor Vehicle In-Transport ,99,Unknown,99,Unknown EMS Hospital Arrival Time,18,6:00pm-6:59pm,40.76509167,40.76509167,5,Dusk,-72.837783330,-72.837783330,1,Front-to-Rear ,0,None,55,55,4,April,0,This section IS NOT on the NHS,18,6:00pm-6:59pm,55,55,0,2,0,2,0,,0000000,Not Applicable,,,0,No,8,Driveway Access Related,1,On Roadway,16,Urban-Local Road or Street,5,Local Street - Township,,,0,No,0,No Special Jurisdiction,New York,360299,36,LONGFELLOW DR,,1,Not an Intersection,2,2,1,1,Clear,0,No Additional Atmospheric Conditions,Clear,0,None,2013
12,12:00pm-12:59pm,17,17,0,None,0,None,0,None,5870,SOUTHOLD,103,SUFFOLK (103),2011,5,1,Sunday,1,1,,,12,Motor Vehicle In-Transport ,12,12:00pm-12:59pm,30,30,12,12:00pm-12:59pm,41.09342222,41.09342222,1,Daylight,-72.402819440,-72.402819440,6,Angle ,0,None,8,8,6,June,1,This section IS ON the NHS,12,12:00pm-12:59pm,13,13,0,2,0,2,0,,0000000,Not Applicable,,,0,No,2,Intersection,1,On Roadway,13,Urban-Other Principal Arterial,4,County Road,,,0,No,0,No Special Jurisdiction,New York,360299,36,CR-48,ALBERTSON LN,3,T-Intersection,2,2,1,1,Clear,0,No Additional Atmospheric Conditions,Clear,0,None,2011
1,1:00am-1:59am,43,43,0,None,0,None,0,None,1650,EAST HAMPTON,103,SUFFOLK (103),2012,6,1,Sunday,1,1,,,30,Utility Pole/Light Support,2,2:00am-2:59am,15,15,1,1:00am-1:59am,41.02697500,41.02697500,2,Dark - Not Lighted,-72.176252780,-72.176252780,0,Not a Collision with Motor Vehicle In-Transport,0,None,35,35,5,May,0,This section IS NOT on the NHS,99,Unknown,99,Unknown,0,1,0,1,0,,0000000,Not Applicable,,,0,No,3,Intersection-Related ,4,On Roadside,3,Rural-Minor Arterial,5,Local Street - Township,,,0,No,0,No Special Jurisdiction,New York,360301,36,THREE MILE HARBOR RD,GANN RD,3,T-Intersection,1,1,1,1,Clear,0,No Additional Atmospheric Conditions,Clear,0,None,2012
21,9:00pm-9:59pm,13,13,0,None,0,None,0,None,2920,ISLIP,103,SUFFOLK (103),2013,1,3,Tuesday,0,1,,,8,Pedestrian,21,9:00pm-9:59pm,23,23,21,9:00pm-9:59pm,40.77732222,40.77732222,3,Dark - Lighted,-73.215466670,-73.215466670,0,Not a Collision with Motor Vehicle In-Transport,0,None,5,5,1,January,0,This section IS NOT on the NHS,21,9:00pm-9:59pm,8,8,1,1,1,1,0,,0000000,Not Applicable,,,0,No,3,Intersection-Related ,1,On Roadway,2,Rural-Principal Arterial-Other,3,State Highway,,,0,No,0,No Special Jurisdiction,New York,360302,36,SR-111 ISLIP AVE,LEMON ST,3,T-Intersection,1,1,1,1,Clear,0,No Additional Atmospheric Conditions,Clear,0,None,2013
4,4:00am-4:59am,21,21,0,None,0,None,0,None,2840,HUNTINGTON,103,SUFFOLK (103),2013,18,2,Monday,1,1,,,30,Utility Pole/Light Support,4,4:00am-4:59am,36,36,4,4:00am-4:59am,40.82432222,40.82432222,3,Dark - Lighted,-73.340072220,-73.340072220,0,Not a Collision with Motor Vehicle In-Transport,0,None,17,17,2,February,1,This section IS ON the NHS,4,4:00am-4:59am,17,17,0,4,0,4,0,,0000000,Not Applicable,,,0,No,1,Non-Junction,4,On Roadside,2,Rural-Principal Arterial-Other,3,State Highway,,,0,No,0,No Special Jurisdiction,New York,360303,36,SR-908G,,1,Not an Intersection,1,1,1,1,Clear,0,No Additional Atmospheric Conditions,Clear,0,None,2013
99,Unknown EMS Scene Arrival Hour,99,Unknown EMS Scene Arrival Minutes,0,None,0,None,0,None,5810,SOUTHAMPTON,103,SUFFOLK (103),2014,2,6,Friday,1,1,,,9,Pedalcyclist,99,Unknown,99,Unknown EMS Hospital Arrival Time,18,6:00pm-6:59pm,40.89825000,40.89825000,1,Daylight,-72.411236110,-72.411236110,0,Not a Collision with Motor Vehicle In-Transport,0,None,28,28,5,May,0,This section IS NOT on the NHS,99,Unknown,99,Unknown,1,1,1,1,0,,0000000,Not Applicable,,,0,No,2,Intersection,1,On Roadway,14,Urban-Minor Arterial,4,County Road,,,0,No,0,No Special Jurisdiction,New York,360303,36,CR-39,SANDY HOLLOW RD,4,Y-Intersection,1,1,1,1,Clear,0,No Additional Atmospheric Conditions,Clear,0,None,2014
22,10:00pm-10:59pm,15,15,0,None,0,None,0,None,360,BABYLON,103,SUFFOLK (103),2017,3,7,Saturday,0,1,3,Principal Arterial - Other,8,Pedestrian,22,10:00pm-10:59pm,49,49,22,10:00pm-10:59pm,40.70289167,40.70289167,3,Dark - Lighted,-73.427063890,-73.427063890,0,Not a Collision with Motor Vehicle In-Transport,0,None,7,7,6,June,1,This section IS ON the NHS,22,10:00pm-10:59pm,7,7,1,1,1,1,0,,0000000,Not Applicable,3,Town or Township Highway Agency,0,No,1,Non-Junction,1,On Roadway,,,3,State Highway,2,Urban,0,No,0,No Special Jurisdiction,New York,360304,36,SR-110,,1,Not an Intersection,1,1,1,1,Clear,0,No Additional Atmospheric Conditions,Clear,0,None,2017
99,Unknown EMS Scene Arrival Hour,99,Unknown EMS Scene Arrival Minutes,0,None,0,None,0,None,2920,ISLIP,103,SUFFOLK (103),2013,3,1,Sunday,1,1,,,38,Fence,99,Unknown,99,Unknown EMS Hospital Arrival Time,1,1:00am-1:59am,40.77827500,40.77827500,2,Dark - Not Lighted,-73.021363890,-73.021363890,0,Not a Collision with Motor Vehicle In-Transport,0,None,31,31,3,March,1,This section IS ON the NHS,99,Unknown,99,Unknown,0,3,0,3,0,,0000000,Not Applicable,,,1,Yes,5,Entrance/Exit Ramp Related,10,Separator,2,Rural-Principal Arterial-Other,7,Local Street - Frontage Road,,,0,No,0,No Special Jurisdiction,New York,360305,36,SR-27 SERVICE RD,,1,Not an Intersection,1,1,10,10,Cloudy,0,No Additional Atmospheric Conditions,Cloudy,0,None,2013
99,Unknown EMS Scene Arrival Hour,99,Unknown EMS Scene Arrival Minutes,0,None,0,None,0,None,1700,EAST PATCHOGUE,103,SUFFOLK (103),2016,17,1,Sunday,0,1,4,Minor Arterial,8,Pedestrian,99,Unknown,99,Unknown EMS Hospital Arrival Time,6,6:00am-6:59am,40.76697500,40.76697500,1,Daylight,-72.997308330,-72.997308330,0,Not a Collision with Motor Vehicle In-Transport,0,None,55,55,4,April,0,This section IS NOT on the NHS,99,Unknown,99,Unknown,1,1,1,1,0,,0000000,Not Applicable,3,Town or Township Highway Agency,0,No,1,Non-Junction,1,On Roadway,,,5,Local Street - Township,2,Urban,0,No,0,No Special Jurisdiction,New York,360305,36,476 E MAIN ST,,1,Not an Intersection,1,1,1,1,Clear,0,No Additional Atmospheric Conditions,Clear,0,None,2016
99,Unknown EMS Scene Arrival Hour,99,Unknown EMS Scene Arrival Minutes,0,None,0,None,0,None,2920,ISLIP,103,SUFFOLK (103),2016,12,3,Tuesday,0,1,7,Local,8,Pedestrian,99,Unknown,99,Unknown EMS Hospital Arrival Time,9,9:00am-9:59am,40.73705000,40.73705000,1,Daylight,-73.173944440,-73.173944440,0,Not a Collision with Motor Vehicle In-Transport,0,None,10,10,4,April,0,This section IS NOT on the NHS,99,Unknown,99,Unknown,1,1,1,1,0,,0000000,Not Applicable,2,County Highway Agency,0,No,1,Non-Junction,4,On Roadside,,,4,County Road,2,Urban,0,No,0,No Special Jurisdiction,New York,360308,36,CR-50,,1,Not an Intersection,1,1,2,2,Rain,0,No Additional Atmospheric Conditions,Rain,0,None,2016
99,Unknown EMS Scene Arrival Hour,99,Unknown EMS Scene Arrival Minutes,0,None,0,None,0,None,705,BROOKHAVEN,103,SUFFOLK (103),2013,26,6,Friday,0,1,,,8,Pedestrian,99,Unknown,99,Unknown EMS Hospital Arrival Time,0,0:00am-0:59am,40.79984444,40.79984444,3,Dark - Lighted,-72.787402780,-72.787402780,0,Not a Collision with Motor Vehicle In-Transport,0,None,6,6,4,April,0,This section IS NOT on the NHS,99,Unknown,99,Unknown,1,1,1,1,0,,0000000,Not Applicable,,,0,No,2,Intersection,1,On Roadway,16,Urban-Local Road or Street,6,Local Street - Municipality,,,0,No,0,No Special Jurisdiction,New York,360309,36,MAIN ST,GROVE AVE,3,T-Intersection,1,1,1,1,Clear,0,No Additional Atmospheric Conditions,Clear,0,None,2013
17,5:00pm-5:59pm,0,0,0,None,0,None,0,None,705,BROOKHAVEN,103,SUFFOLK (103),2013,25,5,Thursday,0,1,,,12,Motor Vehicle In-Transport ,17,5:00pm-5:59pm,40,40,16,4:00pm-4:59pm,40.90668333,40.90668333,1,Daylight,-72.942522220,-72.942522220,2,Front-to-Front,0,None,52,52,4,April,0,This section IS NOT on the NHS,16,4:00pm-4:59pm,52,52,0,2,0,2,0,,0000000,Not Applicable,,,0,No,1,Non-Junction,1,On Roadway,6,Rural-Local Road or Street,4,County Road,,,0,No,0,No Special Jurisdiction,New York,360310,36,CR-21,,1,Not an Intersection,2,2,1,1,Clear,0,No Additional Atmospheric Conditions,Clear,0,None,2013
19,7:00pm-7:59pm,36,36,0,None,0,None,0,None,6624,WEST ISLIP,103,SUFFOLK (103),2012,18,4,Wednesday,1,1,,,42,Tree (Standing Only),88,Not Applicable (Not Transported) ,88,Not Applicable (Not Transported),19,7:00pm-7:59pm,40.71967500,40.71967500,3,Dark - Lighted,-73.302713890,-73.302713890,0,Not a Collision with Motor Vehicle In-Transport,0,None,27,27,1,January,0,This section IS NOT on the NHS,19,7:00pm-7:59pm,30,30,0,1,0,1,0,,0000000,Not Applicable,,,0,No,3,Intersection-Related ,3,On Median,16,Urban-Local Road or Street,6,Local Street - Municipality,,,0,No,0,No Special Jurisdiction,New York,360310,36,SERVICE RD,UDALL RD,2,Four-Way Intersection,1,1,1,1,Clear,0,No Additional Atmospheric Conditions,Clear,0,None,2012
99,Unknown EMS Scene Arrival Hour,99,Unknown EMS Scene Arrival Minutes,0,None,0,None,0,None,5620,SELDEN,103,SUFFOLK (103),2017,29,7,Saturday,2,1,7,Local,12,Motor Vehicle In-Transport ,99,Unknown,99,Unknown EMS Hospital Arrival Time,1,1:00am-1:59am,40.85624444,40.85624444,3,Dark - Lighted,-73.046444440,-73.046444440,2,Front-to-Front,0,None,9,9,4,April,0,This section IS NOT on the NHS,99,Unknown,99,Unknown,0,2,0,2,0,,0000000,Not Applicable,3,Town or Township Highway Agency,0,No,2,Intersection,1,On Roadway,,,5,Local Street - Township,2,Urban,0,No,0,No Special Jurisdiction,New York,360310,36,COLLEGE RD,PALM ST,3,T-Intersection,2,2,1,1,Clear,0,No Additional Atmospheric Conditions,Clear,0,None,2017
99,Unknown EMS Scene Arrival Hour,99,Unknown EMS Scene Arrival Minutes,0,None,0,None,0,None,2920,ISLIP,103,SUFFOLK (103),2017,8,7,Saturday,0,1,7,Local,8,Pedestrian,88,Not Applicable (Not Transported) ,88,Not Applicable (Not Transported),22,10:00pm-10:59pm,40.79236389,40.79236389,3,Dark - Lighted,-73.194308330,-73.194308330,0,Not a Collision with Motor Vehicle In-Transport,0,None,35,35,4,April,0,This section IS NOT on the NHS,99,Unknown,99,Unknown,1,3,1,3,0,,0000000,Not Applicable,2,County Highway Agency,0,No,1,Non-Junction,1,On Roadway,,,4,County Road,2,Urban,0,No,0,No Special Jurisdiction,New York,360311,36,CR-100,,1,Not an Intersection,1,1,1,1,Clear,0,No Additional Atmospheric Conditions,Clear,0,None,2017
99,Unknown EMS Scene Arrival Hour,99,Unknown EMS Scene Arrival Minutes,0,None,0,None,0,None,160,AMITYVILLE,103,SUFFOLK (103),2017,2,1,Sunday,0,1,5,Major Collector,12,Motor Vehicle In-Transport ,99,Unknown,99,Unknown EMS Hospital Arrival Time,20,8:00pm-8:59pm,40.70158611,40.70158611,3,Dark - Lighted,-73.396661110,-73.396661110,7,Sideswipe - Same Direction,0,None,1,1,4,April,0,This section IS NOT on the NHS,99,Unknown,99,Unknown,0,5,0,5,2,,0000000,Not Applicable,2,County Highway Agency,0,No,1,Non-Junction,1,On Roadway,,,4,County Road,2,Urban,0,No,0,No Special Jurisdiction,New York,360313,36,CR-28,,1,Not an Intersection,3,5,1,1,Clear,0,No Additional Atmospheric Conditions,Clear,0,None,2017
12,12:00pm-12:59pm,16,16,0,None,0,None,0,None,705,BROOKHAVEN,103,SUFFOLK (103),2016,3,6,Friday,0,1,7,Local,12,Motor Vehicle In-Transport ,12,12:00pm-12:59pm,48,48,12,12:00pm-12:59pm,40.78765000,40.78765000,1,Daylight,-72.845297220,-72.845297220,6,Angle ,0,None,14,14,6,June,0,This section IS NOT on the NHS,12,12:00pm-12:59pm,14,14,1,3,1,3,0,,0000000,Not Applicable,3,Town or Township Highway Agency,0,No,2,Intersection,1,On Roadway,,,5,Local Street - Township,2,Urban,0,No,0,No Special Jurisdiction,New York,360314,36,MASTIC RD,MEADOWMERE AVE,2,Four-Way Intersection,2,2,10,10,Cloudy,0,No Additional Atmospheric Conditions,Cloudy,0,None,2016
16,4:00pm-4:59pm,23,23,0,None,0,None,0,None,500,BELLPORT,103,SUFFOLK (103),2017,12,6,Friday,0,1,6,Minor Collector,12,Motor Vehicle In-Transport ,99,Unknown,99,Unknown EMS Hospital Arrival Time,16,4:00pm-4:59pm,40.80877778,40.80877778,1,Daylight,-72.953441670,-72.953441670,6,Angle ,0,None,15,15,5,May,0,This section IS NOT on the NHS,16,4:00pm-4:59pm,20,20,0,3,0,3,0,,0000000,Not Applicable,3,Town or Township Highway Agency,0,No,8,Driveway Access Related,1,On Roadway,,,5,Local Street - Township,2,Urban,0,No,0,No Special Jurisdiction,New York,360315,36,1145 STATION RD,,1,Not an Intersection,2,2,10,10,Cloudy,0,No Additional Atmospheric Conditions,Cloudy,0,None,2017
9,9:00am-9:59am,5,5,0,None,0,None,0,None,3270,LINDENHURST,103,SUFFOLK (103),2017,14,1,Sunday,0,1,7,Local,8,Pedestrian,9,9:00am-9:59am,35,35,9,9:00am-9:59am,40.68525556,40.68525556,1,Daylight,-73.371752780,-73.371752780,0,Not a Collision with Motor Vehicle In-Transport,0,None,9,9,5,May,0,This section IS NOT on the NHS,9,9:00am-9:59am,99,Unknown,2,1,2,1,0,,0000000,Not Applicable,3,Town or Township Highway Agency,0,No,1,Non-Junction,4,On Roadside,,,5,Local Street - Township,2,Urban,0,No,0,No Special Jurisdiction,New York,360316,36,S WELLWOOD AVE,,1,Not an Intersection,1,1,1,1,Clear,0,No Additional Atmospheric Conditions,Clear,0,None,2017
99,Unknown EMS Scene Arrival Hour,99,Unknown EMS Scene Arrival Minutes,0,None,0,None,0,None,705,BROOKHAVEN,103,SUFFOLK (103),2017,6,5,Thursday,0,1,7,Local,12,Motor Vehicle In-Transport ,99,Unknown,99,Unknown EMS Hospital Arrival Time,13,1:00pm-1:59pm,40.81279722,40.81279722,1,Daylight,-72.875238890,-72.875238890,6,Angle ,0,None,6,6,4,April,0,This section IS NOT on the NHS,99,Unknown,99,Unknown,0,6,0,6,0,,0000000,Not Applicable,3,Town or Township Highway Agency,0,No,2,Intersection,1,On Roadway,,,4,County Road,2,Urban,0,No,0,No Special Jurisdiction,New York,360317,36,CR-46,DAWN DR,2,Four-Way Intersection,2,2,2,2,Rain,0,No Additional Atmospheric Conditions,Rain,0,None,2017
10,10:00am-10:59am,58,58,0,None,0,None,0,None,1650,EAST HAMPTON,103,SUFFOLK (103),2016,18,5,Thursday,0,1,7,Local,8,Pedestrian,99,Unknown,99,Unknown EMS Hospital Arrival Time,10,10:00am-10:59am,41.06329167,41.06329167,1,Daylight,-71.911419440,-71.911419440,0,Not a Collision with Motor Vehicle In-Transport,0,None,54,54,2,February,0,This section IS NOT on the NHS,10,10:00am-10:59am,54,54,1,1,1,1,0,,0000000,Not Applicable,3,Town or Township Highway Agency,0,No,1,Non-Junction,1,On Roadway,,,5,Local Street - Township,1,Rural,0,No,0,No Special Jurisdiction,New York,360321,36,E LAKE DR,,1,Not an Intersection,1,1,1,1,Clear,0,No Additional Atmospheric Conditions,Clear,1,Construction,2016
99,Unknown EMS Scene Arrival Hour,99,Unknown EMS Scene Arrival Minutes,0,None,0,None,0,None,705,BROOKHAVEN,103,SUFFOLK (103),2019,7,3,Tuesday,0,1,3,Principal Arterial - Other,12,Motor Vehicle In-Transport ,99,Unknown,99,Unknown EMS Hospital Arrival Time,0,0:00am-0:59am,40.88728611,40.88728611,3,Dark - Lighted,-72.917844440,-72.917844440,6,Angle ,99998,Not Reported,10,10,5,May,1,This section IS ON the NHS,99,Unknown,99,Unknown,0,2,0,2,0,,0000000,Not Applicable,1,State Highway Agency,0,No,2,Intersection,1,On Roadway,,,3,State Highway,2,Urban,0,No,0,No Special Jurisdiction,New York,360321,36,SR-25,WADING RIVER HOLLOW RD,2,Four-Way Intersection,2,2,1,1,Clear,0,No Additional Atmospheric Conditions,Clear,0,None,2019
99,Unknown EMS Scene Arrival Hour,99,Unknown EMS Scene Arrival Minutes,0,None,0,None,0,None,705,BROOKHAVEN,103,SUFFOLK (103),2019,4,7,Saturday,0,1,7,Local,8,Pedestrian,99,Unknown,99,Unknown EMS Hospital Arrival Time,20,8:00pm-8:59pm,40.80475000,40.80475000,3,Dark - Lighted,-72.840555560,-72.840555560,0,The First Harmful Event was Not a Collision with a Motor Vehicle in Transport,99998,Not Reported,52,52,5,May,0,This section IS NOT on the NHS,99,Unknown,99,Unknown,1,2,1,2,0,,0000000,Not Applicable,3,Town or Township Highway Agency,0,No,3,Intersection-Related ,1,On Roadway,,,5,Local Street - Township,1,Rural,0,No,0,No Special Jurisdiction,New York,360322,36,HERKIMER ST,CARLTON ST,2,Four-Way Intersection,2,2,1,1,Clear,0,No Additional Atmospheric Conditions,Clear,0,None,2019
7,7:00am-7:59am,22,22,0,None,0,None,0,None,1050,CENTRAL ISLIP,103,SUFFOLK (103),2017,30,3,Tuesday,1,1,5,Major Collector,33,Curb,99,Unknown,99,Unknown EMS Hospital Arrival Time,7,7:00am-7:59am,40.79643611,40.79643611,1,Daylight,-73.175794440,-73.175794440,0,Not a Collision with Motor Vehicle In-Transport,0,None,10,10,5,May,0,This section IS NOT on the NHS,7,7:00am-7:59am,14,14,0,1,0,1,1,,0000000,Not Applicable,3,Town or Township Highway Agency,0,No,3,Intersection-Related ,4,On Roadside,,,5,Local Street - Township,2,Urban,0,No,0,No Special Jurisdiction,New York,360322,36,E SUFFOLK AVE,OLD SUFFOLK AVE,2,Four-Way Intersection,1,2,10,10,Cloudy,0,No Additional Atmospheric Conditions,Cloudy,0,None,2017
99,Unknown EMS Scene Arrival Hour,99,Unknown EMS Scene Arrival Minutes,0,None,0,None,0,None,2840,HUNTINGTON,103,SUFFOLK (103),2011,2,7,Saturday,1,1,,,42,Tree (Standing Only),99,Unknown,99,Unknown EMS Hospital Arrival Time,3,3:00am-3:59am,40.81540556,40.81540556,3,Dark - Lighted,-73.427086110,-73.427086110,0,Not a Collision with Motor Vehicle In-Transport,0,None,30,30,4,April,0,This section IS NOT on the NHS,3,3:00am-3:59am,35,35,0,5,0,5,0,,0000000,Not Applicable,,,0,No,1,Non-Junction,4,On Roadside,16,Urban-Local Road or Street,6,Local Street - Municipality,,,0,No,0,No Special Jurisdiction,New York,360322,36,SWEET HOLLOW RD,,1,Not an Intersection,1,1,1,1,Clear,0,No Additional Atmospheric Conditions,Clear,0,None,2011
11,11:00am-11:59am,40,40,0,None,0,None,0,None,705,BROOKHAVEN,103,SUFFOLK (103),2019,25,7,Saturday,0,1,7,Local,12,Motor Vehicle In-Transport ,12,12:00pm-12:59pm,10,10,11,11:00am-11:59am,40.89957222,40.89957222,1,Daylight,-72.871400000,-72.871400000,6,Angle ,99998,Not Reported,33,33,5,May,0,This section IS NOT on the NHS,99,Unknown,99,Unknown,0,3,0,3,0,,0000000,Not Applicable,3,Town or Township Highway Agency,0,No,3,Intersection-Related ,1,On Roadway,,,5,Local Street - Township,1,Rural,0,No,0,No Special Jurisdiction,New York,360323,36,MIDDLE COUNTRY RD,PINE BARK RD,3,T-Intersection,2,2,1,1,Clear,0,No Additional Atmospheric Conditions,Clear,0,None,2019
99,Unknown EMS Scene Arrival Hour,99,Unknown EMS Scene Arrival Minutes,0,None,0,None,0,None,5194,RIDGE,103,SUFFOLK (103),2019,16,5,Thursday,0,1,3,Principal Arterial - Other,12,Motor Vehicle In-Transport ,99,Unknown,99,Unknown EMS Hospital Arrival Time,12,12:00pm-12:59pm,40.89805556,40.89805556,1,Daylight,-72.877716670,-72.877716670,1,Front-to-Rear ,99998,Not Reported,20,20,5,May,1,This section IS ON the NHS,99,Unknown,99,Unknown,0,3,0,3,0,,0000000,Not Applicable,1,State Highway Agency,0,No,1,Non-Junction,1,On Roadway,,,3,State Highway,2,Urban,0,No,0,No Special Jurisdiction,New York,360324,36,SR-25,,1,Not an Intersection,2,2,1,1,Clear,0,No Additional Atmospheric Conditions,Clear,0,None,2019
22,10:00pm-10:59pm,59,59,0,None,0,None,0,None,2920,ISLIP,103,SUFFOLK (103),2016,11,4,Wednesday,0,1,7,Local,14,Parked Motor Vehicle ,23,11:00pm-11:59pm,20,20,22,10:00pm-10:59pm,40.76569444,40.76569444,3,Dark - Lighted,-73.246205560,-73.246205560,0,Not a Collision with Motor Vehicle In-Transport,0,None,50,50,5,May,0,This section IS NOT on the NHS,22,10:00pm-10:59pm,55,55,0,1,0,1,1,,0000000,Not Applicable,3,Town or Township Highway Agency,0,No,1,Non-Junction,2,On Shoulder,,,5,Local Street - Township,2,Urban,0,No,0,No Special Jurisdiction,New York,360324,36,BRENTWOOD RD,,1,Not an Intersection,1,2,1,1,Clear,0,No Additional Atmospheric Conditions,Clear,0,None,2016
16,4:00pm-4:59pm,32,32,0,None,0,None,0,None,360,BABYLON,103,SUFFOLK (103),2016,11,4,Wednesday,0,1,7,Local,9,Pedalcyclist,16,4:00pm-4:59pm,50,50,16,4:00pm-4:59pm,40.74030556,40.74030556,1,Daylight,-73.366091670,-73.366091670,0,Not a Collision with Motor Vehicle In-Transport,0,None,16,16,5,May,0,This section IS NOT on the NHS,16,4:00pm-4:59pm,16,16,1,1,1,1,0,,0000000,Not Applicable,3,Town or Township Highway Agency,0,No,3,Intersection-Related ,1,On Roadway,,,5,Local Street - Township,2,Urban,0,No,0,No Special Jurisdiction,New York,360325,36,DAVIDSON ST,ARCH ST,3,T-Intersection,1,1,1,1,Clear,0,No Additional Atmospheric Conditions,Clear,0,None,2016