ARR_HOUR,ARR_HOURNAME,ARR_MIN,ARR_MINNAME,CF1,CF1NAME,CF2,CF2NAME,CF3,CF3NAME,CITY,CITYNAME,COUNTY,COUNTYNAME,CaseYear,DAY,DAY_WEEK,DAY_WEEKNAME,DRUNK_DR,FATALS,FUNC_SYS,FUNC_SYSNAME,HARM_EV,HARM_EVNAME,HOSP_HR,HOSP_HRNAME,HOSP_MN,HOSP_MNNAME,HOUR,HOURNAME,LATITUDE,LATITUDENAME,LGT_COND,LGT_CONDNAME,LONGITUD,LONGITUDNAME,MAN_COLL,MAN_COLLNAME,MILEPT,MILEPTNAME,MINUTE,MINUTENAME,MONTH,MonthName,NHS,NHSNAME,NOT_HOUR,NOT_HOURNAME,NOT_MIN,NOT_MINNAME,PEDS,PERMVIT,PERNOTMVIT,PERSONS,PVH_INVL,ParkWorks,RAIL,RAILNAME,RD_OWNER,RD_OWNERNAME,RELJCT1,RELJCT1NAME,RELJCT2,RELJCT2NAME,REL_ROAD,REL_ROADNAME,ROAD_FNC,ROAD_FNCNAME,ROUTE,ROUTENAME,RUR_URB,RUR_URBNAME,SCH_BUS,SCH_BUSNAME,SP_JUR,SP_JURNAME,STATENAME,ST_CASE,State,TWAY_ID,TWAY_ID2,TYP_INT,TYP_INTNAME,VE_FORMS,VE_TOTAL,WEATHER,WEATHER1,WEATHER1NAME,WEATHER2,WEATHER2NAME,WEATHERNAME,WRK_ZONE,WRK_ZONENAME,YEAR
99,Unknown EMS Scene Arrival Hour,99,Unknown EMS Scene Arrival Minutes,0,None,0,None,0,None,2920,ISLIP,103,SUFFOLK (103),2011,13,4,Wednesday,0,1,,,12,Motor Vehicle In-Transport ,99,Unknown,99,Unknown EMS Hospital Arrival Time,14,2:00pm-2:59pm,40.75618889,40.75618889,1,Daylight,-73.095038890,-73.095038890,6,Angle ,0,None,55,55,4,April,0,This section IS NOT on the NHS,14,2:00pm-2:59pm,55,55,0,4,0,4,0,,0000000,Not Applicable,,,0,No,2,Intersection,1,On Roadway,16,Urban-Local Road or Street,6,Local Street - Municipality,,,0,No,0,No Special Jurisdiction,New York,360325,36,LAKELAND AVE,EASTOVER RD,3,T-Intersection,2,2,2,2,Rain,0,No Additional Atmospheric Conditions,Rain,0,None,2011
99,Unknown EMS Scene Arrival Hour,99,Unknown EMS Scene Arrival Minutes,0,None,0,None,0,None,360,BABYLON,103,SUFFOLK (103),2016,22,1,Sunday,0,1,7,Local,8,Pedestrian,99,Unknown,99,Unknown EMS Hospital Arrival Time,1,1:00am-1:59am,40.67981389,40.67981389,3,Dark - Lighted,-73.399900000,-73.399900000,0,Not a Collision with Motor Vehicle In-Transport,0,None,23,23,5,May,0,This section IS NOT on the NHS,99,Unknown,99,Unknown,1,2,1,2,0,,0000000,Not Applicable,3,Town or Township Highway Agency,0,No,1,Non-Junction,1,On Roadway,,,5,Local Street - Township,2,Urban,0,No,0,No Special Jurisdiction,New York,360326,36,OAK ST,,1,Not an Intersection,1,1,1,1,Clear,0,No Additional Atmospheric Conditions,Clear,0,None,2016
99,Unknown EMS Scene Arrival Hour,99,Unknown EMS Scene Arrival Minutes,0,None,0,None,0,None,2920,ISLIP,103,SUFFOLK (103),2011,10,1,Sunday,1,1,,,38,Fence,99,Unknown,99,Unknown EMS Hospital Arrival Time,3,3:00am-3:59am,40.77496944,40.77496944,3,Dark - Lighted,-73.188022220,-73.188022220,0,Not a Collision with Motor Vehicle In-Transport,0,None,30,30,4,April,0,This section IS NOT on the NHS,99,Unknown,99,Unknown,0,2,0,2,0,,0000000,Not Applicable,,,0,No,2,Intersection,4,On Roadside,15,Urban-Collector,5,Local Street - Township,,,0,No,0,No Special Jurisdiction,New York,360327,36,LOWELL AVE,DAWN CRESCENT,2,Four-Way Intersection,1,1,1,1,Clear,0,No Additional Atmospheric Conditions,Clear,0,None,2011
13,1:00pm-1:59pm,14,14,0,None,0,None,0,None,360,BABYLON,103,SUFFOLK (103),2016,14,7,Saturday,0,1,7,Local,12,Motor Vehicle In-Transport ,13,1:00pm-1:59pm,28,28,13,1:00pm-1:59pm,40.69961667,40.69961667,1,Daylight,-73.389702780,-73.389702780,2,Front-to-Front,0,None,0,0,5,May,0,This section IS NOT on the NHS,13,1:00pm-1:59pm,6,6,0,3,0,3,0,,0000000,Not Applicable,3,Town or Township Highway Agency,0,No,2,Intersection,1,On Roadway,,,4,County Road,2,Urban,0,No,0,No Special Jurisdiction,New York,360328,36,CR-2,47TH ST,2,Four-Way Intersection,2,2,1,1,Clear,0,No Additional Atmospheric Conditions,Clear,0,None,2016
99,Unknown EMS Scene Arrival Hour,99,Unknown EMS Scene Arrival Minutes,0,None,0,None,0,None,360,BABYLON,103,SUFFOLK (103),2018,21,5,Thursday,0,1,7,Local,12,Motor Vehicle In-Transport ,99,Unknown,99,Unknown EMS Hospital Arrival Time,16,4:00pm-4:59pm,40.75732222,40.75732222,1,Daylight,-73.402705560,-73.402705560,6,Angle ,0,None,15,15,6,June,0,This section IS NOT on the NHS,99,Unknown,99,Unknown,0,2,0,2,0,,0000000,Not Applicable,3,Town or Township Highway Agency,0,No,2,Intersection,1,On Roadway,,,4,County Road,2,Urban,0,No,0,No Special Jurisdiction,New York,360328,36,CR-3 WELLWOOD AVE,SMITH ST,3,T-Intersection,2,2,1,1,Clear,0,No Additional Atmospheric Conditions,Clear,0,None,2018
12,12:00pm-12:59pm,18,18,0,None,0,None,0,None,705,BROOKHAVEN,103,SUFFOLK (103),2011,25,2,Monday,0,1,,,12,Motor Vehicle In-Transport ,99,Unknown,99,Unknown EMS Hospital Arrival Time,12,12:00pm-12:59pm,40.80696389,40.80696389,1,Daylight,-72.944202780,-72.944202780,6,Angle ,0,None,4,4,4,April,0,This section IS NOT on the NHS,12,12:00pm-12:59pm,9,9,0,2,0,2,0,,0000000,Not Applicable,,,0,No,1,Non-Junction,1,On Roadway,16,Urban-Local Road or Street,6,Local Street - Municipality,,,0,No,0,No Special Jurisdiction,New York,360329,36,HORSEBLOCK RD,OLD DOCK RD,1,Not an Intersection,2,2,1,1,Clear,0,No Additional Atmospheric Conditions,Clear,0,None,2011
99,Unknown EMS Scene Arrival Hour,99,Unknown EMS Scene Arrival Minutes,0,None,0,None,0,None,1650,EAST HAMPTON,103,SUFFOLK (103),2011,17,1,Sunday,0,1,,,12,Motor Vehicle In-Transport ,99,Unknown,99,Unknown EMS Hospital Arrival Time,15,3:00pm-3:59pm,41.06692778,41.06692778,1,Daylight,-71.946822220,-71.946822220,7,Sideswipe - Same Direction,0,None,10,10,4,April,0,This section IS NOT on the NHS,99,Unknown,99,Unknown,0,5,0,5,0,,0000000,Not Applicable,,,0,No,2,Intersection,1,On Roadway,5,Rural-Minor Collector,4,County Road,,,0,No,0,No Special Jurisdiction,New York,360330,36,FLAMINGO AVE,CULLODEN PL,3,T-Intersection,2,2,1,1,Clear,0,No Additional Atmospheric Conditions,Clear,0,None,2011
6,6:00am-6:59am,15,15,0,None,0,None,0,None,1645,EAST FARMINGDALE,103,SUFFOLK (103),2015,13,7,Saturday,1,2,4,Minor Arterial,38,Fence,99,Unknown,99,Unknown EMS Hospital Arrival Time,16,4:00pm-4:59pm,40.72892778,40.72892778,1,Daylight,-73.410430560,-73.410430560,0,Not a Collision with Motor Vehicle In-Transport,0,None,0,0,6,June,0,This section IS NOT on the NHS,6,6:00am-6:59am,13,13,0,2,0,2,0,,0000000,Not Applicable,3,Town or Township Highway Agency,0,No,1,Non-Junction,5,Outside Trafficway,,,5,Local Street - Township,2,Urban,0,No,0,No Special Jurisdiction,New York,360331,36,NEW HWY,,1,Not an Intersection,1,1,1,1,Clear,0,No Additional Atmospheric Conditions,Clear,0,None,2015
99,Unknown EMS Scene Arrival Hour,99,Unknown EMS Scene Arrival Minutes,0,None,0,None,0,None,2920,ISLIP,103,SUFFOLK (103),2019,5,1,Sunday,0,1,2,Principal Arterial - Other Freeways and Expressways,8,Pedestrian,88,Not Applicable (Not Transported) ,88,Not Applicable (Not Transported),12,12:00pm-12:59pm,40.74876944,40.74876944,1,Daylight,-73.139961110,-73.139961110,0,The First Harmful Event was Not a Collision with a Motor Vehicle in Transport,99998,Not Reported,7,7,5,May,1,This section IS ON the NHS,99,Unknown,99,Unknown,1,1,1,1,0,,0000000,Not Applicable,1,State Highway Agency,0,No,1,Non-Junction,1,On Roadway,,,3,State Highway,2,Urban,0,No,0,No Special Jurisdiction,New York,360333,36,SR-27 SUNRISE HWY,,1,Not an Intersection,1,1,2,2,Rain,0,No Additional Atmospheric Conditions,Rain,0,None,2019
99,Unknown EMS Scene Arrival Hour,99,Unknown EMS Scene Arrival Minutes,0,None,0,None,0,None,2840,HUNTINGTON,103,SUFFOLK (103),2014,1,5,Thursday,0,1,,,8,Pedestrian,88,Not Applicable (Not Transported) ,88,Not Applicable (Not Transported),0,0:00am-0:59am,40.88843333,40.88843333,3,Dark - Lighted,-73.320225000,-73.320225000,0,Not a Collision with Motor Vehicle In-Transport,0,None,55,55,5,May,0,This section IS NOT on the NHS,1,1:00am-1:59am,2,2,1,1,1,1,0,,0000000,Not Applicable,,,0,No,1,Non-Junction,1,On Roadway,16,Urban-Local Road or Street,6,Local Street - Municipality,,,0,No,0,No Special Jurisdiction,New York,360334,36,63 SOUNDVIEW AVE,,1,Not an Intersection,1,1,2,2,Rain,10,Cloudy,Rain,0,None,2014
99,Unknown EMS Scene Arrival Hour,99,Unknown EMS Scene Arrival Minutes,0,None,0,None,0,None,705,BROOKHAVEN,103,SUFFOLK (103),2011,30,7,Saturday,0,1,,,12,Motor Vehicle In-Transport ,99,Unknown,99,Unknown EMS Hospital Arrival Time,0,0:00am-0:59am,40.81401944,40.81401944,3,Dark - Lighted,-73.107991670,-73.107991670,6,Angle ,0,None,40,40,4,April,0,This section IS NOT on the NHS,99,Unknown,99,Unknown,0,2,0,2,0,,0000000,Not Applicable,,,0,No,2,Intersection,1,On Roadway,16,Urban-Local Road or Street,6,Local Street - Municipality,,,0,No,0,No Special Jurisdiction,New York,360334,36,HAWKINS AVE,EXPRESSWAY DR N,2,Four-Way Intersection,2,2,10,10,Cloudy,0,No Additional Atmospheric Conditions,Cloudy,0,None,2011
99,Unknown EMS Scene Arrival Hour,99,Unknown EMS Scene Arrival Minutes,0,None,0,None,0,None,705,BROOKHAVEN,103,SUFFOLK (103),2014,29,3,Tuesday,0,1,,,8,Pedestrian,99,Unknown,99,Unknown EMS Hospital Arrival Time,12,12:00pm-12:59pm,40.88908611,40.88908611,1,Daylight,-72.966213890,-72.966213890,0,Not a Collision with Motor Vehicle In-Transport,0,None,5,5,4,April,0,This section IS NOT on the NHS,99,Unknown,99,Unknown,1,1,1,1,0,,0000000,Not Applicable,,,0,No,3,Intersection-Related ,6,Off Roadway-Location Unknown,16,Urban-Local Road or Street,5,Local Street - Township,,,0,No,0,No Special Jurisdiction,New York,360337,36,OAKCREST AVE,CHURCH LN,3,T-Intersection,1,1,10,10,Cloudy,0,No Additional Atmospheric Conditions,Cloudy,0,None,2014
15,3:00pm-3:59pm,41,41,0,None,0,None,0,None,2920,ISLIP,103,SUFFOLK (103),2014,4,1,Sunday,1,1,,,12,Motor Vehicle In-Transport ,16,4:00pm-4:59pm,3,3,15,3:00pm-3:59pm,40.75776667,40.75776667,1,Daylight,-73.195711110,-73.195711110,6,Angle ,0,None,39,39,5,May,0,This section IS NOT on the NHS,15,3:00pm-3:59pm,39,39,0,3,0,3,0,,0000000,Not Applicable,,,0,No,1,Non-Junction,1,On Roadway,14,Urban-Minor Arterial,6,Local Street - Municipality,,,0,No,0,No Special Jurisdiction,New York,360338,36,CARLETON AVE,,1,Not an Intersection,2,2,10,10,Cloudy,0,No Additional Atmospheric Conditions,Cloudy,0,None,2014
99,Unknown EMS Scene Arrival Hour,99,Unknown EMS Scene Arrival Minutes,0,None,0,None,0,None,360,BABYLON,103,SUFFOLK (103),2015,25,7,Saturday,0,1,7,Local,8,Pedestrian,99,Unknown,99,Unknown EMS Hospital Arrival Time,20,8:00pm-8:59pm,40.76195833,40.76195833,2,Dark - Not Lighted,-73.328713890,-73.328713890,0,Not a Collision with Motor Vehicle In-Transport,0,None,13,13,4,April,0,This section IS NOT on the NHS,99,Unknown,99,Unknown,1,2,1,2,0,,0000000,Not Applicable,4,City or Municipal Highway Agency,0,No,1,Non-Junction,1,On Roadway,,,5,Local Street - Township,2,Urban,0,No,0,No Special Jurisdiction,New York,360338,36,LONG ISLAND AVE,,1,Not an Intersection,1,1,1,1,Clear,0,No Additional Atmospheric Conditions,Clear,0,None,2015
11,11:00am-11:59am,44,44,0,None,0,None,0,None,705,BROOKHAVEN,103,SUFFOLK (103),2018,12,3,Tuesday,0,1,7,Local,14,Parked Motor Vehicle ,12,12:00pm-12:59pm,36,36,11,11:00am-11:59am,40.80085556,40.80085556,1,Daylight,-72.766347220,-72.766347220,0,Not a Collision with Motor Vehicle In-Transport,0,None,39,39,6,June,0,This section IS NOT on the NHS,11,11:00am-11:59am,40,40,1,0,1,0,1,,0000000,Not Applicable,3,Town or Township Highway Agency,0,No,1,Non-Junction,7,In Parking Lane/Zone,,,5,Local Street - Township,1,Rural,0,No,0,No Special Jurisdiction,New York,360338,36,MORICHES AVE,,1,Not an Intersection,1,2,1,1,Clear,0,No Additional Atmospheric Conditions,Clear,0,None,2018
7,7:00am-7:59am,17,17,0,None,0,None,0,None,2920,ISLIP,103,SUFFOLK (103),2016,9,5,Thursday,0,1,7,Local,8,Pedestrian,99,Unknown,99,Unknown EMS Hospital Arrival Time,7,7:00am-7:59am,40.76968889,40.76968889,1,Daylight,-73.219061110,-73.219061110,0,Not a Collision with Motor Vehicle In-Transport,0,None,16,16,6,June,0,This section IS NOT on the NHS,7,7:00am-7:59am,16,16,1,1,1,1,0,,0000000,Not Applicable,3,Town or Township Highway Agency,0,No,3,Intersection-Related ,1,On Roadway,,,5,Local Street - Township,2,Urban,0,No,0,No Special Jurisdiction,New York,360338,36,OROURKE ST,FERRIS AVE,3,T-Intersection,1,1,1,1,Clear,0,No Additional Atmospheric Conditions,Clear,0,None,2016
23,11:00pm-11:59pm,47,47,0,None,0,None,0,None,2840,HUNTINGTON,103,SUFFOLK (103),2018,27,4,Wednesday,0,1,3,Principal Arterial - Other,8,Pedestrian,23,11:00pm-11:59pm,57,57,23,11:00pm-11:59pm,40.87442778,40.87442778,3,Dark - Lighted,-73.424766670,-73.424766670,0,Not a Collision with Motor Vehicle In-Transport,0,None,41,41,6,June,1,This section IS ON the NHS,23,11:00pm-11:59pm,43,43,1,1,1,1,0,,0000000,Not Applicable,1,State Highway Agency,0,No,1,Non-Junction,1,On Roadway,,,3,State Highway,2,Urban,0,No,0,No Special Jurisdiction,New York,360339,36,SR-110 NEW YORK AVE,,1,Not an Intersection,1,1,2,2,Rain,0,No Additional Atmospheric Conditions,Rain,0,None,2018
99,Unknown EMS Scene Arrival Hour,99,Unknown EMS Scene Arrival Minutes,0,None,0,None,0,None,2758,HOLTSVILLE,103,SUFFOLK (103),2015,1,6,Friday,0,1,7,Local,9,Pedalcyclist,99,Unknown,99,Unknown EMS Hospital Arrival Time,22,10:00pm-10:59pm,40.81825000,40.81825000,2,Dark - Not Lighted,-73.062572220,-73.062572220,0,Not a Collision with Motor Vehicle In-Transport,0,None,0,0,5,May,0,This section IS NOT on the NHS,99,Unknown,99,Unknown,1,1,1,1,0,,0000000,Not Applicable,3,Town or Township Highway Agency,0,No,1,Non-Junction,1,On Roadway,,,5,Local Street - Township,2,Urban,0,No,0,No Special Jurisdiction,New York,360339,36,EXP DR S,,1,Not an Intersection,1,1,10,10,Cloudy,0,No Additional Atmospheric Conditions,Cloudy,0,None,2015
99,Unknown EMS Scene Arrival Hour,99,Unknown EMS Scene Arrival Minutes,0,None,0,None,0,None,2840,HUNTINGTON,103,SUFFOLK (103),2014,20,3,Tuesday,1,1,,,34,Ditch,99,Unknown,99,Unknown EMS Hospital Arrival Time,22,10:00pm-10:59pm,40.86115278,40.86115278,3,Dark - Lighted,-73.439119440,-73.439119440,0,Not a Collision with Motor Vehicle In-Transport,0,None,55,55,5,May,0,This section IS NOT on the NHS,99,Unknown,99,Unknown,0,1,0,1,0,,0000000,Not Applicable,,,0,No,1,Non-Junction,4,On Roadside,16,Urban-Local Road or Street,5,Local Street - Township,,,0,No,0,No Special Jurisdiction,New York,360339,36,WOODBURY RD,,1,Not an Intersection,1,1,1,1,Clear,0,No Additional Atmospheric Conditions,Clear,0,None,2014
17,5:00pm-5:59pm,10,10,0,None,0,None,0,None,705,BROOKHAVEN,103,SUFFOLK (103),2015,2,7,Saturday,0,1,7,Local,8,Pedestrian,17,5:00pm-5:59pm,32,32,17,5:00pm-5:59pm,40.91187500,40.91187500,1,Daylight,-73.038225000,-73.038225000,0,Not a Collision with Motor Vehicle In-Transport,0,None,5,5,5,May,0,This section IS NOT on the NHS,17,5:00pm-5:59pm,7,7,1,1,1,1,0,,0000000,Not Applicable,3,Town or Township Highway Agency,0,No,1,Non-Junction,1,On Roadway,,,5,Local Street - Township,2,Urban,0,No,0,No Special Jurisdiction,New York,360340,36,N BICYCLE PATH,,1,Not an Intersection,1,1,1,1,Clear,0,No Additional Atmospheric Conditions,Clear,0,None,2015
99,Unknown EMS Scene Arrival Hour,99,Unknown EMS Scene Arrival Minutes,0,None,0,None,0,None,3673,MELVILLE,103,SUFFOLK (103),2018,23,7,Saturday,0,1,1,Interstate,41,Shrubbery,88,Not Applicable (Not Transported) ,88,Not Applicable (Not Transported),23,11:00pm-11:59pm,40.78619167,40.78619167,3,Dark - Lighted,-73.390555560,-73.390555560,0,Not a Collision with Motor Vehicle In-Transport,0,None,15,15,6,June,1,This section IS ON the NHS,99,Unknown,99,Unknown,0,1,0,1,0,,0000000,Not Applicable,1,State Highway Agency,0,No,1,Non-Junction,4,On Roadside,,,1,Interstate,2,Urban,0,No,0,No Special Jurisdiction,New York,360340,36,I-495,,1,Not an Intersection,1,1,10,10,Cloudy,0,No Additional Atmospheric Conditions,Cloudy,0,None,2018
19,7:00pm-7:59pm,20,20,0,None,0,None,0,None,360,BABYLON,103,SUFFOLK (103),2015,2,7,Saturday,1,1,7,Local,12,Motor Vehicle In-Transport ,88,Not Applicable (Not Transported) ,88,Not Applicable (Not Transported),19,7:00pm-7:59pm,40.69827778,40.69827778,1,Daylight,-73.390366670,-73.390366670,6,Angle ,0,None,10,10,5,May,0,This section IS NOT on the NHS,19,7:00pm-7:59pm,14,14,0,2,0,2,0,,0000000,Not Applicable,3,Town or Township Highway Agency,0,No,2,Intersection,1,On Roadway,,,5,Local Street - Township,2,Urban,0,No,0,No Special Jurisdiction,New York,360341,36,STRAIGHT PATH,45TH ST,2,Four-Way Intersection,2,2,1,1,Clear,0,No Additional Atmospheric Conditions,Clear,0,None,2015
8,8:00am-8:59am,11,11,0,None,0,None,0,None,360,BABYLON,103,SUFFOLK (103),2014,19,2,Monday,0,1,,,12,Motor Vehicle In-Transport ,8,8:00am-8:59am,43,43,8,8:00am-8:59am,40.71158611,40.71158611,1,Daylight,-73.391091670,-73.391091670,7,Sideswipe - Same Direction,0,None,5,5,5,May,0,This section IS NOT on the NHS,8,8:00am-8:59am,9,9,0,2,0,2,0,,0000000,Not Applicable,,,0,No,2,Intersection,1,On Roadway,16,Urban-Local Road or Street,5,Local Street - Township,,,0,No,0,No Special Jurisdiction,New York,360341,36,WELLWOOD AVE,BERRY ST,3,T-Intersection,2,2,1,1,Clear,0,No Additional Atmospheric Conditions,Clear,0,None,2014
99,Unknown EMS Scene Arrival Hour,99,Unknown EMS Scene Arrival Minutes,0,None,0,None,0,None,360,BABYLON,103,SUFFOLK (103),2015,8,6,Friday,0,1,3,Principal Arterial - Other,8,Pedestrian,88,Not Applicable (Not Transported) ,88,Not Applicable (Not Transported),3,3:00am-3:59am,40.71729167,40.71729167,3,Dark - Lighted,-73.400277780,-73.400277780,0,Not a Collision with Motor Vehicle In-Transport,0,None,30,30,5,May,1,This section IS ON the NHS,3,3:00am-3:59am,32,32,1,1,1,1,0,,0000000,Not Applicable,1,State Highway Agency,0,No,1,Non-Junction,1,On Roadway,,,3,State Highway,2,Urban,0,No,0,No Special Jurisdiction,New York,360342,36,SR-109,,1,Not an Intersection,1,1,10,10,Cloudy,0,No Additional Atmospheric Conditions,Cloudy,0,None,2015
99,Unknown EMS Scene Arrival Hour,99,Unknown EMS Scene Arrival Minutes,0,None,0,None,0,None,1670,EAST ISLIP,103,SUFFOLK (103),2015,11,2,Monday,0,1,7,Local,30,Utility Pole/Light Support,99,Unknown,99,Unknown EMS Hospital Arrival Time,14,2:00pm-2:59pm,40.72054444,40.72054444,1,Daylight,-73.191633330,-73.191633330,0,Not a Collision with Motor Vehicle In-Transport,0,None,55,55,5,May,0,This section IS NOT on the NHS,99,Unknown,99,Unknown,0,1,0,1,0,,0000000,Not Applicable,3,Town or Township Highway Agency,0,No,1,Non-Junction,4,On Roadside,,,5,Local Street - Township,2,Urban,0,No,0,No Special Jurisdiction,New York,360343,36,111 BAYVIEW AVE,,1,Not an Intersection,1,1,10,10,Cloudy,0,No Additional Atmospheric Conditions,Cloudy,0,None,2015
99,Unknown EMS Scene Arrival Hour,99,Unknown EMS Scene Arrival Minutes,0,None,0,None,0,None,5255,ROCKY POINT,103,SUFFOLK (103),2014,18,1,Sunday,1,1,,,42,Tree (Standing Only),88,Not Applicable (Not Transported) ,88,Not Applicable (Not Transported),8,8:00am-8:59am,40.94525000,40.94525000,2,Dark - Not Lighted,-72.941477780,-72.941477780,0,Not a Collision with Motor Vehicle In-Transport,0,None,56,56,5,May,0,This section IS NOT on the NHS,99,Unknown,99,Unknown,0,1,0,1,0,,0000000,Not Applicable,,,0,No,1,Non-Junction,4,On Roadside,16,Urban-Local Road or Street,4,County Road,,,0,No,0,No Special Jurisdiction,New York,360343,36,CR-21,SR-25A,1,Not an Intersection,1,1,1,1,Clear,0,No Additional Atmospheric Conditions,Clear,0,None,2014
20,8:00pm-8:59pm,6,6,0,None,0,None,0,None,5870,SOUTHOLD,103,SUFFOLK (103),2019,30,1,Sunday,0,1,3,Principal Arterial - Other,12,Motor Vehicle In-Transport ,20,8:00pm-8:59pm,35,35,20,8:00pm-8:59pm,41.11497222,41.11497222,1,Daylight,-72.365408330,-72.365408330,7,Sideswipe - Same Direction,99998,Not Reported,4,4,6,June,1,This section IS ON the NHS,20,8:00pm-8:59pm,4,4,0,4,0,4,0,,0000000,Not Applicable,1,State Highway Agency,0,No,2,Intersection,1,On Roadway,,,3,State Highway,1,Rural,0,No,0,No Special Jurisdiction,New York,360343,36,SR-25,BAILEY AVE,3,T-Intersection,2,2,1,1,Clear,0,No Additional Atmospheric Conditions,Clear,0,None,2019
18,6:00pm-6:59pm,27,27,0,None,0,None,0,None,2920,ISLIP,103,SUFFOLK (103),2012,4,6,Friday,0,1,,,12,Motor Vehicle In-Transport ,18,6:00pm-6:59pm,42,42,18,6:00pm-6:59pm,40.81503611,40.81503611,1,Daylight,-73.192391670,-73.192391670,2,Front-to-Front,0,None,10,10,5,May,1,This section IS ON the NHS,18,6:00pm-6:59pm,11,11,0,2,0,2,0,,0000000,Not Applicable,,,0,No,2,Intersection,1,On Roadway,13,Urban-Other Principal Arterial,3,State Highway,,,0,No,0,No Special Jurisdiction,New York,360344,36,SR-454,SPARTAN LANE,3,T-Intersection,2,2,10,10,Cloudy,0,No Additional Atmospheric Conditions,Cloudy,0,None,2012
99,Unknown EMS Scene Arrival Hour,99,Unknown EMS Scene Arrival Minutes,0,None,0,None,0,None,5769,SMITHTOWN,103,SUFFOLK (103),2015,11,2,Monday,1,1,7,Local,33,Curb,99,Unknown,99,Unknown EMS Hospital Arrival Time,7,7:00am-7:59am,40.87390000,40.87390000,1,Daylight,-73.279141670,-73.279141670,0,Not a Collision with Motor Vehicle In-Transport,0,None,0,0,5,May,0,This section IS NOT on the NHS,7,7:00am-7:59am,3,3,0,1,0,1,0,,0000000,Not Applicable,3,Town or Township Highway Agency,0,No,1,Non-Junction,4,On Roadside,,,5,Local Street - Township,1,Rural,0,No,0,No Special Jurisdiction,New York,360344,36,OLD COMMACK RD,,1,Not an Intersection,1,1,10,10,Cloudy,0,No Additional Atmospheric Conditions,Cloudy,0,None,2015
7,7:00am-7:59am,7,7,0,None,0,None,0,None,2840,HUNTINGTON,103,SUFFOLK (103),2015,12,3,Tuesday,0,1,4,Minor Arterial,12,Motor Vehicle In-Transport ,99,Unknown,99,Unknown EMS Hospital Arrival Time,7,7:00am-7:59am,40.79137778,40.79137778,1,Daylight,-73.300672220,-73.300672220,6,Angle ,0,None,0,0,5,May,0,This section IS NOT on the NHS,7,7:00am-7:59am,4,4,0,2,0,2,0,,0000000,Not Applicable,2,County Highway Agency,0,No,1,Non-Junction,1,On Roadway,,,4,County Road,1,Rural,0,No,0,No Special Jurisdiction,New York,360345,36,CR-4,,1,Not an Intersection,2,2,10,10,Cloudy,0,No Additional Atmospheric Conditions,Cloudy,0,None,2015
99,Unknown EMS Scene Arrival Hour,99,Unknown EMS Scene Arrival Minutes,0,None,0,None,0,None,2840,HUNTINGTON,103,SUFFOLK (103),2012,10,5,Thursday,0,1,,,12,Motor Vehicle In-Transport ,99,Unknown,99,Unknown EMS Hospital Arrival Time,20,8:00pm-8:59pm,40.83373889,40.83373889,3,Dark - Lighted,-73.336436110,-73.336436110,6,Angle ,0,None,10,10,5,May,0,This section IS NOT on the NHS,99,Unknown,99,Unknown,0,5,0,5,0,,0000000,Not Applicable,,,0,No,8,Driveway Access Related,1,On Roadway,16,Urban-Local Road or Street,4,County Road,,,0,No,0,No Special Jurisdiction,New York,360345,36,CR-66,,1,Not an Intersection,2,2,1,1,Clear,0,No Additional Atmospheric Conditions,Clear,0,None,2012
99,Unknown EMS Scene Arrival Hour,99,Unknown EMS Scene Arrival Minutes,0,None,0,None,0,None,2920,ISLIP,103,SUFFOLK (103),2015,12,3,Tuesday,0,1,7,Local,8,Pedestrian,88,Not Applicable (Not Transported) ,88,Not Applicable (Not Transported),20,8:00pm-8:59pm,40.75138333,40.75138333,3,Dark - Lighted,-73.263061110,-73.263061110,0,Not a Collision with Motor Vehicle In-Transport,0,None,47,47,5,May,0,This section IS NOT on the NHS,99,Unknown,99,Unknown,1,1,1,1,0,,0000000,Not Applicable,3,Town or Township Highway Agency,0,No,2,Intersection,1,On Roadway,,,5,Local Street - Township,2,Urban,0,No,0,No Special Jurisdiction,New York,360346,36,5TH AVE,BAILEY AVE,3,T-Intersection,1,1,10,10,Cloudy,0,No Additional Atmospheric Conditions,Cloudy,0,None,2015
17,5:00pm-5:59pm,40,40,0,None,0,None,0,None,2860,HUNTINGTON STATION,103,SUFFOLK (103),2015,15,6,Friday,0,1,3,Principal Arterial - Other,12,Motor Vehicle In-Transport ,99,Unknown,99,Unknown EMS Hospital Arrival Time,17,5:00pm-5:59pm,40.82474167,40.82474167,1,Daylight,-73.412258330,-73.412258330,6,Angle ,0,None,25,25,5,May,0,This section IS NOT on the NHS,17,5:00pm-5:59pm,31,31,0,5,0,5,0,,0000000,Not Applicable,1,State Highway Agency,0,No,2,Intersection,1,On Roadway,,,3,State Highway,2,Urban,0,No,0,No Special Jurisdiction,New York,360347,36,SR-110,SPRUCE TREE LANE,2,Four-Way Intersection,2,2,1,1,Clear,0,No Additional Atmospheric Conditions,Clear,0,None,2015
99,Unknown EMS Scene Arrival Hour,99,Unknown EMS Scene Arrival Minutes,0,None,0,None,0,None,2920,ISLIP,103,SUFFOLK (103),2012,11,6,Friday,0,1,,,12,Motor Vehicle In-Transport ,99,Unknown,99,Unknown EMS Hospital Arrival Time,12,12:00pm-12:59pm,40.80695556,40.80695556,1,Daylight,-73.071583330,-73.071583330,6,Angle ,0,None,13,13,5,May,0,This section IS NOT on the NHS,99,Unknown,99,Unknown,0,3,0,3,0,,0000000,Not Applicable,,,0,No,2,Intersection,1,On Roadway,13,Urban-Other Principal Arterial,6,Local Street - Municipality,,,0,No,0,No Special Jurisdiction,New York,360347,36,CR-19,FURROWS RD,2,Four-Way Intersection,2,2,1,1,Clear,0,No Additional Atmospheric Conditions,Clear,0,None,2012