ARR_HOUR,ARR_HOURNAME,ARR_MIN,ARR_MINNAME,CF1,CF1NAME,CF2,CF2NAME,CF3,CF3NAME,CITY,CITYNAME,COUNTY,COUNTYNAME,CaseYear,DAY,DAY_WEEK,DAY_WEEKNAME,DRUNK_DR,FATALS,FUNC_SYS,FUNC_SYSNAME,HARM_EV,HARM_EVNAME,HOSP_HR,HOSP_HRNAME,HOSP_MN,HOSP_MNNAME,HOUR,HOURNAME,LATITUDE,LATITUDENAME,LGT_COND,LGT_CONDNAME,LONGITUD,LONGITUDNAME,MAN_COLL,MAN_COLLNAME,MILEPT,MILEPTNAME,MINUTE,MINUTENAME,MONTH,MonthName,NHS,NHSNAME,NOT_HOUR,NOT_HOURNAME,NOT_MIN,NOT_MINNAME,PEDS,PERMVIT,PERNOTMVIT,PERSONS,PVH_INVL,ParkWorks,RAIL,RAILNAME,RD_OWNER,RD_OWNERNAME,RELJCT1,RELJCT1NAME,RELJCT2,RELJCT2NAME,REL_ROAD,REL_ROADNAME,ROAD_FNC,ROAD_FNCNAME,ROUTE,ROUTENAME,RUR_URB,RUR_URBNAME,SCH_BUS,SCH_BUSNAME,SP_JUR,SP_JURNAME,STATENAME,ST_CASE,State,TWAY_ID,TWAY_ID2,TYP_INT,TYP_INTNAME,VE_FORMS,VE_TOTAL,WEATHER,WEATHER1,WEATHER1NAME,WEATHER2,WEATHER2NAME,WEATHERNAME,WRK_ZONE,WRK_ZONENAME,YEAR
99,Unknown EMS Scene Arrival Hour,99,Unknown EMS Scene Arrival Minutes,4,No or Obscured Pavement Marking,0,None,0,None,705,BROOKHAVEN,103,SUFFOLK (103),2015,28,5,Thursday,0,1,7,Local,30,Utility Pole/Light Support,99,Unknown,99,Unknown EMS Hospital Arrival Time,16,4:00pm-4:59pm,40.86309444,40.86309444,1,Daylight,-72.941855560,-72.941855560,0,Not a Collision with Motor Vehicle In-Transport,0,None,23,23,5,May,0,This section IS NOT on the NHS,16,4:00pm-4:59pm,23,23,0,1,0,1,0,,0000000,Not Applicable,3,Town or Township Highway Agency,0,No,1,Non-Junction,4,On Roadside,,,5,Local Street - Township,1,Rural,0,No,0,No Special Jurisdiction,New York,360348,36,BARTLETT RD,,1,Not an Intersection,1,1,1,1,Clear,0,No Additional Atmospheric Conditions,Clear,0,None,2015
99,Unknown EMS Scene Arrival Hour,99,Unknown EMS Scene Arrival Minutes,0,None,0,None,0,None,5769,SMITHTOWN,103,SUFFOLK (103),2012,21,2,Monday,0,1,,,8,Pedestrian,99,Unknown,99,Unknown EMS Hospital Arrival Time,4,4:00am-4:59am,40.84758056,40.84758056,3,Dark - Lighted,-73.251688890,-73.251688890,0,Not a Collision with Motor Vehicle In-Transport,0,None,40,40,5,May,1,This section IS ON the NHS,99,Unknown,99,Unknown,1,1,1,1,0,,0000000,Not Applicable,,,0,No,1,Non-Junction,1,On Roadway,13,Urban-Other Principal Arterial,3,State Highway,,,0,No,0,No Special Jurisdiction,New York,360350,36,SR-25,,1,Not an Intersection,1,1,10,10,Cloudy,0,No Additional Atmospheric Conditions,Cloudy,0,None,2012
99,Unknown EMS Scene Arrival Hour,99,Unknown EMS Scene Arrival Minutes,0,None,0,None,0,None,705,BROOKHAVEN,103,SUFFOLK (103),2015,21,3,Tuesday,0,1,3,Principal Arterial - Other,12,Motor Vehicle In-Transport ,99,Unknown,99,Unknown EMS Hospital Arrival Time,10,10:00am-10:59am,40.85835556,40.85835556,1,Daylight,-73.086052780,-73.086052780,6,Angle ,0,None,40,40,4,April,1,This section IS ON the NHS,99,Unknown,99,Unknown,0,2,0,2,0,,0000000,Not Applicable,1,State Highway Agency,0,No,2,Intersection,1,On Roadway,,,3,State Highway,2,Urban,0,No,0,No Special Jurisdiction,New York,360351,36,SR-25,DAWN DR,2,Four-Way Intersection,2,2,10,10,Cloudy,0,No Additional Atmospheric Conditions,Cloudy,0,None,2015
99,Unknown EMS Scene Arrival Hour,99,Unknown EMS Scene Arrival Minutes,0,None,0,None,0,None,2920,ISLIP,103,SUFFOLK (103),2015,24,3,Tuesday,0,1,3,Principal Arterial - Other,12,Motor Vehicle In-Transport ,99,Unknown,99,Unknown EMS Hospital Arrival Time,20,8:00pm-8:59pm,40.75897500,40.75897500,3,Dark - Lighted,-73.209716670,-73.209716670,1,Front-to-Rear ,0,None,32,32,3,March,0,This section IS NOT on the NHS,99,Unknown,99,Unknown,0,2,0,2,0,,0000000,Not Applicable,1,State Highway Agency,0,No,3,Intersection-Related ,1,On Roadway,,,3,State Highway,2,Urban,0,No,0,No Special Jurisdiction,New York,360352,36,SR-111,W WILLOW ST,2,Four-Way Intersection,2,2,1,1,Clear,0,No Additional Atmospheric Conditions,Clear,0,None,2015
7,7:00am-7:59am,45,45,0,None,0,None,0,None,2840,HUNTINGTON,103,SUFFOLK (103),2012,4,6,Friday,0,1,,,12,Motor Vehicle In-Transport ,8,8:00am-8:59am,25,25,7,7:00am-7:59am,40.82592778,40.82592778,1,Daylight,-73.342866670,-73.342866670,6,Angle ,0,None,40,40,5,May,0,This section IS NOT on the NHS,7,7:00am-7:59am,44,44,0,12,0,12,0,,0000000,Not Applicable,,,0,No,2,Intersection,1,On Roadway,14,Urban-Minor Arterial,3,State Highway,,,0,No,0,No Special Jurisdiction,New York,360352,36,SR-231,DEFOREST RD,2,Four-Way Intersection,3,3,2,10,Cloudy,2,Rain,Rain,0,None,2012
99,Unknown EMS Scene Arrival Hour,99,Unknown EMS Scene Arrival Minutes,0,None,0,None,0,None,5210,RIVERHEAD,103,SUFFOLK (103),2019,2,3,Tuesday,0,1,3,Principal Arterial - Other,41,Shrubbery,99,Unknown,99,Unknown EMS Hospital Arrival Time,8,8:00am-8:59am,40.93836667,40.93836667,1,Daylight,-72.640802780,-72.640802780,0,The First Harmful Event was Not a Collision with a Motor Vehicle in Transport,99998,Not Reported,41,41,7,July,0,This section IS NOT on the NHS,8,8:00am-8:59am,41,41,0,1,0,1,0,,0000000,Not Applicable,2,County Highway Agency,0,No,1,Non-Junction,4,On Roadside,,,4,County Road,2,Urban,0,No,0,No Special Jurisdiction,New York,360353,36,CR-105,,1,Not an Intersection,1,1,1,1,Clear,0,No Additional Atmospheric Conditions,Clear,0,None,2019
99,Unknown EMS Scene Arrival Hour,99,Unknown EMS Scene Arrival Minutes,0,None,0,None,0,None,5810,SOUTHAMPTON,103,SUFFOLK (103),2011,24,1,Sunday,0,1,,,8,Pedestrian,99,Unknown,99,Unknown EMS Hospital Arrival Time,21,9:00pm-9:59pm,40.90956667,40.90956667,2,Dark - Not Lighted,-72.637013890,-72.637013890,0,Not a Collision with Motor Vehicle In-Transport,0,None,14,14,4,April,0,This section IS NOT on the NHS,99,Unknown,99,Unknown,1,4,1,4,0,,0000000,Not Applicable,,,0,No,3,Intersection-Related ,1,On Roadway,16,Urban-Local Road or Street,5,Local Street - Township,,,0,No,0,No Special Jurisdiction,New York,360353,36,FLANDERS RD,EVERGREEN RD,3,T-Intersection,1,1,2,2,Rain,0,No Additional Atmospheric Conditions,Rain,0,None,2011
99,Unknown EMS Scene Arrival Hour,99,Unknown EMS Scene Arrival Minutes,0,None,0,None,0,None,705,BROOKHAVEN,103,SUFFOLK (103),2018,3,3,Tuesday,1,1,1,Interstate,24,Guardrail Face,99,Unknown,99,Unknown EMS Hospital Arrival Time,2,2:00am-2:59am,40.82254444,40.82254444,3,Dark - Lighted,-73.029650000,-73.029650000,0,Not a Collision with Motor Vehicle In-Transport,0,None,23,23,7,July,1,This section IS ON the NHS,99,Unknown,99,Unknown,0,1,0,1,0,,0000000,Not Applicable,1,State Highway Agency,0,No,1,Non-Junction,4,On Roadside,,,1,Interstate,1,Rural,0,No,0,No Special Jurisdiction,New York,360355,36,I-495,,1,Not an Intersection,1,1,10,10,Cloudy,0,No Additional Atmospheric Conditions,Cloudy,0,None,2018
99,Unknown EMS Scene Arrival Hour,99,Unknown EMS Scene Arrival Minutes,0,None,0,None,0,None,620,BRENTWOOD,103,SUFFOLK (103),2013,16,3,Tuesday,0,1,,,12,Motor Vehicle In-Transport ,99,Unknown,99,Unknown EMS Hospital Arrival Time,4,4:00am-4:59am,40.78172778,40.78172778,3,Dark - Lighted,-73.243894440,-73.243894440,6,Angle ,0,None,19,19,4,April,0,This section IS NOT on the NHS,99,Unknown,99,Unknown,0,3,0,3,0,,0000000,Not Applicable,,,0,No,2,Intersection,1,On Roadway,16,Urban-Local Road or Street,5,Local Street - Township,,,0,No,0,No Special Jurisdiction,New York,360355,36,SUFFOLK AVE,BRENTWOOD PARKWAY,3,T-Intersection,2,2,1,1,Clear,0,No Additional Atmospheric Conditions,Clear,0,None,2013
99,Unknown EMS Scene Arrival Hour,99,Unknown EMS Scene Arrival Minutes,0,None,0,None,0,None,705,BROOKHAVEN,103,SUFFOLK (103),2013,2,5,Thursday,0,1,,,8,Pedestrian,99,Unknown,99,Unknown EMS Hospital Arrival Time,16,4:00pm-4:59pm,40.85828889,40.85828889,1,Daylight,-73.089425000,-73.089425000,0,Not a Collision with Motor Vehicle In-Transport,0,None,17,17,5,May,1,This section IS ON the NHS,99,Unknown,99,Unknown,1,1,1,1,0,,0000000,Not Applicable,,,0,No,2,Intersection,1,On Roadway,2,Rural-Principal Arterial-Other,3,State Highway,,,0,No,0,No Special Jurisdiction,New York,360356,36,SR-25 MIDDLE COUNTRY RD,S WASHINGTON AVE,2,Four-Way Intersection,1,1,1,1,Clear,0,No Additional Atmospheric Conditions,Clear,0,None,2013
0,0:00am-0:59am,2,2,0,None,0,None,0,None,360,BABYLON,103,SUFFOLK (103),2011,8,6,Friday,1,1,,,14,Parked Motor Vehicle ,88,Not Applicable (Not Transported) ,88,Not Applicable (Not Transported),23,11:00pm-11:59pm,40.70989167,40.70989167,3,Dark - Lighted,-73.359422220,-73.359422220,0,Not a Collision with Motor Vehicle In-Transport,0,None,59,59,4,April,1,This section IS ON the NHS,23,11:00pm-11:59pm,59,59,0,1,0,1,1,,0000000,Not Applicable,,,0,No,1,Non-Junction,7,In Parking Lane/Zone,2,Rural-Principal Arterial-Other,3,State Highway,,,0,No,0,No Special Jurisdiction,New York,360356,36,SR-109,,1,Not an Intersection,1,2,1,1,Clear,0,No Additional Atmospheric Conditions,Clear,0,None,2011
7,7:00am-7:59am,57,57,0,None,0,None,0,None,620,BRENTWOOD,103,SUFFOLK (103),2011,26,3,Tuesday,0,1,,,12,Motor Vehicle In-Transport ,88,Not Applicable (Not Transported) ,88,Not Applicable (Not Transported),7,7:00am-7:59am,99.99990000,Unknown,1,Daylight,999.999900000,Unknown,8,Sideswipe - Opposite Direction,0,None,50,50,4,April,0,This section IS NOT on the NHS,99,Unknown,99,Unknown,0,2,0,2,0,,0000000,Not Applicable,,,0,No,1,Non-Junction,1,On Roadway,3,Rural-Minor Arterial,4,County Road,,,0,No,0,No Special Jurisdiction,New York,360357,36,CROOKED HILL RD,,1,Not an Intersection,2,2,1,1,Clear,0,No Additional Atmospheric Conditions,Clear,0,None,2011
6,6:00am-6:59am,5,5,0,None,0,None,0,None,5255,ROCKY POINT,103,SUFFOLK (103),2015,29,6,Friday,0,1,3,Principal Arterial - Other,12,Motor Vehicle In-Transport ,99,Unknown,99,Unknown EMS Hospital Arrival Time,5,5:00am-5:59am,40.94778333,40.94778333,1,Daylight,-72.919775000,-72.919775000,2,Front-to-Front,0,None,59,59,5,May,1,This section IS ON the NHS,6,6:00am-6:59am,0,0,0,2,0,2,0,,0000000,Not Applicable,1,State Highway Agency,0,No,8,Driveway Access Related,1,On Roadway,,,3,State Highway,2,Urban,0,No,0,No Special Jurisdiction,New York,360357,36,SR-25A,,1,Not an Intersection,2,2,1,1,Clear,0,No Additional Atmospheric Conditions,Clear,0,None,2015
5,5:00am-5:59am,8,8,0,None,0,None,0,None,2840,HUNTINGTON,103,SUFFOLK (103),2013,2,5,Thursday,0,1,,,12,Motor Vehicle In-Transport ,88,Not Applicable (Not Transported) ,88,Not Applicable (Not Transported),4,4:00am-4:59am,40.81686389,40.81686389,3,Dark - Lighted,-73.293716670,-73.293716670,6,Angle ,0,None,50,50,5,May,0,This section IS NOT on the NHS,99,Unknown,99,Unknown,0,2,0,2,0,,0000000,Not Applicable,,,0,No,2,Intersection,1,On Roadway,16,Urban-Local Road or Street,5,Local Street - Township,,,0,No,0,No Special Jurisdiction,New York,360357,36,VANDERBILT PARKWAY,COMMACK RD,2,Four-Way Intersection,2,2,1,1,Clear,0,No Additional Atmospheric Conditions,Clear,0,None,2013
8,8:00am-8:59am,34,34,0,None,0,None,0,None,705,BROOKHAVEN,103,SUFFOLK (103),2018,4,4,Wednesday,0,1,3,Principal Arterial - Other,24,Guardrail Face,88,Not Applicable (Not Transported) ,88,Not Applicable (Not Transported),8,8:00am-8:59am,40.93471944,40.93471944,1,Daylight,-72.878469440,-72.878469440,0,Not a Collision with Motor Vehicle In-Transport,0,None,29,29,7,July,1,This section IS ON the NHS,8,8:00am-8:59am,29,29,0,1,0,1,0,,0000000,Not Applicable,2,County Highway Agency,0,No,1,Non-Junction,3,On Median,,,4,County Road,1,Rural,0,No,0,No Special Jurisdiction,New York,360357,36,CR-46,,1,Not an Intersection,1,1,1,1,Clear,0,No Additional Atmospheric Conditions,Clear,0,None,2018
14,2:00pm-2:59pm,46,46,0,None,0,None,0,None,705,BROOKHAVEN,103,SUFFOLK (103),2013,5,1,Sunday,0,1,,,12,Motor Vehicle In-Transport ,88,Not Applicable (Not Transported) ,88,Not Applicable (Not Transported),14,2:00pm-2:59pm,40.82958333,40.82958333,1,Daylight,-72.938075000,-72.938075000,6,Angle ,0,None,40,40,5,May,0,This section IS NOT on the NHS,14,2:00pm-2:59pm,44,44,0,2,0,2,0,,0000000,Not Applicable,,,0,No,2,Intersection,1,On Roadway,16,Urban-Local Road or Street,5,Local Street - Township,,,0,No,0,No Special Jurisdiction,New York,360359,36,CR-101 E PATCHOGUE-YAPHANK RD,EXPRESS DR N,2,Four-Way Intersection,2,2,1,1,Clear,0,No Additional Atmospheric Conditions,Clear,0,None,2013
19,7:00pm-7:59pm,45,45,0,None,0,None,0,None,705,BROOKHAVEN,103,SUFFOLK (103),2013,11,7,Saturday,1,1,,,12,Motor Vehicle In-Transport ,20,8:00pm-8:59pm,0,0,19,7:00pm-7:59pm,99.99990000,Unknown,5,Dusk,999.999900000,Unknown,2,Front-to-Front,0,None,40,40,5,May,1,This section IS ON the NHS,19,7:00pm-7:59pm,42,42,0,2,0,2,0,,0000000,Not Applicable,,,0,No,1,Non-Junction,1,On Roadway,2,Rural-Principal Arterial-Other,3,State Highway,,,0,No,0,No Special Jurisdiction,New York,360360,36,SR-25A BYPASS,,1,Not an Intersection,2,2,10,10,Cloudy,0,No Additional Atmospheric Conditions,Cloudy,1,Construction,2013
17,5:00pm-5:59pm,40,40,0,None,0,None,0,None,2840,HUNTINGTON,103,SUFFOLK (103),2013,18,7,Saturday,0,1,,,24,Guardrail Face,17,5:00pm-5:59pm,50,50,17,5:00pm-5:59pm,40.89488056,40.89488056,1,Daylight,-73.424886110,-73.424886110,0,Not a Collision with Motor Vehicle In-Transport,0,None,25,25,5,May,0,This section IS NOT on the NHS,17,5:00pm-5:59pm,29,29,0,2,0,2,0,,0000000,Not Applicable,,,0,No,1,Non-Junction,4,On Roadside,16,Urban-Local Road or Street,5,Local Street - Township,,,0,No,0,No Special Jurisdiction,New York,360361,36,W SHORE RD,,1,Not an Intersection,1,1,2,2,Rain,0,No Additional Atmospheric Conditions,Rain,0,None,2013
99,Unknown EMS Scene Arrival Hour,99,Unknown EMS Scene Arrival Minutes,0,None,0,None,0,None,160,AMITYVILLE,103,SUFFOLK (103),2018,8,1,Sunday,2,3,7,Local,12,Motor Vehicle In-Transport ,88,Not Applicable (Not Transported) ,88,Not Applicable (Not Transported),0,0:00am-0:59am,40.67904444,40.67904444,3,Dark - Lighted,-73.408611110,-73.408611110,2,Front-to-Front,0,None,35,35,7,July,0,This section IS NOT on the NHS,99,Unknown,99,Unknown,0,3,0,3,0,,0000000,Not Applicable,2,County Highway Agency,0,No,2,Intersection,1,On Roadway,,,4,County Road,2,Urban,0,No,0,No Special Jurisdiction,New York,360361,36,CR-12,BELMONT ST,3,T-Intersection,2,2,1,1,Clear,0,No Additional Atmospheric Conditions,Clear,0,None,2018
99,Unknown EMS Scene Arrival Hour,99,Unknown EMS Scene Arrival Minutes,0,None,0,None,0,None,705,BROOKHAVEN,103,SUFFOLK (103),2012,23,4,Wednesday,1,1,,,12,Motor Vehicle In-Transport ,99,Unknown,99,Unknown EMS Hospital Arrival Time,0,0:00am-0:59am,40.81666111,40.81666111,3,Dark - Lighted,-73.079100000,-73.079100000,6,Angle ,0,None,8,8,5,May,0,This section IS NOT on the NHS,0,0:00am-0:59am,8,8,0,3,0,3,0,,0000000,Not Applicable,,,0,No,2,Intersection,1,On Roadway,16,Urban-Local Road or Street,6,Local Street - Municipality,,,0,No,0,No Special Jurisdiction,New York,360361,36,EXPRESS DR N,HOLBROOK RD,2,Four-Way Intersection,2,2,10,10,Cloudy,0,No Additional Atmospheric Conditions,Cloudy,0,None,2012
99,Unknown EMS Scene Arrival Hour,99,Unknown EMS Scene Arrival Minutes,0,None,0,None,0,None,5675,SHIRLEY,103,SUFFOLK (103),2013,19,1,Sunday,0,1,,,42,Tree (Standing Only),99,Unknown,99,Unknown EMS Hospital Arrival Time,11,11:00am-11:59am,40.77150833,40.77150833,1,Daylight,-72.867927780,-72.867927780,0,Not a Collision with Motor Vehicle In-Transport,0,None,50,50,5,May,1,This section IS ON the NHS,99,Unknown,99,Unknown,0,1,0,1,0,,0000000,Not Applicable,,,0,No,1,Non-Junction,4,On Roadside,2,Rural-Principal Arterial-Other,4,County Road,,,0,No,0,No Special Jurisdiction,New York,360362,36,CR-46 WILLIAM FLOYD PARKWAY,,1,Not an Intersection,1,1,2,2,Rain,0,No Additional Atmospheric Conditions,Rain,0,None,2013
0,0:00am-0:59am,27,27,0,None,0,None,0,None,360,BABYLON,103,SUFFOLK (103),2013,26,1,Sunday,0,1,,,30,Utility Pole/Light Support,0,0:00am-0:59am,55,55,0,0:00am-0:59am,40.71740833,40.71740833,2,Dark - Not Lighted,-73.401800000,-73.401800000,0,Not a Collision with Motor Vehicle In-Transport,0,None,18,18,5,May,1,This section IS ON the NHS,0,0:00am-0:59am,18,18,0,1,0,1,0,,0000000,Not Applicable,,,0,No,1,Non-Junction,4,On Roadside,2,Rural-Principal Arterial-Other,3,State Highway,,,0,No,0,No Special Jurisdiction,New York,360363,36,SR-109,,1,Not an Intersection,1,1,10,10,Cloudy,0,No Additional Atmospheric Conditions,Cloudy,0,None,2013
99,Unknown EMS Scene Arrival Hour,99,Unknown EMS Scene Arrival Minutes,0,None,0,None,0,None,2920,ISLIP,103,SUFFOLK (103),2012,25,6,Friday,0,1,,,8,Pedestrian,88,Not Applicable (Not Transported) ,88,Not Applicable (Not Transported),20,8:00pm-8:59pm,99.99990000,Unknown,3,Dark - Lighted,999.999900000,Unknown,0,Not a Collision with Motor Vehicle In-Transport,0,None,55,55,5,May,0,This section IS NOT on the NHS,20,8:00pm-8:59pm,57,57,1,1,1,1,0,,0000000,Not Applicable,,,0,No,1,Non-Junction,1,On Roadway,4,Rural-Major Collector,6,Local Street - Municipality,,,0,No,0,No Special Jurisdiction,New York,360363,36,SAGTIKOS PKY,,1,Not an Intersection,1,1,10,10,Cloudy,0,No Additional Atmospheric Conditions,Cloudy,0,None,2012
99,Unknown EMS Scene Arrival Hour,99,Unknown EMS Scene Arrival Minutes,0,None,0,None,0,None,5210,RIVERHEAD,103,SUFFOLK (103),2012,27,1,Sunday,0,1,,,12,Motor Vehicle In-Transport ,99,Unknown,99,Unknown EMS Hospital Arrival Time,12,12:00pm-12:59pm,40.96726111,40.96726111,1,Daylight,-72.701100000,-72.701100000,6,Angle ,0,None,12,12,5,May,0,This section IS NOT on the NHS,99,Unknown,99,Unknown,0,10,0,10,0,,0000000,Not Applicable,,,0,No,1,Non-Junction,1,On Roadway,6,Rural-Local Road or Street,6,Local Street - Municipality,,,0,No,0,No Special Jurisdiction,New York,360364,36,SOUND AVE,,1,Not an Intersection,3,3,1,1,Clear,0,No Additional Atmospheric Conditions,Clear,0,None,2012
99,Unknown EMS Scene Arrival Hour,99,Unknown EMS Scene Arrival Minutes,0,None,0,None,0,None,5210,RIVERHEAD,103,SUFFOLK (103),2010,7,2,Monday,0,1,,,59,Traffic Sign Support ,99,Unknown,99,Unknown EMS Hospital Arrival Time,13,1:00pm-1:59pm,40.92129444,40.92129444,1,Daylight,-72.719069440,-72.719069440,0,Not a Collision with Motor Vehicle In-Transport,0,None,41,41,6,June,1,This section IS ON the NHS,99,Unknown,99,Unknown,0,,,1,,,0000000,Not Applicable,,,0,No,5,Entrance/Exit Ramp Related,4,On Roadside,1,Rural-Principal Arterial-Interstate,1,Interstate,,,0,No,0,No Special Jurisdiction,New York,360364,36,I-495 EXIT73OFF RAMP,,1,Not an Intersection,1,1,1,1,Clear,0,No Additional Atmospheric Conditions,Clear,0,None,2010
99,Unknown EMS Scene Arrival Hour,99,Unknown EMS Scene Arrival Minutes,0,None,0,None,0,None,3590,MASTIC BEACH,103,SUFFOLK (103),2013,22,4,Wednesday,0,1,,,8,Pedestrian,99,Unknown,99,Unknown EMS Hospital Arrival Time,8,8:00am-8:59am,40.76873333,40.76873333,1,Daylight,-72.851708330,-72.851708330,0,Not a Collision with Motor Vehicle In-Transport,0,None,37,37,5,May,0,This section IS NOT on the NHS,99,Unknown,99,Unknown,1,1,1,1,0,,0000000,Not Applicable,,,0,No,2,Intersection,1,On Roadway,6,Rural-Local Road or Street,5,Local Street - Township,,,0,No,0,No Special Jurisdiction,New York,360365,36,MASTIC RD,PRESIDENT RD,2,Four-Way Intersection,1,1,10,10,Cloudy,0,No Additional Atmospheric Conditions,Cloudy,0,None,2013
99,Unknown EMS Scene Arrival Hour,99,Unknown EMS Scene Arrival Minutes,0,None,0,None,0,None,705,BROOKHAVEN,103,SUFFOLK (103),2012,28,2,Monday,0,1,,,12,Motor Vehicle In-Transport ,99,Unknown,99,Unknown EMS Hospital Arrival Time,20,8:00pm-8:59pm,40.85830278,40.85830278,3,Dark - Lighted,-73.099447220,-73.099447220,6,Angle ,0,None,50,50,5,May,1,This section IS ON the NHS,99,Unknown,99,Unknown,0,2,0,2,0,,0000000,Not Applicable,,,0,No,2,Intersection,1,On Roadway,13,Urban-Other Principal Arterial,3,State Highway,,,0,No,0,No Special Jurisdiction,New York,360373,36,SR-25,SMITH LN,3,T-Intersection,2,2,1,1,Clear,0,No Additional Atmospheric Conditions,Clear,0,None,2012
22,10:00pm-10:59pm,2,2,0,None,0,None,0,None,705,BROOKHAVEN,103,SUFFOLK (103),2017,21,6,Friday,1,1,5,Major Collector,24,Guardrail Face,22,10:00pm-10:59pm,23,23,21,9:00pm-9:59pm,40.80717222,40.80717222,3,Dark - Lighted,-72.820891670,-72.820891670,0,Not a Collision with Motor Vehicle In-Transport,0,None,52,52,4,April,0,This section IS NOT on the NHS,21,9:00pm-9:59pm,52,52,0,2,0,2,0,,0000000,Not Applicable,3,Town or Township Highway Agency,0,No,3,Intersection-Related ,4,On Roadside,,,5,Local Street - Township,1,Rural,0,No,0,No Special Jurisdiction,New York,360374,36,MONTAUK HWY,CEDAR ST,3,T-Intersection,1,1,2,2,Rain,0,No Additional Atmospheric Conditions,Rain,0,None,2017
15,3:00pm-3:59pm,40,40,0,None,0,None,0,None,5210,RIVERHEAD,103,SUFFOLK (103),2014,30,2,Monday,0,1,,,12,Motor Vehicle In-Transport ,88,Not Applicable (Not Transported) ,88,Not Applicable (Not Transported),15,3:00pm-3:59pm,40.94412778,40.94412778,1,Daylight,-72.846930560,-72.846930560,2,Front-to-Front,0,None,33,33,6,June,1,This section IS ON the NHS,15,3:00pm-3:59pm,35,35,0,3,0,3,0,,0000000,Not Applicable,,,0,No,1,Non-Junction,1,On Roadway,13,Urban-Other Principal Arterial,3,State Highway,,,0,No,0,No Special Jurisdiction,New York,360375,36,SR-25A,DOGWOOD DR,1,Not an Intersection,2,2,1,1,Clear,0,No Additional Atmospheric Conditions,Clear,0,None,2014
99,Unknown EMS Scene Arrival Hour,99,Unknown EMS Scene Arrival Minutes,0,None,0,None,0,None,5635,SETAUKET,103,SUFFOLK (103),2012,30,4,Wednesday,0,1,,,12,Motor Vehicle In-Transport ,99,Unknown,99,Unknown EMS Hospital Arrival Time,15,3:00pm-3:59pm,40.92191667,40.92191667,1,Daylight,-73.085730560,-73.085730560,2,Front-to-Front,0,None,30,30,5,May,0,This section IS NOT on the NHS,99,Unknown,99,Unknown,0,5,0,5,0,,0000000,Not Applicable,,,0,No,1,Non-Junction,1,On Roadway,15,Urban-Collector,5,Local Street - Township,,,0,No,0,No Special Jurisdiction,New York,360376,36,SHEEP PASTURE RD,,1,Not an Intersection,3,3,10,10,Cloudy,0,No Additional Atmospheric Conditions,Cloudy,0,None,2012
99,Unknown EMS Scene Arrival Hour,99,Unknown EMS Scene Arrival Minutes,0,None,0,None,0,None,620,BRENTWOOD,103,SUFFOLK (103),2013,10,6,Friday,0,1,,,43,Other Fixed Object,99,Unknown,99,Unknown EMS Hospital Arrival Time,16,4:00pm-4:59pm,40.78617778,40.78617778,1,Daylight,-73.220119440,-73.220119440,0,Not a Collision with Motor Vehicle In-Transport,0,None,0,0,5,May,0,This section IS NOT on the NHS,99,Unknown,99,Unknown,0,1,0,1,0,,338170g,338170g,,,0,No,6,Railway Grade Crossing ,1,On Roadway,2,Rural-Principal Arterial-Other,3,State Highway,,,0,No,0,No Special Jurisdiction,New York,360376,36,SR-111 ISLIP AVE,,1,Not an Intersection,1,1,1,1,Clear,0,No Additional Atmospheric Conditions,Clear,0,None,2013
99,Unknown EMS Scene Arrival Hour,99,Unknown EMS Scene Arrival Minutes,0,None,0,None,0,None,705,BROOKHAVEN,103,SUFFOLK (103),2018,5,5,Thursday,0,1,3,Principal Arterial - Other,8,Pedestrian,99,Unknown,99,Unknown EMS Hospital Arrival Time,23,11:00pm-11:59pm,40.90544167,40.90544167,2,Dark - Not Lighted,-72.718750000,-72.718750000,0,Not a Collision with Motor Vehicle In-Transport,0,None,19,19,7,July,1,This section IS ON the NHS,99,Unknown,99,Unknown,1,4,1,4,0,,0000000,Not Applicable,1,State Highway Agency,0,No,3,Intersection-Related ,1,On Roadway,,,3,State Highway,2,Urban,0,No,0,No Special Jurisdiction,New York,360376,36,SR-24,PINEHURST BLVD,2,Four-Way Intersection,1,1,10,10,Cloudy,0,No Additional Atmospheric Conditions,Cloudy,0,None,2018
99,Unknown EMS Scene Arrival Hour,99,Unknown EMS Scene Arrival Minutes,0,None,0,None,0,None,5210,RIVERHEAD,103,SUFFOLK (103),2018,16,2,Monday,1,1,3,Principal Arterial - Other,30,Utility Pole/Light Support,99,Unknown,99,Unknown EMS Hospital Arrival Time,22,10:00pm-10:59pm,40.94461944,40.94461944,3,Dark - Lighted,-72.626975000,-72.626975000,0,Not a Collision with Motor Vehicle In-Transport,0,None,54,54,7,July,1,This section IS ON the NHS,99,Unknown,99,Unknown,0,1,0,1,0,,0000000,Not Applicable,1,State Highway Agency,0,No,3,Intersection-Related ,4,On Roadside,,,3,State Highway,2,Urban,0,No,0,No Special Jurisdiction,New York,360381,36,SR-25,EDGAR AVE,3,T-Intersection,1,1,1,1,Clear,0,No Additional Atmospheric Conditions,Clear,0,None,2018
13,1:00pm-1:59pm,33,33,0,None,0,None,0,None,1650,EAST HAMPTON,103,SUFFOLK (103),2013,15,7,Saturday,0,1,,,9,Pedalcyclist,14,2:00pm-2:59pm,34,34,13,1:00pm-1:59pm,40.96575556,40.96575556,1,Daylight,-72.182313890,-72.182313890,0,Not a Collision with Motor Vehicle In-Transport,0,None,26,26,6,June,1,This section IS ON the NHS,13,1:00pm-1:59pm,26,26,1,1,1,1,0,,0000000,Not Applicable,,,0,No,2,Intersection,1,On Roadway,2,Rural-Principal Arterial-Other,3,State Highway,,,0,No,0,No Special Jurisdiction,New York,360381,36,SR-27 PANTIGO RD,GAY RD,4,Y-Intersection,1,1,1,1,Clear,0,No Additional Atmospheric Conditions,Clear,0,None,2013