ARR_HOUR,ARR_HOURNAME,ARR_MIN,ARR_MINNAME,CF1,CF1NAME,CF2,CF2NAME,CF3,CF3NAME,CITY,CITYNAME,COUNTY,COUNTYNAME,CaseYear,DAY,DAY_WEEK,DAY_WEEKNAME,DRUNK_DR,FATALS,FUNC_SYS,FUNC_SYSNAME,HARM_EV,HARM_EVNAME,HOSP_HR,HOSP_HRNAME,HOSP_MN,HOSP_MNNAME,HOUR,HOURNAME,LATITUDE,LATITUDENAME,LGT_COND,LGT_CONDNAME,LONGITUD,LONGITUDNAME,MAN_COLL,MAN_COLLNAME,MILEPT,MILEPTNAME,MINUTE,MINUTENAME,MONTH,MonthName,NHS,NHSNAME,NOT_HOUR,NOT_HOURNAME,NOT_MIN,NOT_MINNAME,PEDS,PERMVIT,PERNOTMVIT,PERSONS,PVH_INVL,ParkWorks,RAIL,RAILNAME,RD_OWNER,RD_OWNERNAME,RELJCT1,RELJCT1NAME,RELJCT2,RELJCT2NAME,REL_ROAD,REL_ROADNAME,ROAD_FNC,ROAD_FNCNAME,ROUTE,ROUTENAME,RUR_URB,RUR_URBNAME,SCH_BUS,SCH_BUSNAME,SP_JUR,SP_JURNAME,STATENAME,ST_CASE,State,TWAY_ID,TWAY_ID2,TYP_INT,TYP_INTNAME,VE_FORMS,VE_TOTAL,WEATHER,WEATHER1,WEATHER1NAME,WEATHER2,WEATHER2NAME,WEATHERNAME,WRK_ZONE,WRK_ZONENAME,YEAR
22,10:00pm-10:59pm,19,19,0,None,0,None,0,None,2920,ISLIP,103,SUFFOLK (103),2016,23,7,Saturday,0,1,7,Local,12,Motor Vehicle In-Transport ,22,10:00pm-10:59pm,39,39,22,10:00pm-10:59pm,40.74118056,40.74118056,3,Dark - Lighted,-73.260622220,-73.260622220,6,Angle ,0,None,12,12,7,July,0,This section IS NOT on the NHS,22,10:00pm-10:59pm,12,12,0,2,0,2,0,,0000000,Not Applicable,3,Town or Township Highway Agency,0,No,8,Driveway Access Related,1,On Roadway,,,5,Local Street - Township,2,Urban,0,No,0,No Special Jurisdiction,New York,360456,36,BROOK AVE,,1,Not an Intersection,2,2,1,1,Clear,0,No Additional Atmospheric Conditions,Clear,0,None,2016
99,Unknown EMS Scene Arrival Hour,99,Unknown EMS Scene Arrival Minutes,0,None,0,None,0,None,2920,ISLIP,103,SUFFOLK (103),2014,22,1,Sunday,1,1,,,33,Curb,88,Not Applicable (Not Transported) ,88,Not Applicable (Not Transported),4,4:00am-4:59am,40.76929167,40.76929167,3,Dark - Lighted,-73.252466670,-73.252466670,0,Not a Collision with Motor Vehicle In-Transport,0,None,23,23,6,June,0,This section IS NOT on the NHS,99,Unknown,99,Unknown,0,1,0,1,0,,0000000,Not Applicable,,,0,No,3,Intersection-Related ,4,On Roadside,16,Urban-Local Road or Street,6,Local Street - Municipality,,,0,No,0,No Special Jurisdiction,New York,360456,36,1ST ST,9TH AVE,3,T-Intersection,1,1,1,1,Clear,0,No Additional Atmospheric Conditions,Clear,0,None,2014
15,3:00pm-3:59pm,54,54,0,None,0,None,0,None,705,BROOKHAVEN,103,SUFFOLK (103),2010,7,1,Sunday,0,1,,,12,Motor Vehicle In-Transport ,16,4:00pm-4:59pm,18,18,15,3:00pm-3:59pm,40.82074444,40.82074444,1,Daylight,-72.944486110,-72.944486110,6,Angle ,0,None,48,48,3,March,0,This section IS NOT on the NHS,15,3:00pm-3:59pm,49,49,0,,,5,,,0000000,Not Applicable,,,0,No,2,Intersection,1,On Roadway,14,Urban-Minor Arterial,5,Local Street - Township,,,0,No,0,No Special Jurisdiction,New York,360456,36,SILLS RD,OLD DOCK RD,3,T-Intersection,2,2,1,1,Clear,0,No Additional Atmospheric Conditions,Clear,0,None,2010
99,Unknown EMS Scene Arrival Hour,99,Unknown EMS Scene Arrival Minutes,0,None,0,None,0,None,360,BABYLON,103,SUFFOLK (103),2010,1,3,Tuesday,0,1,,,12,Motor Vehicle In-Transport ,99,Unknown,99,Unknown EMS Hospital Arrival Time,12,12:00pm-12:59pm,40.74686389,40.74686389,1,Daylight,-73.422250000,-73.422250000,6,Angle ,998,998,37,37,6,June,1,This section IS ON the NHS,99,Unknown,99,Unknown,0,,,2,,,0000000,Not Applicable,,,0,No,2,Intersection,1,On Roadway,13,Urban-Other Principal Arterial,3,State Highway,,,0,No,0,No Special Jurisdiction,New York,360457,36,SR-110,GAZZA BLVD,2,Four-Way Intersection,2,2,1,1,Clear,0,No Additional Atmospheric Conditions,Clear,0,None,2010
4,4:00am-4:59am,28,28,0,None,0,None,0,None,2920,ISLIP,103,SUFFOLK (103),2015,16,7,Saturday,0,1,2,Principal Arterial - Other Freeways and Expressways,59,Traffic Sign Support ,99,Unknown,99,Unknown EMS Hospital Arrival Time,4,4:00am-4:59am,40.75570833,40.75570833,3,Dark - Lighted,-73.212833330,-73.212833330,0,Not a Collision with Motor Vehicle In-Transport,0,None,24,24,5,May,1,This section IS ON the NHS,4,4:00am-4:59am,24,24,0,1,0,1,0,,0000000,Not Applicable,1,State Highway Agency,1,Yes,19,Other location within Interchange Area,8,Gore,,,3,State Highway,2,Urban,0,No,0,No Special Jurisdiction,New York,360457,36,SR-908M SOUTHERN STATE PKWY,,1,Not an Intersection,1,1,2,2,Rain,0,No Additional Atmospheric Conditions,Rain,0,None,2015
99,Unknown EMS Scene Arrival Hour,99,Unknown EMS Scene Arrival Minutes,0,None,0,None,0,None,705,BROOKHAVEN,103,SUFFOLK (103),2011,15,1,Sunday,1,1,,,42,Tree (Standing Only),99,Unknown,99,Unknown EMS Hospital Arrival Time,19,7:00pm-7:59pm,40.87884167,40.87884167,1,Daylight,-72.802561110,-72.802561110,0,Not a Collision with Motor Vehicle In-Transport,0,None,33,33,5,May,0,This section IS NOT on the NHS,19,7:00pm-7:59pm,42,42,0,1,0,1,0,,0000000,Not Applicable,,,0,No,1,Non-Junction,4,On Roadside,3,Rural-Minor Arterial,5,Local Street - Township,,,0,No,0,No Special Jurisdiction,New York,360459,36,MILL RD,,1,Not an Intersection,1,1,10,10,Cloudy,0,No Additional Atmospheric Conditions,Cloudy,0,None,2011
22,10:00pm-10:59pm,10,10,0,None,0,None,0,None,2920,ISLIP,103,SUFFOLK (103),2016,28,5,Thursday,0,1,7,Local,12,Motor Vehicle In-Transport ,22,10:00pm-10:59pm,27,27,22,10:00pm-10:59pm,40.78680278,40.78680278,3,Dark - Lighted,-73.269902780,-73.269902780,6,Angle ,0,None,0,0,7,July,0,This section IS NOT on the NHS,22,10:00pm-10:59pm,5,5,0,3,0,3,0,,0000000,Not Applicable,3,Town or Township Highway Agency,0,No,8,Driveway Access Related,1,On Roadway,,,5,Local Street - Township,2,Urban,0,No,0,No Special Jurisdiction,New York,360459,36,CROOKED HILL RD,,1,Not an Intersection,2,2,1,1,Clear,0,No Additional Atmospheric Conditions,Clear,0,None,2016
13,1:00pm-1:59pm,4,4,0,None,0,None,0,None,1650,EAST HAMPTON,103,SUFFOLK (103),2012,23,7,Saturday,0,1,,,8,Pedestrian,13,1:00pm-1:59pm,35,35,12,12:00pm-12:59pm,40.99039722,40.99039722,1,Daylight,-72.134458330,-72.134458330,0,Not a Collision with Motor Vehicle In-Transport,0,None,56,56,6,June,0,This section IS NOT on the NHS,12,12:00pm-12:59pm,57,57,2,1,2,1,0,,0000000,Not Applicable,,,0,No,1,Non-Junction,1,On Roadway,3,Rural-Minor Arterial,5,Local Street - Township,,,0,No,0,No Special Jurisdiction,New York,360463,36,OLD STONE HWY,,1,Not an Intersection,1,1,1,1,Clear,0,No Additional Atmospheric Conditions,Clear,0,None,2012
99,Unknown EMS Scene Arrival Hour,99,Unknown EMS Scene Arrival Minutes,0,None,0,None,0,None,5769,SMITHTOWN,103,SUFFOLK (103),2011,5,1,Sunday,0,1,,,8,Pedestrian,99,Unknown,99,Unknown EMS Hospital Arrival Time,0,0:00am-0:59am,40.83612222,40.83612222,2,Dark - Not Lighted,-73.270344440,-73.270344440,0,Not a Collision with Motor Vehicle In-Transport,0,None,27,27,6,June,1,This section IS ON the NHS,99,Unknown,99,Unknown,1,1,1,1,0,,0000000,Not Applicable,,,0,No,1,Non-Junction,1,On Roadway,13,Urban-Other Principal Arterial,3,State Highway,,,0,No,0,No Special Jurisdiction,New York,360463,36,SR-454,,1,Not an Intersection,1,1,1,1,Clear,0,No Additional Atmospheric Conditions,Clear,0,None,2011
99,Unknown EMS Scene Arrival Hour,99,Unknown EMS Scene Arrival Minutes,0,None,0,None,0,None,705,BROOKHAVEN,103,SUFFOLK (103),2010,4,6,Friday,0,1,,,14,Parked Motor Vehicle ,99,Unknown,99,Unknown EMS Hospital Arrival Time,11,11:00am-11:59am,99.99990000,Unknown,1,Daylight,999.999900000,Unknown,0,Not a Collision with Motor Vehicle In-Transport,0,None,2,2,6,June,0,This section IS NOT on the NHS,99,Unknown,99,Unknown,1,,,1,,,0000000,Not Applicable,,,0,No,1,Non-Junction,2,On Shoulder,16,Urban-Local Road or Street,6,Local Street - Municipality,,,0,No,0,No Special Jurisdiction,New York,360463,36,WOOD RD,,1,Not an Intersection,1,2,1,1,Clear,0,No Additional Atmospheric Conditions,Clear,0,None,2010
99,Unknown EMS Scene Arrival Hour,99,Unknown EMS Scene Arrival Minutes,0,None,0,None,0,None,2840,HUNTINGTON,103,SUFFOLK (103),2011,13,2,Monday,0,1,,,30,Utility Pole/Light Support,88,Not Applicable (Not Transported) ,88,Not Applicable (Not Transported),1,1:00am-1:59am,40.87035000,40.87035000,3,Dark - Lighted,-73.437830560,-73.437830560,0,Not a Collision with Motor Vehicle In-Transport,0,None,45,45,6,June,1,This section IS ON the NHS,99,Unknown,99,Unknown,0,1,0,1,0,,0000000,Not Applicable,,,0,No,3,Intersection-Related ,4,On Roadside,13,Urban-Other Principal Arterial,3,State Highway,,,0,No,0,No Special Jurisdiction,New York,360465,36,SR-25A,CARLEY AVE,4,Y-Intersection,1,1,2,2,Rain,0,No Additional Atmospheric Conditions,Rain,0,None,2011
99,Unknown EMS Scene Arrival Hour,99,Unknown EMS Scene Arrival Minutes,0,None,0,None,0,None,360,BABYLON,103,SUFFOLK (103),2011,14,3,Tuesday,0,1,,,8,Pedestrian,99,Unknown,99,Unknown EMS Hospital Arrival Time,22,10:00pm-10:59pm,40.77605556,40.77605556,2,Dark - Not Lighted,-73.310286110,-73.310286110,0,Not a Collision with Motor Vehicle In-Transport,0,None,25,25,6,June,0,This section IS NOT on the NHS,99,Unknown,99,Unknown,1,2,1,2,0,,0000000,Not Applicable,,,0,No,1,Non-Junction,1,On Roadway,14,Urban-Minor Arterial,5,Local Street - Township,,,0,No,0,No Special Jurisdiction,New York,360467,36,COMMACK RD,,1,Not an Intersection,1,1,10,10,Cloudy,0,No Additional Atmospheric Conditions,Cloudy,0,None,2011
9,9:00am-9:59am,12,12,0,None,0,None,0,None,5675,SHIRLEY,103,SUFFOLK (103),2015,17,6,Friday,0,1,4,Minor Arterial,8,Pedestrian,88,Not Applicable (Not Transported) ,88,Not Applicable (Not Transported),9,9:00am-9:59am,40.78327500,40.78327500,1,Daylight,-72.864447220,-72.864447220,0,Not a Collision with Motor Vehicle In-Transport,0,None,9,9,7,July,0,This section IS NOT on the NHS,9,9:00am-9:59am,15,15,1,1,1,1,0,,0000000,Not Applicable,2,County Highway Agency,0,No,3,Intersection-Related ,1,On Roadway,,,4,County Road,2,Urban,0,No,0,No Special Jurisdiction,New York,360467,36,CR-46,ROBERTS RD,3,T-Intersection,1,1,1,1,Clear,0,No Additional Atmospheric Conditions,Clear,0,None,2015
99,Unknown EMS Scene Arrival Hour,99,Unknown EMS Scene Arrival Minutes,0,None,0,None,0,None,2840,HUNTINGTON,103,SUFFOLK (103),2011,20,2,Monday,0,1,,,42,Tree (Standing Only),99,Unknown,99,Unknown EMS Hospital Arrival Time,11,11:00am-11:59am,40.87437222,40.87437222,1,Daylight,-73.340369440,-73.340369440,0,Not a Collision with Motor Vehicle In-Transport,0,None,36,36,6,June,0,This section IS NOT on the NHS,99,Unknown,99,Unknown,0,2,0,2,0,,0000000,Not Applicable,,,0,No,1,Non-Junction,4,On Roadside,16,Urban-Local Road or Street,5,Local Street - Township,,,0,No,0,No Special Jurisdiction,New York,360468,36,PULASKI RD,,1,Not an Intersection,1,1,1,1,Clear,0,No Additional Atmospheric Conditions,Clear,0,None,2011
4,4:00am-4:59am,28,28,0,None,0,None,0,None,5769,SMITHTOWN,103,SUFFOLK (103),2011,26,1,Sunday,1,1,,,38,Fence,88,Not Applicable (Not Transported) ,88,Not Applicable (Not Transported),4,4:00am-4:59am,40.85108056,40.85108056,3,Dark - Lighted,-73.145905560,-73.145905560,0,Not a Collision with Motor Vehicle In-Transport,0,None,15,15,6,June,0,This section IS NOT on the NHS,4,4:00am-4:59am,27,27,0,1,0,1,0,,0000000,Not Applicable,,,0,No,3,Intersection-Related ,4,On Roadside,15,Urban-Collector,5,Local Street - Township,,,0,No,0,No Special Jurisdiction,New York,360470,36,GIBBS POND RD,PRINCE CHARMING RD,3,T-Intersection,1,1,1,1,Clear,0,No Additional Atmospheric Conditions,Clear,0,None,2011
6,6:00am-6:59am,30,30,0,None,0,None,0,None,2840,HUNTINGTON,103,SUFFOLK (103),2011,14,3,Tuesday,0,1,,,12,Motor Vehicle In-Transport ,6,6:00am-6:59am,50,50,6,6:00am-6:59am,40.86895000,40.86895000,1,Daylight,-73.347447220,-73.347447220,6,Angle ,0,None,20,20,6,June,0,This section IS NOT on the NHS,6,6:00am-6:59am,26,26,0,2,0,2,0,,0000000,Not Applicable,,,0,No,2,Intersection,1,On Roadway,16,Urban-Local Road or Street,5,Local Street - Township,,,0,No,0,No Special Jurisdiction,New York,360471,36,PULASKI RD,OSWEGO DR,4,Y-Intersection,2,2,1,1,Clear,0,No Additional Atmospheric Conditions,Clear,0,None,2011
2,2:00am-2:59am,31,31,0,None,0,None,0,None,1455,DEER PARK,103,SUFFOLK (103),2011,14,3,Tuesday,0,1,,,12,Motor Vehicle In-Transport ,88,Not Applicable (Not Transported) ,88,Not Applicable (Not Transported),2,2:00am-2:59am,40.75900833,40.75900833,3,Dark - Lighted,-73.328241670,-73.328241670,6,Angle ,0,None,27,27,6,June,1,This section IS ON the NHS,2,2:00am-2:59am,27,27,0,2,0,2,0,,0000000,Not Applicable,,,0,No,2,Intersection,1,On Roadway,13,Urban-Other Principal Arterial,3,State Highway,,,0,No,0,No Special Jurisdiction,New York,360472,36,SR-231,LAKE AVE,2,Four-Way Intersection,2,2,10,10,Cloudy,0,No Additional Atmospheric Conditions,Cloudy,0,None,2011
99,Unknown EMS Scene Arrival Hour,99,Unknown EMS Scene Arrival Minutes,0,None,0,None,0,None,2007,FLANDERS,103,SUFFOLK (103),2015,9,5,Thursday,0,1,3,Principal Arterial - Other,12,Motor Vehicle In-Transport ,99,Unknown,99,Unknown EMS Hospital Arrival Time,16,4:00pm-4:59pm,40.90356389,40.90356389,1,Daylight,-72.604300000,-72.604300000,2,Front-to-Front,0,None,52,52,7,July,0,This section IS NOT on the NHS,99,Unknown,99,Unknown,0,4,0,4,0,,0000000,Not Applicable,1,State Highway Agency,0,No,1,Non-Junction,1,On Roadway,,,3,State Highway,2,Urban,0,No,0,No Special Jurisdiction,New York,360472,36,SR-24,,1,Not an Intersection,2,2,10,10,Cloudy,0,No Additional Atmospheric Conditions,Cloudy,0,None,2015
99,Unknown EMS Scene Arrival Hour,99,Unknown EMS Scene Arrival Minutes,0,None,0,None,0,None,2840,HUNTINGTON,103,SUFFOLK (103),2011,24,6,Friday,0,1,,,8,Pedestrian,88,Not Applicable (Not Transported) ,88,Not Applicable (Not Transported),0,0:00am-0:59am,40.83936944,40.83936944,3,Dark - Lighted,-73.412408330,-73.412408330,0,Not a Collision with Motor Vehicle In-Transport,0,None,25,25,6,June,0,This section IS NOT on the NHS,99,Unknown,99,Unknown,1,2,1,2,0,,0000000,Not Applicable,,,0,No,2,Intersection,1,On Roadway,16,Urban-Local Road or Street,5,Local Street - Township,,,0,No,0,No Special Jurisdiction,New York,360473,36,NEW YORK AVE,E 15TH ST,3,T-Intersection,1,1,1,1,Clear,0,No Additional Atmospheric Conditions,Clear,0,None,2011
0,0:00am-0:59am,22,22,0,None,0,None,0,None,3270,LINDENHURST,103,SUFFOLK (103),2017,14,2,Monday,0,1,4,Minor Arterial,8,Pedestrian,0,0:00am-0:59am,36,36,0,0:00am-0:59am,40.67218333,40.67218333,3,Dark - Lighted,-73.378544440,-73.378544440,0,Not a Collision with Motor Vehicle In-Transport,0,None,22,22,8,August,0,This section IS NOT on the NHS,0,0:00am-0:59am,22,22,1,1,1,1,0,,0000000,Not Applicable,1,State Highway Agency,0,No,3,Intersection-Related ,1,On Roadway,,,3,State Highway,2,Urban,0,No,0,No Special Jurisdiction,New York,360473,36,SR-27A,S 13TH ST,2,Four-Way Intersection,1,1,1,1,Clear,0,No Additional Atmospheric Conditions,Clear,0,None,2017
99,Unknown EMS Scene Arrival Hour,99,Unknown EMS Scene Arrival Minutes,0,None,0,None,0,None,3270,LINDENHURST,103,SUFFOLK (103),2012,24,1,Sunday,1,1,,,12,Motor Vehicle In-Transport ,99,Unknown,99,Unknown EMS Hospital Arrival Time,22,10:00pm-10:59pm,40.67219167,40.67219167,3,Dark - Lighted,-73.378586110,-73.378586110,1,Front-to-Rear ,0,None,22,22,6,June,0,This section IS NOT on the NHS,99,Unknown,99,Unknown,0,2,0,2,0,,0000000,Not Applicable,,,1,Yes,3,Intersection-Related ,1,On Roadway,14,Urban-Minor Arterial,3,State Highway,,,0,No,0,No Special Jurisdiction,New York,360473,36,SR-27A,S 13TH ST,3,T-Intersection,2,2,1,1,Clear,0,No Additional Atmospheric Conditions,Clear,0,None,2012
0,0:00am-0:59am,33,33,0,None,0,None,0,None,360,BABYLON,103,SUFFOLK (103),2017,13,1,Sunday,1,1,3,Principal Arterial - Other,33,Curb,1,1:00am-1:59am,15,15,0,0:00am-0:59am,40.70535556,40.70535556,3,Dark - Lighted,-73.372525000,-73.372525000,0,Not a Collision with Motor Vehicle In-Transport,0,None,29,29,8,August,1,This section IS ON the NHS,0,0:00am-0:59am,28,28,0,1,0,1,0,,0000000,Not Applicable,1,State Highway Agency,0,No,3,Intersection-Related ,4,On Roadside,,,3,State Highway,2,Urban,0,No,0,No Special Jurisdiction,New York,360474,36,SR-27,N MONROE AVE,2,Four-Way Intersection,1,1,1,1,Clear,0,No Additional Atmospheric Conditions,Clear,0,None,2017
13,1:00pm-1:59pm,1,1,0,None,0,None,0,None,5210,RIVERHEAD,103,SUFFOLK (103),2010,17,7,Saturday,0,1,,,12,Motor Vehicle In-Transport ,14,2:00pm-2:59pm,6,6,12,12:00pm-12:59pm,40.94730556,40.94730556,1,Daylight,-72.609661110,-72.609661110,6,Angle ,0,None,49,49,7,July,0,This section IS NOT on the NHS,12,12:00pm-12:59pm,51,51,0,,,8,,,0000000,Not Applicable,,,0,No,1,Non-Junction,1,On Roadway,5,Rural-Minor Collector,5,Local Street - Township,,,0,No,0,No Special Jurisdiction,New York,360474,36,MAIN RD,,1,Not an Intersection,3,3,1,1,Clear,0,No Additional Atmospheric Conditions,Clear,0,None,2010
4,4:00am-4:59am,46,46,0,None,0,None,0,None,705,BROOKHAVEN,103,SUFFOLK (103),2011,25,7,Saturday,1,1,,,12,Motor Vehicle In-Transport ,88,Not Applicable (Not Transported) ,88,Not Applicable (Not Transported),4,4:00am-4:59am,40.86665000,40.86665000,3,Dark - Lighted,-73.034619440,-73.034619440,1,Front-to-Rear ,0,None,45,45,6,June,1,This section IS ON the NHS,4,4:00am-4:59am,45,45,0,2,0,2,0,,0000000,Not Applicable,,,0,No,8,Driveway Access Related,1,On Roadway,13,Urban-Other Principal Arterial,3,State Highway,,,0,No,0,No Special Jurisdiction,New York,360474,36,SR-25,,1,Not an Intersection,2,2,5,5,"Fog, Smog, Smoke",0,No Additional Atmospheric Conditions,"Fog, Smog, Smoke",0,None,2011
99,Unknown EMS Scene Arrival Hour,99,Unknown EMS Scene Arrival Minutes,0,None,0,None,0,None,705,BROOKHAVEN,103,SUFFOLK (103),2011,25,7,Saturday,0,1,,,9,Pedalcyclist,99,Unknown,99,Unknown EMS Hospital Arrival Time,22,10:00pm-10:59pm,40.78617222,40.78617222,3,Dark - Lighted,-72.863930560,-72.863930560,0,Not a Collision with Motor Vehicle In-Transport,0,None,22,22,6,June,1,This section IS ON the NHS,99,Unknown,99,Unknown,1,1,1,1,0,,0000000,Not Applicable,,,0,No,2,Intersection,1,On Roadway,13,Urban-Other Principal Arterial,4,County Road,,,0,No,0,No Special Jurisdiction,New York,360475,36,CR-46,FLINTLOCK DR,2,Four-Way Intersection,1,1,1,1,Clear,0,No Additional Atmospheric Conditions,Clear,0,None,2011
99,Unknown EMS Scene Arrival Hour,99,Unknown EMS Scene Arrival Minutes,0,None,0,None,0,None,5810,SOUTHAMPTON,103,SUFFOLK (103),2017,1,4,Wednesday,0,1,7,Local,12,Motor Vehicle In-Transport ,99,Unknown,99,Unknown EMS Hospital Arrival Time,15,3:00pm-3:59pm,40.88501111,40.88501111,1,Daylight,-72.407066670,-72.407066670,6,Angle ,0,None,31,31,2,February,0,This section IS NOT on the NHS,99,Unknown,99,Unknown,0,3,0,3,0,,0000000,Not Applicable,3,Town or Township Highway Agency,0,No,1,Non-Junction,2,On Shoulder,,,5,Local Street - Township,2,Urban,0,No,0,No Special Jurisdiction,New York,360475,36,HILL ST,,1,Not an Intersection,2,2,1,1,Clear,0,No Additional Atmospheric Conditions,Clear,0,None,2017
0,0:00am-0:59am,38,38,0,None,0,None,0,None,5210,RIVERHEAD,103,SUFFOLK (103),2012,25,2,Monday,1,1,,,8,Pedestrian,99,Unknown,99,Unknown EMS Hospital Arrival Time,0,0:00am-0:59am,40.91428333,40.91428333,2,Dark - Not Lighted,-72.656586110,-72.656586110,0,Not a Collision with Motor Vehicle In-Transport,0,None,33,33,6,June,0,This section IS NOT on the NHS,0,0:00am-0:59am,34,34,1,2,1,2,0,,0000000,Not Applicable,,,0,No,1,Non-Junction,1,On Roadway,6,Rural-Local Road or Street,5,Local Street - Township,,,0,No,0,No Special Jurisdiction,New York,360476,36,FLANDERS RD,,1,Not an Intersection,1,1,10,10,Cloudy,0,No Additional Atmospheric Conditions,Cloudy,0,None,2012
18,6:00pm-6:59pm,52,52,0,None,0,None,0,None,5769,SMITHTOWN,103,SUFFOLK (103),2012,23,7,Saturday,0,1,,,12,Motor Vehicle In-Transport ,99,Unknown,99,Unknown EMS Hospital Arrival Time,18,6:00pm-6:59pm,40.88486111,40.88486111,1,Daylight,-73.281713890,-73.281713890,6,Angle ,0,None,42,42,6,June,0,This section IS NOT on the NHS,18,6:00pm-6:59pm,44,44,0,8,0,8,0,,0000000,Not Applicable,,,0,No,2,Intersection,1,On Roadway,3,Rural-Minor Arterial,4,County Road,,,0,No,0,No Special Jurisdiction,New York,360477,36,CR-11,MEADOW GLEN RD,2,Four-Way Intersection,3,3,1,1,Clear,0,No Additional Atmospheric Conditions,Clear,0,None,2012
1,1:00am-1:59am,33,33,0,None,0,None,0,None,705,BROOKHAVEN,103,SUFFOLK (103),2013,7,6,Friday,0,1,,,42,Tree (Standing Only),2,2:00am-2:59am,3,3,1,1:00am-1:59am,99.99990000,Unknown,3,Dark - Lighted,999.999900000,Unknown,0,Not a Collision with Motor Vehicle In-Transport,0,None,20,20,6,June,0,This section IS NOT on the NHS,1,1:00am-1:59am,26,26,0,4,0,4,0,,0000000,Not Applicable,,,0,No,1,Non-Junction,4,On Roadside,6,Rural-Local Road or Street,5,Local Street - Township,,,0,No,0,No Special Jurisdiction,New York,360477,36,GRAY AVE,,1,Not an Intersection,1,1,2,2,Rain,0,No Additional Atmospheric Conditions,Rain,0,None,2013
99,Unknown EMS Scene Arrival Hour,99,Unknown EMS Scene Arrival Minutes,0,None,0,None,0,None,705,BROOKHAVEN,103,SUFFOLK (103),2013,8,7,Saturday,0,1,,,12,Motor Vehicle In-Transport ,99,Unknown,99,Unknown EMS Hospital Arrival Time,17,5:00pm-5:59pm,99.99990000,Unknown,1,Daylight,999.999900000,Unknown,2,Front-to-Front,0,None,29,29,6,June,0,This section IS NOT on the NHS,99,Unknown,99,Unknown,0,4,0,4,0,,0000000,Not Applicable,,,0,No,1,Non-Junction,1,On Roadway,16,Urban-Local Road or Street,4,County Road,,,0,No,0,No Special Jurisdiction,New York,360479,36,CR-83,,1,Not an Intersection,2,2,1,1,Clear,0,No Additional Atmospheric Conditions,Clear,0,None,2013
99,Unknown EMS Scene Arrival Hour,99,Unknown EMS Scene Arrival Minutes,0,None,0,None,0,None,4243,NORTH BELLPORT,103,SUFFOLK (103),2017,22,5,Thursday,0,2,7,Local,12,Motor Vehicle In-Transport ,99,Unknown,99,Unknown EMS Hospital Arrival Time,10,10:00am-10:59am,40.77329722,40.77329722,1,Daylight,-72.948575000,-72.948575000,1,Front-to-Rear ,0,None,14,14,6,June,0,This section IS NOT on the NHS,99,Unknown,99,Unknown,0,4,0,4,0,,0000000,Not Applicable,3,Town or Township Highway Agency,0,No,2,Intersection,1,On Roadway,,,4,County Road,2,Urban,0,No,0,No Special Jurisdiction,New York,360479,36,CR-80 MONTAUK HWY,HOFFMAN AVE,3,T-Intersection,2,2,1,1,Clear,0,No Additional Atmospheric Conditions,Clear,0,None,2017
99,Unknown EMS Scene Arrival Hour,99,Unknown EMS Scene Arrival Minutes,0,None,0,None,0,None,2920,ISLIP,103,SUFFOLK (103),2017,30,6,Friday,0,1,7,Local,30,Utility Pole/Light Support,99,Unknown,99,Unknown EMS Hospital Arrival Time,13,1:00pm-1:59pm,40.73815833,40.73815833,1,Daylight,-73.120769440,-73.120769440,0,Not a Collision with Motor Vehicle In-Transport,0,None,4,4,6,June,0,This section IS NOT on the NHS,13,1:00pm-1:59pm,4,4,0,2,0,2,0,,0000000,Not Applicable,2,County Highway Agency,0,No,1,Non-Junction,4,On Roadside,,,4,County Road,2,Urban,0,No,0,No Special Jurisdiction,New York,360480,36,CR-85 MONTAUK HWY,,1,Not an Intersection,1,1,1,1,Clear,0,No Additional Atmospheric Conditions,Clear,0,None,2017
14,2:00pm-2:59pm,55,55,0,None,0,None,0,None,705,BROOKHAVEN,103,SUFFOLK (103),2013,12,4,Wednesday,0,1,,,24,Guardrail Face,99,Unknown,99,Unknown EMS Hospital Arrival Time,14,2:00pm-2:59pm,40.84521667,40.84521667,1,Daylight,-73.017994440,-73.017994440,0,Not a Collision with Motor Vehicle In-Transport,0,None,40,40,6,June,1,This section IS ON the NHS,14,2:00pm-2:59pm,40,40,0,2,0,2,0,,0000000,Not Applicable,,,0,No,1,Non-Junction,4,On Roadside,13,Urban-Other Principal Arterial,5,Local Street - Township,,,0,No,0,No Special Jurisdiction,New York,360480,36,CR-83,,1,Not an Intersection,1,1,1,1,Clear,0,No Additional Atmospheric Conditions,Clear,0,None,2013
99,Unknown EMS Scene Arrival Hour,99,Unknown EMS Scene Arrival Minutes,0,None,0,None,0,None,2920,ISLIP,103,SUFFOLK (103),2018,19,3,Tuesday,2,1,2,Principal Arterial - Other Freeways and Expressways,12,Motor Vehicle In-Transport ,99,Unknown,99,Unknown EMS Hospital Arrival Time,18,6:00pm-6:59pm,99.99990000,Unknown,1,Daylight,999.999900000,Unknown,1,Front-to-Rear ,0,None,7,7,6,June,1,This section IS ON the NHS,99,Unknown,99,Unknown,0,2,0,2,0,,0000000,Not Applicable,1,State Highway Agency,0,No,1,Non-Junction,4,On Roadside,,,1,Interstate,2,Urban,0,No,0,No Special Jurisdiction,New York,360481,36,I-495,,1,Not an Intersection,2,2,1,1,Clear,0,No Additional Atmospheric Conditions,Clear,0,None,2018