ARR_HOUR,ARR_HOURNAME,ARR_MIN,ARR_MINNAME,CF1,CF1NAME,CF2,CF2NAME,CF3,CF3NAME,CITY,CITYNAME,COUNTY,COUNTYNAME,CaseYear,DAY,DAY_WEEK,DAY_WEEKNAME,DRUNK_DR,FATALS,FUNC_SYS,FUNC_SYSNAME,HARM_EV,HARM_EVNAME,HOSP_HR,HOSP_HRNAME,HOSP_MN,HOSP_MNNAME,HOUR,HOURNAME,LATITUDE,LATITUDENAME,LGT_COND,LGT_CONDNAME,LONGITUD,LONGITUDNAME,MAN_COLL,MAN_COLLNAME,MILEPT,MILEPTNAME,MINUTE,MINUTENAME,MONTH,MonthName,NHS,NHSNAME,NOT_HOUR,NOT_HOURNAME,NOT_MIN,NOT_MINNAME,PEDS,PERMVIT,PERNOTMVIT,PERSONS,PVH_INVL,ParkWorks,RAIL,RAILNAME,RD_OWNER,RD_OWNERNAME,RELJCT1,RELJCT1NAME,RELJCT2,RELJCT2NAME,REL_ROAD,REL_ROADNAME,ROAD_FNC,ROAD_FNCNAME,ROUTE,ROUTENAME,RUR_URB,RUR_URBNAME,SCH_BUS,SCH_BUSNAME,SP_JUR,SP_JURNAME,STATENAME,ST_CASE,State,TWAY_ID,TWAY_ID2,TYP_INT,TYP_INTNAME,VE_FORMS,VE_TOTAL,WEATHER,WEATHER1,WEATHER1NAME,WEATHER2,WEATHER2NAME,WEATHERNAME,WRK_ZONE,WRK_ZONENAME,YEAR
99,Unknown EMS Scene Arrival Hour,99,Unknown EMS Scene Arrival Minutes,0,None,0,None,0,None,3523,MANORVILLE,103,SUFFOLK (103),2011,26,3,Tuesday,0,1,,,12,Motor Vehicle In-Transport ,99,Unknown,99,Unknown EMS Hospital Arrival Time,9,9:00am-9:59am,40.84595556,40.84595556,1,Daylight,-72.790388890,-72.790388890,6,Angle ,0,None,23,23,7,July,0,This section IS NOT on the NHS,99,Unknown,99,Unknown,0,2,0,2,0,,0000000,Not Applicable,,,0,No,1,Non-Junction,1,On Roadway,6,Rural-Local Road or Street,6,Local Street - Municipality,,,0,No,0,No Special Jurisdiction,New York,360529,36,CHAPMAN BLVD,,1,Not an Intersection,2,2,1,1,Clear,0,No Additional Atmospheric Conditions,Clear,0,None,2011
15,3:00pm-3:59pm,7,7,0,None,0,None,0,None,5675,SHIRLEY,103,SUFFOLK (103),2014,19,3,Tuesday,0,1,,,12,Motor Vehicle In-Transport ,15,3:00pm-3:59pm,19,19,14,2:00pm-2:59pm,40.82877778,40.82877778,1,Daylight,-72.882438890,-72.882438890,6,Angle ,0,None,58,58,8,August,0,This section IS NOT on the NHS,15,3:00pm-3:59pm,5,5,0,2,0,2,0,,0000000,Not Applicable,,,0,No,2,Intersection,1,On Roadway,14,Urban-Minor Arterial,4,County Road,,,0,No,0,No Special Jurisdiction,New York,360532,36,CR-46,FLOWER HILL DR,2,Four-Way Intersection,2,2,1,1,Clear,0,No Additional Atmospheric Conditions,Clear,0,None,2014
4,4:00am-4:59am,12,12,0,None,0,None,0,None,2840,HUNTINGTON,103,SUFFOLK (103),2010,8,7,Saturday,1,1,,,12,Motor Vehicle In-Transport ,88,Not Applicable (Not Transported) ,88,Not Applicable (Not Transported),4,4:00am-4:59am,40.76169167,40.76169167,2,Dark - Not Lighted,-73.438141670,-73.438141670,6,Angle ,0,None,5,5,5,May,0,This section IS NOT on the NHS,4,4:00am-4:59am,6,6,0,,,2,,,0000000,Not Applicable,,,0,No,2,Intersection,1,On Roadway,15,Urban-Collector,5,Local Street - Township,,,0,No,0,No Special Jurisdiction,New York,360532,36,SPAGNOLI RD,HUBB DR,3,T-Intersection,2,2,1,1,Clear,0,No Additional Atmospheric Conditions,Clear,0,None,2010
99,Unknown EMS Scene Arrival Hour,99,Unknown EMS Scene Arrival Minutes,0,None,0,None,0,None,2920,ISLIP,103,SUFFOLK (103),2018,12,1,Sunday,1,2,7,Local,12,Motor Vehicle In-Transport ,99,Unknown,99,Unknown EMS Hospital Arrival Time,13,1:00pm-1:59pm,40.80391111,40.80391111,1,Daylight,-73.286744440,-73.286744440,6,Angle ,0,None,38,38,8,August,0,This section IS NOT on the NHS,99,Unknown,99,Unknown,0,7,0,7,0,,0000000,Not Applicable,3,Town or Township Highway Agency,0,No,1,Non-Junction,1,On Roadway,,,5,Local Street - Township,2,Urban,0,No,0,No Special Jurisdiction,New York,360532,36,CROOKED HILL RD,,1,Not an Intersection,2,2,2,2,Rain,0,No Additional Atmospheric Conditions,Rain,0,None,2018
99,Unknown EMS Scene Arrival Hour,99,Unknown EMS Scene Arrival Minutes,0,None,0,None,0,None,705,BROOKHAVEN,103,SUFFOLK (103),2018,25,7,Saturday,1,2,7,Local,33,Curb,99,Unknown,99,Unknown EMS Hospital Arrival Time,22,10:00pm-10:59pm,40.79726389,40.79726389,2,Dark - Not Lighted,-72.959833330,-72.959833330,0,Not a Collision with Motor Vehicle In-Transport,0,None,30,30,8,August,0,This section IS NOT on the NHS,99,Unknown,99,Unknown,0,3,0,3,0,,0000000,Not Applicable,3,Town or Township Highway Agency,0,No,3,Intersection-Related ,4,On Roadside,,,5,Local Street - Township,1,Rural,0,No,0,No Special Jurisdiction,New York,360533,36,WOODSIDE AVE,PATCHOGUE HOLBROOK RD,3,T-Intersection,1,1,1,1,Clear,0,No Additional Atmospheric Conditions,Clear,0,None,2018
99,Unknown EMS Scene Arrival Hour,99,Unknown EMS Scene Arrival Minutes,0,None,0,None,0,None,2840,HUNTINGTON,103,SUFFOLK (103),2010,2,4,Wednesday,0,1,,,12,Motor Vehicle In-Transport ,99,Unknown,99,Unknown EMS Hospital Arrival Time,9,9:00am-9:59am,40.84204722,40.84204722,1,Daylight,-73.403875000,-73.403875000,2,Front-to-Front,0,None,19,19,6,June,0,This section IS NOT on the NHS,99,Unknown,99,Unknown,0,,,6,,,0000000,Not Applicable,,,0,No,2,Intersection,1,On Roadway,14,Urban-Minor Arterial,5,Local Street - Township,,,0,No,0,No Special Jurisdiction,New York,360533,36,DEPOT RD,VONDRAN ST,2,Four-Way Intersection,3,3,1,1,Clear,0,No Additional Atmospheric Conditions,Clear,0,None,2010
99,Unknown EMS Scene Arrival Hour,99,Unknown EMS Scene Arrival Minutes,0,None,0,None,0,None,3270,LINDENHURST,103,SUFFOLK (103),2018,27,2,Monday,0,1,7,Local,15,Non-Motorist on Personal Conveyance,99,Unknown,99,Unknown EMS Hospital Arrival Time,12,12:00pm-12:59pm,40.68606944,40.68606944,1,Daylight,-73.375980560,-73.375980560,0,Not a Collision with Motor Vehicle In-Transport,0,None,2,2,8,August,0,This section IS NOT on the NHS,99,Unknown,99,Unknown,1,1,1,1,0,,0000000,Not Applicable,3,Town or Township Highway Agency,0,No,2,Intersection,1,On Roadway,,,5,Local Street - Township,2,Urban,0,No,0,No Special Jurisdiction,New York,360534,36,W HOFFMAN AVE,S BROADWAY AVE,3,T-Intersection,1,1,1,1,Clear,0,No Additional Atmospheric Conditions,Clear,0,None,2018
0,0:00am-0:59am,5,5,0,None,0,None,0,None,3590,MASTIC BEACH,103,SUFFOLK (103),2011,28,5,Thursday,0,1,,,8,Pedestrian,88,Not Applicable (Not Transported) ,88,Not Applicable (Not Transported),23,11:00pm-11:59pm,40.78580556,40.78580556,3,Dark - Lighted,-72.846050000,-72.846050000,0,Not a Collision with Motor Vehicle In-Transport,0,None,59,59,7,July,0,This section IS NOT on the NHS,23,11:00pm-11:59pm,59,59,1,1,1,1,0,,0000000,Not Applicable,,,0,No,3,Intersection-Related ,1,On Roadway,14,Urban-Minor Arterial,5,Local Street - Township,,,0,No,0,No Special Jurisdiction,New York,360536,36,MASTIC RD,RIVERSIDE AVE,2,Four-Way Intersection,1,1,1,1,Clear,0,No Additional Atmospheric Conditions,Clear,0,None,2011
20,8:00pm-8:59pm,27,27,0,None,0,None,0,None,5870,SOUTHOLD,103,SUFFOLK (103),2019,3,3,Tuesday,0,1,3,Principal Arterial - Other,12,Motor Vehicle In-Transport ,20,8:00pm-8:59pm,38,38,20,8:00pm-8:59pm,41.09884167,41.09884167,3,Dark - Lighted,-72.390375000,-72.390375000,6,Angle ,99999,Unknown,18,18,9,September,1,This section IS ON the NHS,20,8:00pm-8:59pm,18,18,0,3,0,3,0,,0000000,Not Applicable,2,County Highway Agency,0,No,2,Intersection,1,On Roadway,,,4,County Road,2,Urban,0,No,0,No Special Jurisdiction,New York,360539,36,CR-48,CHAPEL LN,3,T-Intersection,2,2,1,1,Clear,0,No Additional Atmospheric Conditions,Clear,0,None,2019
12,12:00pm-12:59pm,44,44,0,None,0,None,0,None,1676,EAST MARION,103,SUFFOLK (103),2016,30,3,Tuesday,0,1,3,Principal Arterial - Other,9,Pedalcyclist,13,1:00pm-1:59pm,21,21,12,12:00pm-12:59pm,41.13000556,41.13000556,1,Daylight,-72.330305560,-72.330305560,0,Not a Collision with Motor Vehicle In-Transport,0,None,41,41,8,August,1,This section IS ON the NHS,12,12:00pm-12:59pm,41,41,1,1,1,1,0,,0000000,Not Applicable,3,Town or Township Highway Agency,0,No,1,Non-Junction,2,On Shoulder,,,3,State Highway,1,Rural,0,No,0,No Special Jurisdiction,New York,360540,36,SR-25,,1,Not an Intersection,1,1,1,1,Clear,0,No Additional Atmospheric Conditions,Clear,0,None,2016
99,Unknown EMS Scene Arrival Hour,99,Unknown EMS Scene Arrival Minutes,0,None,0,None,0,None,3040,KINGS PARK,103,SUFFOLK (103),2018,24,6,Friday,0,1,7,Local,9,Pedalcyclist,99,Unknown,99,Unknown EMS Hospital Arrival Time,10,10:00am-10:59am,40.88486389,40.88486389,1,Daylight,-73.269138890,-73.269138890,0,Not a Collision with Motor Vehicle In-Transport,0,None,42,42,8,August,0,This section IS NOT on the NHS,99,Unknown,99,Unknown,1,2,1,2,0,,0000000,Not Applicable,2,County Highway Agency,0,No,1,Non-Junction,1,On Roadway,,,4,County Road,2,Urban,0,No,0,No Special Jurisdiction,New York,360540,36,CR-11,,1,Not an Intersection,1,1,1,1,Clear,0,No Additional Atmospheric Conditions,Clear,0,None,2018
9,9:00am-9:59am,43,43,0,None,0,None,0,None,1650,EAST HAMPTON,103,SUFFOLK (103),2018,9,1,Sunday,0,1,7,Local,12,Motor Vehicle In-Transport ,10,10:00am-10:59am,26,26,10,10:00am-10:59am,40.98961389,40.98961389,1,Daylight,-72.171730560,-72.171730560,6,Angle ,0,None,7,7,9,September,0,This section IS NOT on the NHS,9,9:00am-9:59am,41,41,0,2,0,2,0,,0000000,Not Applicable,2,County Highway Agency,0,No,1,Non-Junction,1,On Roadway,,,4,County Road,2,Urban,0,No,0,No Special Jurisdiction,New York,360541,36,CR-41 SPRINGS FIREPLACE RD,,1,Not an Intersection,2,2,10,10,Cloudy,0,No Additional Atmospheric Conditions,Cloudy,0,None,2018
99,Unknown EMS Scene Arrival Hour,99,Unknown EMS Scene Arrival Minutes,0,None,0,None,0,None,2920,ISLIP,103,SUFFOLK (103),2015,19,4,Wednesday,0,1,3,Principal Arterial - Other,1,Rollover/Overturn,99,Unknown,99,Unknown EMS Hospital Arrival Time,15,3:00pm-3:59pm,40.76874722,40.76874722,1,Daylight,-73.055438890,-73.055438890,0,Not a Collision with Motor Vehicle In-Transport,0,None,47,47,8,August,0,This section IS NOT on the NHS,99,Unknown,99,Unknown,0,1,0,1,0,,0000000,Not Applicable,3,Town or Township Highway Agency,0,No,1,Non-Junction,4,On Roadside,,,7,Local Street - Frontage Road,1,Rural,0,No,0,No Special Jurisdiction,New York,360543,36,SR-27 SERVICE RD,,1,Not an Intersection,1,1,1,1,Clear,0,No Additional Atmospheric Conditions,Clear,0,None,2015
99,Unknown EMS Scene Arrival Hour,99,Unknown EMS Scene Arrival Minutes,0,None,0,None,0,None,2920,ISLIP,103,SUFFOLK (103),2012,3,1,Sunday,0,1,,,42,Tree (Standing Only),99,Unknown,99,Unknown EMS Hospital Arrival Time,16,4:00pm-4:59pm,40.75592778,40.75592778,1,Daylight,-73.216011110,-73.216011110,0,Not a Collision with Motor Vehicle In-Transport,0,None,52,52,6,June,1,This section IS ON the NHS,99,Unknown,99,Unknown,0,2,0,2,0,,0000000,Not Applicable,,,0,No,1,Non-Junction,4,On Roadside,12,Urban-Principal Arterial-Other Freeways or Expressways,3,State Highway,,,0,No,0,No Special Jurisdiction,New York,360543,36,SR-908M,,1,Not an Intersection,1,1,10,10,Cloudy,0,No Additional Atmospheric Conditions,Cloudy,0,None,2012
17,5:00pm-5:59pm,45,45,0,None,0,None,0,None,2840,HUNTINGTON,103,SUFFOLK (103),2011,30,7,Saturday,0,1,,,12,Motor Vehicle In-Transport ,88,Not Applicable (Not Transported) ,88,Not Applicable (Not Transported),17,5:00pm-5:59pm,40.79003056,40.79003056,1,Daylight,-73.369444440,-73.369444440,99,Unknown,0,None,33,33,7,July,1,This section IS ON the NHS,17,5:00pm-5:59pm,41,41,0,2,0,2,0,,0000000,Not Applicable,,,0,No,1,Non-Junction,1,On Roadway,11,Urban-Principal Arterial-Interstate,1,Interstate,,,0,No,0,No Special Jurisdiction,New York,360545,36,I-495,,1,Not an Intersection,2,2,1,1,Clear,0,No Additional Atmospheric Conditions,Clear,0,None,2011
99,Unknown EMS Scene Arrival Hour,99,Unknown EMS Scene Arrival Minutes,0,None,0,None,0,None,705,BROOKHAVEN,103,SUFFOLK (103),2019,3,4,Wednesday,1,1,1,Interstate,52,Guardrail End,99,Unknown,99,Unknown EMS Hospital Arrival Time,21,9:00pm-9:59pm,40.81415000,40.81415000,3,Dark - Lighted,-73.104325000,-73.104325000,0,The First Harmful Event was Not a Collision with a Motor Vehicle in Transport,99999,Unknown,15,15,7,July,1,This section IS ON the NHS,99,Unknown,99,Unknown,0,1,0,1,0,,0000000,Not Applicable,1,State Highway Agency,0,No,1,Non-Junction,8,Gore,,,1,Interstate,2,Urban,0,No,0,No Special Jurisdiction,New York,360545,36,I-495,,1,Not an Intersection,1,1,1,1,Clear,0,No Additional Atmospheric Conditions,Clear,0,None,2019
16,4:00pm-4:59pm,15,15,0,None,0,None,0,None,5810,SOUTHAMPTON,103,SUFFOLK (103),2014,14,7,Saturday,1,1,,,14,Parked Motor Vehicle ,99,Unknown,99,Unknown EMS Hospital Arrival Time,16,4:00pm-4:59pm,40.87623056,40.87623056,1,Daylight,-72.433725000,-72.433725000,0,Not a Collision with Motor Vehicle In-Transport,0,None,13,13,6,June,0,This section IS NOT on the NHS,16,4:00pm-4:59pm,13,13,0,1,0,1,1,,0000000,Not Applicable,,,0,No,1,Non-Junction,2,On Shoulder,6,Rural-Local Road or Street,6,Local Street - Municipality,,,0,No,3,Indian Reservation,New York,360546,36,LITTLE BEACH RD,,1,Not an Intersection,1,2,1,1,Clear,0,No Additional Atmospheric Conditions,Clear,0,None,2014
99,Unknown EMS Scene Arrival Hour,99,Unknown EMS Scene Arrival Minutes,0,None,0,None,0,None,705,BROOKHAVEN,103,SUFFOLK (103),2019,8,2,Monday,1,3,5,Major Collector,30,Utility Pole/Light Support,88,Not Applicable (Not Transported) ,88,Not Applicable (Not Transported),23,11:00pm-11:59pm,40.92858611,40.92858611,3,Dark - Lighted,-73.001605560,-73.001605560,0,The First Harmful Event was Not a Collision with a Motor Vehicle in Transport,99999,Unknown,0,0,7,July,0,This section IS NOT on the NHS,99,Unknown,99,Unknown,0,3,0,3,0,,0000000,Not Applicable,3,Town or Township Highway Agency,0,No,1,Non-Junction,4,On Roadside,,,5,Local Street - Township,2,Urban,0,No,0,No Special Jurisdiction,New York,360547,36,MT SINAI CORAM RD,,1,Not an Intersection,1,1,1,1,Clear,0,No Additional Atmospheric Conditions,Clear,0,None,2019
99,Unknown EMS Scene Arrival Hour,99,Unknown EMS Scene Arrival Minutes,0,None,0,None,0,None,5769,SMITHTOWN,103,SUFFOLK (103),2019,14,1,Sunday,0,1,7,Local,8,Pedestrian,88,Not Applicable (Not Transported) ,88,Not Applicable (Not Transported),12,12:00pm-12:59pm,40.86984722,40.86984722,1,Daylight,-73.155241670,-73.155241670,0,The First Harmful Event was Not a Collision with a Motor Vehicle in Transport,0,None,21,21,7,July,0,This section IS NOT on the NHS,99,Unknown,99,Unknown,1,1,1,1,0,,0000000,Not Applicable,3,Town or Township Highway Agency,0,No,3,Intersection-Related ,1,On Roadway,,,5,Local Street - Township,2,Urban,0,No,0,No Special Jurisdiction,New York,360548,36,LAKE AVE,OAK ST,3,T-Intersection,1,1,1,1,Clear,0,No Additional Atmospheric Conditions,Clear,0,None,2019
99,Unknown EMS Scene Arrival Hour,99,Unknown EMS Scene Arrival Minutes,0,None,0,None,0,None,620,BRENTWOOD,103,SUFFOLK (103),2015,5,1,Sunday,0,1,7,Local,8,Pedestrian,99,Unknown,99,Unknown EMS Hospital Arrival Time,22,10:00pm-10:59pm,40.77663333,40.77663333,3,Dark - Lighted,-73.215125000,-73.215125000,0,Not a Collision with Motor Vehicle In-Transport,0,None,12,12,7,July,0,This section IS NOT on the NHS,99,Unknown,99,Unknown,1,2,1,2,0,,0000000,Not Applicable,3,Town or Township Highway Agency,0,No,1,Non-Junction,1,On Roadway,,,5,Local Street - Township,2,Urban,0,No,0,No Special Jurisdiction,New York,360548,36,ISLIP AVE,,1,Not an Intersection,1,1,1,1,Clear,0,No Additional Atmospheric Conditions,Clear,0,None,2015
23,11:00pm-11:59pm,0,0,0,None,0,None,0,None,360,BABYLON,103,SUFFOLK (103),2014,23,7,Saturday,0,5,,,42,Tree (Standing Only),99,Unknown,99,Unknown EMS Hospital Arrival Time,22,10:00pm-10:59pm,40.73320833,40.73320833,3,Dark - Lighted,-73.336625000,-73.336625000,0,Not a Collision with Motor Vehicle In-Transport,0,None,54,54,8,August,1,This section IS ON the NHS,22,10:00pm-10:59pm,54,54,0,5,0,5,0,,0000000,Not Applicable,,,0,No,1,Non-Junction,4,On Roadside,12,Urban-Principal Arterial-Other Freeways or Expressways,3,State Highway,,,0,No,0,No Special Jurisdiction,New York,360548,36,SR-908M,,1,Not an Intersection,1,1,1,1,Clear,0,No Additional Atmospheric Conditions,Clear,0,None,2014
99,Unknown EMS Scene Arrival Hour,99,Unknown EMS Scene Arrival Minutes,0,None,0,None,0,None,360,BABYLON,103,SUFFOLK (103),2019,16,3,Tuesday,1,1,7,Local,42,Tree (Standing Only),99,Unknown,99,Unknown EMS Hospital Arrival Time,1,1:00am-1:59am,40.77074722,40.77074722,3,Dark - Lighted,-73.327786110,-73.327786110,0,The First Harmful Event was Not a Collision with a Motor Vehicle in Transport,99999,Unknown,30,30,7,July,0,This section IS NOT on the NHS,99,Unknown,99,Unknown,0,1,0,1,0,,0000000,Not Applicable,3,Town or Township Highway Agency,0,No,1,Non-Junction,4,On Roadside,,,5,Local Street - Township,2,Urban,0,No,0,No Special Jurisdiction,New York,360549,36,LIBERTY ST,,1,Not an Intersection,1,1,1,1,Clear,0,No Additional Atmospheric Conditions,Clear,0,None,2019
6,6:00am-6:59am,2,2,0,None,0,None,0,None,6624,WEST ISLIP,103,SUFFOLK (103),2015,7,3,Tuesday,0,1,6,Minor Collector,12,Motor Vehicle In-Transport ,6,6:00am-6:59am,24,24,5,5:00am-5:59am,40.70623056,40.70623056,4,Dawn,-73.306561110,-73.306561110,2,Front-to-Front,0,None,56,56,7,July,0,This section IS NOT on the NHS,5,5:00am-5:59am,56,56,0,2,0,2,0,,0000000,Not Applicable,3,Town or Township Highway Agency,0,No,2,Intersection,1,On Roadway,,,5,Local Street - Township,2,Urban,0,No,0,No Special Jurisdiction,New York,360550,36,HIGBY LANE,UBION BLVD,2,Four-Way Intersection,2,2,1,1,Clear,0,No Additional Atmospheric Conditions,Clear,0,None,2015
99,Unknown EMS Scene Arrival Hour,99,Unknown EMS Scene Arrival Minutes,0,None,0,None,0,None,597,BOHEMIA,103,SUFFOLK (103),2019,22,2,Monday,0,1,3,Principal Arterial - Other,38,Fence,99,Unknown,99,Unknown EMS Hospital Arrival Time,6,6:00am-6:59am,40.75345000,40.75345000,1,Daylight,-73.120291670,-73.120291670,0,The First Harmful Event was Not a Collision with a Motor Vehicle in Transport,99999,Unknown,46,46,7,July,1,This section IS ON the NHS,99,Unknown,99,Unknown,0,2,0,2,5,,0000000,Not Applicable,1,State Highway Agency,0,No,1,Non-Junction,5,Outside Trafficway,,,3,State Highway,2,Urban,0,No,0,No Special Jurisdiction,New York,360551,36,SR-27,,1,Not an Intersection,1,6,1,1,Clear,0,No Additional Atmospheric Conditions,Clear,0,None,2019
8,8:00am-8:59am,22,22,0,None,0,None,0,None,2920,ISLIP,103,SUFFOLK (103),2016,22,4,Wednesday,0,1,2,Principal Arterial - Other Freeways and Expressways,12,Motor Vehicle In-Transport ,8,8:00am-8:59am,42,42,8,8:00am-8:59am,40.73662500,40.73662500,1,Daylight,-73.286877780,-73.286877780,7,Sideswipe - Same Direction,0,None,14,14,6,June,1,This section IS ON the NHS,8,8:00am-8:59am,15,15,0,2,0,2,0,,0000000,Not Applicable,1,State Highway Agency,0,No,20,Entrance/Exit Ramp,1,On Roadway,,,3,State Highway,1,Rural,0,No,0,No Special Jurisdiction,New York,360551,36,SR-908M SOUTHERN STATE PKWY,,1,Not an Intersection,2,2,1,1,Clear,0,No Additional Atmospheric Conditions,Clear,0,None,2016
21,9:00pm-9:59pm,43,43,0,None,0,None,0,None,705,BROOKHAVEN,103,SUFFOLK (103),2017,20,1,Sunday,1,2,7,Local,33,Curb,99,Unknown,99,Unknown EMS Hospital Arrival Time,21,9:00pm-9:59pm,40.80652500,40.80652500,3,Dark - Lighted,-72.758627780,-72.758627780,0,Not a Collision with Motor Vehicle In-Transport,0,None,32,32,8,August,0,This section IS NOT on the NHS,21,9:00pm-9:59pm,32,32,0,4,0,4,0,,0000000,Not Applicable,2,County Highway Agency,0,No,1,Non-Junction,4,On Roadside,,,4,County Road,2,Urban,0,No,0,No Special Jurisdiction,New York,360551,36,CR-80,,1,Not an Intersection,1,1,1,1,Clear,0,No Additional Atmospheric Conditions,Clear,0,None,2017
99,Unknown EMS Scene Arrival Hour,99,Unknown EMS Scene Arrival Minutes,0,None,0,None,0,None,2920,ISLIP,103,SUFFOLK (103),2019,28,1,Sunday,0,1,7,Local,8,Pedestrian,88,Not Applicable (Not Transported) ,88,Not Applicable (Not Transported),21,9:00pm-9:59pm,40.75285000,40.75285000,2,Dark - Not Lighted,-73.124230560,-73.124230560,0,The First Harmful Event was Not a Collision with a Motor Vehicle in Transport,99999,Unknown,48,48,7,July,0,This section IS NOT on the NHS,99,Unknown,99,Unknown,1,2,1,2,0,,0000000,Not Applicable,3,Town or Township Highway Agency,0,No,1,Non-Junction,1,On Roadway,,,5,Local Street - Township,2,Urban,0,No,0,No Special Jurisdiction,New York,360552,36,OAKDALE BOHEMIA RD,,1,Not an Intersection,1,1,1,1,Clear,0,No Additional Atmospheric Conditions,Clear,0,None,2019
99,Unknown EMS Scene Arrival Hour,99,Unknown EMS Scene Arrival Minutes,0,None,0,None,0,None,5675,SHIRLEY,103,SUFFOLK (103),2015,7,3,Tuesday,0,1,4,Minor Arterial,12,Motor Vehicle In-Transport ,99,Unknown,99,Unknown EMS Hospital Arrival Time,16,4:00pm-4:59pm,40.80064167,40.80064167,1,Daylight,-72.880088890,-72.880088890,6,Angle ,0,None,55,55,7,July,0,This section IS NOT on the NHS,99,Unknown,99,Unknown,0,10,0,10,0,,0000000,Not Applicable,2,County Highway Agency,0,No,1,Non-Junction,1,On Roadway,,,4,County Road,2,Urban,0,No,0,No Special Jurisdiction,New York,360552,36,CR-80,,1,Not an Intersection,2,2,1,1,Clear,0,No Additional Atmospheric Conditions,Clear,0,None,2015
99,Unknown EMS Scene Arrival Hour,99,Unknown EMS Scene Arrival Minutes,0,None,0,None,0,None,705,BROOKHAVEN,103,SUFFOLK (103),2015,19,1,Sunday,0,1,3,Principal Arterial - Other,8,Pedestrian,99,Unknown,99,Unknown EMS Hospital Arrival Time,2,2:00am-2:59am,40.77399167,40.77399167,3,Dark - Lighted,-73.007683330,-73.007683330,0,Not a Collision with Motor Vehicle In-Transport,0,None,4,4,7,July,1,This section IS ON the NHS,99,Unknown,99,Unknown,1,1,1,1,0,,0000000,Not Applicable,4,City or Municipal Highway Agency,0,No,2,Intersection,1,On Roadway,,,3,State Highway,2,Urban,0,No,0,No Special Jurisdiction,New York,360553,36,SR-112,SYCAMORE ST,3,T-Intersection,1,1,1,1,Clear,0,No Additional Atmospheric Conditions,Clear,0,None,2015
99,Unknown EMS Scene Arrival Hour,99,Unknown EMS Scene Arrival Minutes,0,None,0,None,0,None,360,BABYLON,103,SUFFOLK (103),2019,29,2,Monday,0,1,3,Principal Arterial - Other,8,Pedestrian,99,Unknown,99,Unknown EMS Hospital Arrival Time,13,1:00pm-1:59pm,40.74114722,40.74114722,1,Daylight,-73.321347220,-73.321347220,0,The First Harmful Event was Not a Collision with a Motor Vehicle in Transport,99999,Unknown,4,4,7,July,1,This section IS ON the NHS,99,Unknown,99,Unknown,2,1,2,1,0,,0000000,Not Applicable,1,State Highway Agency,0,No,4,Driveway Access,1,On Roadway,,,3,State Highway,2,Urban,0,No,0,No Special Jurisdiction,New York,360553,36,SR-231,,1,Not an Intersection,1,1,1,1,Clear,0,No Additional Atmospheric Conditions,Clear,0,None,2019
99,Unknown EMS Scene Arrival Hour,99,Unknown EMS Scene Arrival Minutes,0,None,0,None,0,None,1039,CENTEREACH,103,SUFFOLK (103),2017,10,2,Monday,0,1,7,Local,12,Motor Vehicle In-Transport ,99,Unknown,99,Unknown EMS Hospital Arrival Time,21,9:00pm-9:59pm,40.86366944,40.86366944,3,Dark - Lighted,-73.092594440,-73.092594440,6,Angle ,0,None,47,47,7,July,0,This section IS NOT on the NHS,99,Unknown,99,Unknown,0,2,0,2,0,,0000000,Not Applicable,4,City or Municipal Highway Agency,0,No,2,Intersection,1,On Roadway,,,6,Local Street - Municipality,1,Rural,0,No,0,No Special Jurisdiction,New York,360553,36,N WASHINGTON AVE,GOULD RD,2,Four-Way Intersection,2,2,1,1,Clear,0,No Additional Atmospheric Conditions,Clear,0,None,2017
99,Unknown EMS Scene Arrival Hour,99,Unknown EMS Scene Arrival Minutes,14,"Motor Vehicle struck by falling cargo,or something that came loose from or something that was set in motion by a vehicle",0,None,0,None,5769,SMITHTOWN,103,SUFFOLK (103),2011,12,3,Tuesday,1,1,,,12,Motor Vehicle In-Transport ,99,Unknown,99,Unknown EMS Hospital Arrival Time,17,5:00pm-5:59pm,40.84629167,40.84629167,1,Daylight,-73.266336110,-73.266336110,6,Angle ,0,None,44,44,7,July,1,This section IS ON the NHS,99,Unknown,99,Unknown,0,3,0,3,1,,0000000,Not Applicable,,,0,No,8,Driveway Access Related,1,On Roadway,13,Urban-Other Principal Arterial,3,State Highway,,,0,No,0,No Special Jurisdiction,New York,360553,36,SR-25,KINGS PARK RD,1,Not an Intersection,3,4,1,1,Clear,0,No Additional Atmospheric Conditions,Clear,0,None,2011
19,7:00pm-7:59pm,46,46,0,None,0,None,0,None,360,BABYLON,103,SUFFOLK (103),2011,7,5,Thursday,0,1,,,9,Pedalcyclist,20,8:00pm-8:59pm,4,4,19,7:00pm-7:59pm,40.74301389,40.74301389,1,Daylight,-73.193944440,-73.193944440,0,Not a Collision with Motor Vehicle In-Transport,0,None,40,40,7,July,1,This section IS ON the NHS,19,7:00pm-7:59pm,41,41,1,1,1,1,0,,0000000,Not Applicable,,,0,No,3,Intersection-Related ,1,On Roadway,13,Urban-Other Principal Arterial,3,State Highway,,,0,No,0,No Special Jurisdiction,New York,360554,36,SR-27,BAYVIEW AVE,2,Four-Way Intersection,1,1,1,1,Clear,0,No Additional Atmospheric Conditions,Clear,0,None,2011