ARR_HOUR,ARR_HOURNAME,ARR_MIN,ARR_MINNAME,CF1,CF1NAME,CF2,CF2NAME,CF3,CF3NAME,CITY,CITYNAME,COUNTY,COUNTYNAME,CaseYear,DAY,DAY_WEEK,DAY_WEEKNAME,DRUNK_DR,FATALS,FUNC_SYS,FUNC_SYSNAME,HARM_EV,HARM_EVNAME,HOSP_HR,HOSP_HRNAME,HOSP_MN,HOSP_MNNAME,HOUR,HOURNAME,LATITUDE,LATITUDENAME,LGT_COND,LGT_CONDNAME,LONGITUD,LONGITUDNAME,MAN_COLL,MAN_COLLNAME,MILEPT,MILEPTNAME,MINUTE,MINUTENAME,MONTH,MonthName,NHS,NHSNAME,NOT_HOUR,NOT_HOURNAME,NOT_MIN,NOT_MINNAME,PEDS,PERMVIT,PERNOTMVIT,PERSONS,PVH_INVL,ParkWorks,RAIL,RAILNAME,RD_OWNER,RD_OWNERNAME,RELJCT1,RELJCT1NAME,RELJCT2,RELJCT2NAME,REL_ROAD,REL_ROADNAME,ROAD_FNC,ROAD_FNCNAME,ROUTE,ROUTENAME,RUR_URB,RUR_URBNAME,SCH_BUS,SCH_BUSNAME,SP_JUR,SP_JURNAME,STATENAME,ST_CASE,State,TWAY_ID,TWAY_ID2,TYP_INT,TYP_INTNAME,VE_FORMS,VE_TOTAL,WEATHER,WEATHER1,WEATHER1NAME,WEATHER2,WEATHER2NAME,WEATHERNAME,WRK_ZONE,WRK_ZONENAME,YEAR
11,11:00am-11:59am,23,23,0,None,0,None,0,None,2840,HUNTINGTON,103,SUFFOLK (103),2012,2,5,Thursday,0,1,,,12,Motor Vehicle In-Transport ,11,11:00am-11:59am,50,50,11,11:00am-11:59am,40.81129722,40.81129722,1,Daylight,-73.392850000,-73.392850000,7,Sideswipe - Same Direction,0,None,19,19,8,August,1,This section IS ON the NHS,11,11:00am-11:59am,19,19,0,5,0,5,0,,0000000,Not Applicable,,,0,No,1,Non-Junction,1,On Roadway,13,Urban-Other Principal Arterial,3,State Highway,,,0,No,0,No Special Jurisdiction,New York,360615,36,SR-908G,,1,Not an Intersection,2,2,1,1,Clear,0,No Additional Atmospheric Conditions,Clear,0,None,2012
0,0:00am-0:59am,33,33,0,None,0,None,0,None,5870,SOUTHOLD,103,SUFFOLK (103),2014,18,5,Thursday,1,1,,,42,Tree (Standing Only),99,Unknown,99,Unknown EMS Hospital Arrival Time,0,0:00am-0:59am,41.15581667,41.15581667,2,Dark - Not Lighted,-72.241661110,-72.241661110,0,Not a Collision with Motor Vehicle In-Transport,0,None,25,25,9,September,0,This section IS NOT on the NHS,0,0:00am-0:59am,25,25,0,2,0,2,0,,0000000,Not Applicable,,,0,No,1,Non-Junction,5,Outside Trafficway,6,Rural-Local Road or Street,6,Local Street - Municipality,,,0,No,0,No Special Jurisdiction,New York,360615,36,POINT RD,,1,Not an Intersection,1,1,1,1,Clear,0,No Additional Atmospheric Conditions,Clear,0,None,2014
20,8:00pm-8:59pm,4,4,0,None,0,None,0,None,5870,SOUTHOLD,103,SUFFOLK (103),2014,18,5,Thursday,0,1,,,8,Pedestrian,20,8:00pm-8:59pm,30,30,19,7:00pm-7:59pm,41.09620278,41.09620278,3,Dark - Lighted,-72.396191670,-72.396191670,0,Not a Collision with Motor Vehicle In-Transport,0,None,45,45,9,September,0,This section IS NOT on the NHS,19,7:00pm-7:59pm,52,52,1,1,1,1,0,,0000000,Not Applicable,,,0,No,1,Non-Junction,1,On Roadway,2,Rural-Principal Arterial-Other,3,State Highway,,,0,No,0,No Special Jurisdiction,New York,360617,36,SR-48,,1,Not an Intersection,1,1,1,1,Clear,0,No Additional Atmospheric Conditions,Clear,0,None,2014
16,4:00pm-4:59pm,27,27,0,None,0,None,0,None,705,BROOKHAVEN,103,SUFFOLK (103),2011,27,7,Saturday,0,1,,,12,Motor Vehicle In-Transport ,99,Unknown,99,Unknown EMS Hospital Arrival Time,16,4:00pm-4:59pm,40.78840556,40.78840556,1,Daylight,-72.948230560,-72.948230560,1,Front-to-Rear ,0,None,22,22,8,August,1,This section IS ON the NHS,16,4:00pm-4:59pm,24,24,0,3,0,3,0,,0000000,Not Applicable,,,0,No,1,Non-Junction,1,On Roadway,13,Urban-Other Principal Arterial,3,State Highway,,,0,No,0,No Special Jurisdiction,New York,360617,36,SR-27,,1,Not an Intersection,3,3,2,2,Rain,0,No Additional Atmospheric Conditions,Rain,0,None,2011
13,1:00pm-1:59pm,15,15,0,None,0,None,0,None,705,BROOKHAVEN,103,SUFFOLK (103),2018,26,4,Wednesday,0,1,3,Principal Arterial - Other,8,Pedestrian,13,1:00pm-1:59pm,40,40,13,1:00pm-1:59pm,40.75703056,40.75703056,1,Daylight,-72.872183330,-72.872183330,0,Not a Collision with Motor Vehicle In-Transport,0,None,10,10,9,September,1,This section IS ON the NHS,13,1:00pm-1:59pm,10,10,1,1,1,1,0,,0000000,Not Applicable,3,Town or Township Highway Agency,0,No,3,Intersection-Related ,1,On Roadway,,,4,County Road,2,Urban,0,No,0,No Special Jurisdiction,New York,360617,36,CR-46,BRUSHWOOD DR,3,T-Intersection,1,1,10,10,Cloudy,0,No Additional Atmospheric Conditions,Cloudy,0,None,2018
19,7:00pm-7:59pm,38,38,0,None,0,None,0,None,705,BROOKHAVEN,103,SUFFOLK (103),2018,20,5,Thursday,0,1,7,Local,42,Tree (Standing Only),20,8:00pm-8:59pm,0,0,19,7:00pm-7:59pm,40.77065556,40.77065556,3,Dark - Lighted,-72.836613890,-72.836613890,0,Not a Collision with Motor Vehicle In-Transport,99998,Not Reported,34,34,9,September,0,This section IS NOT on the NHS,19,7:00pm-7:59pm,38,38,0,1,0,1,0,,0000000,Not Applicable,3,Town or Township Highway Agency,0,No,1,Non-Junction,4,On Roadside,,,5,Local Street - Township,1,Rural,0,No,0,No Special Jurisdiction,New York,360618,36,WOODLAND DR,,1,Not an Intersection,1,1,1,1,Clear,0,No Additional Atmospheric Conditions,Clear,0,None,2018
1,1:00am-1:59am,39,39,0,None,0,None,0,None,2920,ISLIP,103,SUFFOLK (103),2015,12,1,Sunday,1,3,2,Principal Arterial - Other Freeways and Expressways,12,Motor Vehicle In-Transport ,99,Unknown,99,Unknown EMS Hospital Arrival Time,1,1:00am-1:59am,40.73698333,40.73698333,2,Dark - Not Lighted,-73.286086110,-73.286086110,1,Front-to-Rear ,0,None,29,29,7,July,1,This section IS ON the NHS,1,1:00am-1:59am,32,32,0,7,0,7,0,,0000000,Not Applicable,1,State Highway Agency,1,Yes,18,Through Roadway,1,On Roadway,,,3,State Highway,2,Urban,0,No,0,No Special Jurisdiction,New York,360618,36,SR-908M SOUTHERN STATE PKWY,,1,Not an Intersection,2,2,1,1,Clear,0,No Additional Atmospheric Conditions,Clear,0,None,2015
11,11:00am-11:59am,30,30,14,"Motor Vehicle struck by falling cargo,or something that came loose from or something that was set in motion by a vehicle",0,None,0,None,5210,RIVERHEAD,103,SUFFOLK (103),2014,18,5,Thursday,0,1,,,12,Motor Vehicle In-Transport ,12,12:00pm-12:59pm,23,23,11,11:00am-11:59am,40.95470556,40.95470556,1,Daylight,-72.785886110,-72.785886110,2,Front-to-Front,0,None,17,17,9,September,0,This section IS NOT on the NHS,11,11:00am-11:59am,17,17,0,4,0,4,0,,0000000,Not Applicable,,,0,No,2,Intersection,1,On Roadway,6,Rural-Local Road or Street,6,Local Street - Municipality,,,0,No,0,No Special Jurisdiction,New York,360618,36,SOUND AVE,FRESH POND AVE,3,T-Intersection,3,3,1,1,Clear,0,No Additional Atmospheric Conditions,Clear,0,None,2014
99,Unknown EMS Scene Arrival Hour,99,Unknown EMS Scene Arrival Minutes,0,None,0,None,0,None,3933,MOUNT SINAI,103,SUFFOLK (103),2016,16,6,Friday,1,1,7,Local,30,Utility Pole/Light Support,88,Not Applicable (Not Transported) ,88,Not Applicable (Not Transported),23,11:00pm-11:59pm,40.94886667,40.94886667,3,Dark - Lighted,-73.020408330,-73.020408330,0,Not a Collision with Motor Vehicle In-Transport,0,None,5,5,9,September,0,This section IS NOT on the NHS,99,Unknown,99,Unknown,0,1,0,1,0,,0000000,Not Applicable,3,Town or Township Highway Agency,0,No,1,Non-Junction,4,On Roadside,,,5,Local Street - Township,2,Urban,0,No,0,No Special Jurisdiction,New York,360619,36,N COUNTRY RD,,1,Not an Intersection,1,1,10,10,Cloudy,0,No Additional Atmospheric Conditions,Cloudy,0,None,2016
99,Unknown EMS Scene Arrival Hour,99,Unknown EMS Scene Arrival Minutes,0,None,0,None,0,None,5769,SMITHTOWN,103,SUFFOLK (103),2010,23,4,Wednesday,1,1,,,12,Motor Vehicle In-Transport ,99,Unknown,99,Unknown EMS Hospital Arrival Time,20,8:00pm-8:59pm,40.90673333,40.90673333,1,Daylight,-73.279408330,-73.279408330,6,Angle ,0,None,18,18,6,June,1,This section IS ON the NHS,99,Unknown,99,Unknown,0,,,4,,,0000000,Not Applicable,,,0,No,2,Intersection,1,On Roadway,2,Rural-Principal Arterial-Other,3,State Highway,,,0,No,0,No Special Jurisdiction,New York,360621,36,SR-25A,HASTINGS DR,3,T-Intersection,2,2,1,1,Clear,0,No Additional Atmospheric Conditions,Clear,0,None,2010
99,Unknown EMS Scene Arrival Hour,99,Unknown EMS Scene Arrival Minutes,0,None,0,None,0,None,3270,LINDENHURST,103,SUFFOLK (103),2010,14,4,Wednesday,1,1,,,30,Utility Pole/Light Support,99,Unknown,99,Unknown EMS Hospital Arrival Time,0,0:00am-0:59am,40.69688889,40.69688889,3,Dark - Lighted,-73.385136110,-73.385136110,0,Not a Collision with Motor Vehicle In-Transport,0,None,4,4,7,July,1,This section IS ON the NHS,99,Unknown,99,Unknown,0,,,1,,,0000000,Not Applicable,,,0,No,3,Intersection-Related ,4,On Roadside,13,Urban-Other Principal Arterial,3,State Highway,,,0,No,0,No Special Jurisdiction,New York,360622,36,SR-27,44TH ST,4,Y-Intersection,1,3,10,10,Cloudy,0,No Additional Atmospheric Conditions,Cloudy,0,None,2010
2,2:00am-2:59am,31,31,0,None,0,None,0,None,360,BABYLON,103,SUFFOLK (103),2010,10,3,Tuesday,0,1,,,30,Utility Pole/Light Support,2,2:00am-2:59am,59,59,2,2:00am-2:59am,40.69513611,40.69513611,3,Dark - Lighted,-73.343952780,-73.343952780,0,Not a Collision with Motor Vehicle In-Transport,0,None,25,25,8,August,0,This section IS NOT on the NHS,2,2:00am-2:59am,28,28,0,,,2,,,0000000,Not Applicable,,,0,No,2,Intersection,4,On Roadside,16,Urban-Local Road or Street,5,Local Street - Township,,,0,No,0,No Special Jurisdiction,New York,360623,36,GREAT EAST NECK RD,RAILROAD AVE,2,Four-Way Intersection,1,1,1,1,Clear,0,No Additional Atmospheric Conditions,Clear,0,None,2010
6,6:00am-6:59am,4,4,0,None,0,None,0,None,5810,SOUTHAMPTON,103,SUFFOLK (103),2019,29,1,Sunday,0,1,2,Principal Arterial - Other Freeways and Expressways,24,Guardrail Face,6,6:00am-6:59am,43,43,5,5:00am-5:59am,40.88220833,40.88220833,2,Dark - Not Lighted,-72.531272220,-72.531272220,0,The First Harmful Event was Not a Collision with a Motor Vehicle in Transport,0,None,51,51,9,September,1,This section IS ON the NHS,5,5:00am-5:59am,51,51,0,1,0,1,0,,0000000,Not Applicable,1,State Highway Agency,1,Yes,5,Entrance/Exit Ramp Related,4,On Roadside,,,3,State Highway,1,Rural,0,No,0,No Special Jurisdiction,New York,360623,36,SR-27 SUNRISE HWY RAMP,,1,Not an Intersection,1,1,10,10,Cloudy,0,No Additional Atmospheric Conditions,Cloudy,0,None,2019
21,9:00pm-9:59pm,26,26,0,None,0,None,0,None,1963,FARMINGVILLE,103,SUFFOLK (103),2015,20,7,Saturday,0,1,6,Minor Collector,8,Pedestrian,21,9:00pm-9:59pm,38,38,21,9:00pm-9:59pm,40.83014444,40.83014444,3,Dark - Lighted,-73.021802780,-73.021802780,0,Not a Collision with Motor Vehicle In-Transport,0,None,20,20,6,June,0,This section IS NOT on the NHS,21,9:00pm-9:59pm,22,22,1,1,1,1,0,,0000000,Not Applicable,2,County Highway Agency,0,No,1,Non-Junction,1,On Roadway,,,4,County Road,2,Urban,0,No,0,No Special Jurisdiction,New York,360624,36,CR-16,,1,Not an Intersection,1,1,10,10,Cloudy,0,No Additional Atmospheric Conditions,Cloudy,0,None,2015
22,10:00pm-10:59pm,0,0,0,None,0,None,0,None,2577,HAUPPAUGE,103,SUFFOLK (103),2011,4,5,Thursday,0,1,,,8,Pedestrian,88,Not Applicable (Not Transported) ,88,Not Applicable (Not Transported),21,9:00pm-9:59pm,40.82118056,40.82118056,2,Dark - Not Lighted,-73.204822220,-73.204822220,0,Not a Collision with Motor Vehicle In-Transport,0,None,55,55,8,August,1,This section IS ON the NHS,21,9:00pm-9:59pm,58,58,1,1,1,1,0,,0000000,Not Applicable,,,0,No,1,Non-Junction,1,On Roadway,2,Rural-Principal Arterial-Other,3,State Highway,,,0,No,0,No Special Jurisdiction,New York,360624,36,SR-454,,1,Not an Intersection,1,1,10,10,Cloudy,0,No Additional Atmospheric Conditions,Cloudy,0,None,2011
99,Unknown EMS Scene Arrival Hour,99,Unknown EMS Scene Arrival Minutes,0,None,0,None,0,None,705,BROOKHAVEN,103,SUFFOLK (103),2011,6,7,Saturday,0,1,,,50,Bridge Overhead Structure,99,Unknown,99,Unknown EMS Hospital Arrival Time,5,5:00am-5:59am,40.82225278,40.82225278,4,Dawn,-72.820988890,-72.820988890,0,Not a Collision with Motor Vehicle In-Transport,0,None,32,32,8,August,1,This section IS ON the NHS,99,Unknown,99,Unknown,0,1,0,1,0,,0000000,Not Applicable,,,0,No,1,Non-Junction,3,On Median,12,Urban-Principal Arterial-Other Freeways or Expressways,3,State Highway,,,0,No,0,No Special Jurisdiction,New York,360625,36,SR-27,,1,Not an Intersection,1,1,1,1,Clear,0,No Additional Atmospheric Conditions,Clear,0,None,2011
8,8:00am-8:59am,0,0,0,None,0,None,0,None,620,BRENTWOOD,103,SUFFOLK (103),2015,24,4,Wednesday,0,1,7,Local,9,Pedalcyclist,8,8:00am-8:59am,42,42,7,7:00am-7:59am,40.80509722,40.80509722,1,Daylight,-73.248616670,-73.248616670,0,Not a Collision with Motor Vehicle In-Transport,0,None,45,45,6,June,0,This section IS NOT on the NHS,7,7:00am-7:59am,47,47,1,1,1,1,0,,0000000,Not Applicable,3,Town or Township Highway Agency,0,No,2,Intersection,1,On Roadway,,,5,Local Street - Township,2,Urban,0,No,0,No Special Jurisdiction,New York,360625,36,EXPRESS DR S,WASHINGTON AVE,2,Four-Way Intersection,1,1,1,1,Clear,0,No Additional Atmospheric Conditions,Clear,0,None,2015
99,Unknown EMS Scene Arrival Hour,99,Unknown EMS Scene Arrival Minutes,0,None,0,None,0,None,2920,ISLIP,103,SUFFOLK (103),2015,21,1,Sunday,1,1,4,Minor Arterial,12,Motor Vehicle In-Transport ,99,Unknown,99,Unknown EMS Hospital Arrival Time,18,6:00pm-6:59pm,40.71981389,40.71981389,1,Daylight,-73.250491670,-73.250491670,1,Front-to-Rear ,0,None,35,35,6,June,0,This section IS NOT on the NHS,99,Unknown,99,Unknown,0,3,0,3,0,,0000000,Not Applicable,1,State Highway Agency,0,No,2,Intersection,1,On Roadway,,,3,State Highway,2,Urban,0,No,0,No Special Jurisdiction,New York,360626,36,SR-27A MAIN ST,SMITH AVE,3,T-Intersection,2,2,10,10,Cloudy,0,No Additional Atmospheric Conditions,Cloudy,0,None,2015
99,Unknown EMS Scene Arrival Hour,99,Unknown EMS Scene Arrival Minutes,0,None,0,None,0,None,705,BROOKHAVEN,103,SUFFOLK (103),2011,12,6,Friday,0,1,,,8,Pedestrian,99,Unknown,99,Unknown EMS Hospital Arrival Time,9,9:00am-9:59am,40.76068333,40.76068333,1,Daylight,-72.871455560,-72.871455560,0,Not a Collision with Motor Vehicle In-Transport,0,None,40,40,8,August,1,This section IS ON the NHS,99,Unknown,99,Unknown,1,1,1,1,0,,0000000,Not Applicable,,,0,No,2,Intersection,1,On Roadway,12,Urban-Principal Arterial-Other Freeways or Expressways,4,County Road,,,0,No,0,No Special Jurisdiction,New York,360626,36,CR-46,HAVENWOOD DR,2,Four-Way Intersection,1,1,1,1,Clear,0,No Additional Atmospheric Conditions,Clear,0,None,2011
17,5:00pm-5:59pm,51,51,0,None,0,None,0,None,2920,ISLIP,103,SUFFOLK (103),2010,17,3,Tuesday,0,1,,,9,Pedalcyclist,99,Unknown,99,Unknown EMS Hospital Arrival Time,17,5:00pm-5:59pm,40.78356389,40.78356389,1,Daylight,-73.246202780,-73.246202780,0,Not a Collision with Motor Vehicle In-Transport,0,None,49,49,8,August,0,This section IS NOT on the NHS,17,5:00pm-5:59pm,50,50,1,,,3,,,0000000,Not Applicable,,,0,No,2,Intersection,1,On Roadway,16,Urban-Local Road or Street,5,Local Street - Township,,,0,No,0,No Special Jurisdiction,New York,360626,36,WASHINGTON AVE,TAFT ST,3,T-Intersection,1,1,1,1,Clear,0,No Additional Atmospheric Conditions,Clear,0,None,2010
99,Unknown EMS Scene Arrival Hour,99,Unknown EMS Scene Arrival Minutes,0,None,0,None,0,None,705,BROOKHAVEN,103,SUFFOLK (103),2011,14,1,Sunday,0,1,,,8,Pedestrian,88,Not Applicable (Not Transported) ,88,Not Applicable (Not Transported),1,1:00am-1:59am,40.85978611,40.85978611,3,Dark - Lighted,-73.112297220,-73.112297220,0,Not a Collision with Motor Vehicle In-Transport,0,None,40,40,8,August,1,This section IS ON the NHS,99,Unknown,99,Unknown,1,1,1,1,0,,0000000,Not Applicable,,,0,No,3,Intersection-Related ,1,On Roadway,13,Urban-Other Principal Arterial,3,State Highway,,,0,No,0,No Special Jurisdiction,New York,360628,36,SR-25,HAWKINS AVE,1,Not an Intersection,1,1,10,10,Cloudy,0,No Additional Atmospheric Conditions,Cloudy,0,None,2011
99,Unknown EMS Scene Arrival Hour,99,Unknown EMS Scene Arrival Minutes,0,None,0,None,0,None,2840,HUNTINGTON,103,SUFFOLK (103),2011,21,1,Sunday,0,1,,,30,Utility Pole/Light Support,99,Unknown,99,Unknown EMS Hospital Arrival Time,3,3:00am-3:59am,40.87513611,40.87513611,3,Dark - Lighted,-73.434805560,-73.434805560,0,Not a Collision with Motor Vehicle In-Transport,0,None,45,45,8,August,0,This section IS NOT on the NHS,99,Unknown,99,Unknown,0,1,0,1,0,,0000000,Not Applicable,,,0,No,1,Non-Junction,4,On Roadside,6,Rural-Local Road or Street,5,Local Street - Township,,,0,No,0,No Special Jurisdiction,New York,360630,36,W NECK RD,,1,Not an Intersection,1,1,1,1,Clear,0,No Additional Atmospheric Conditions,Clear,0,None,2011
99,Unknown EMS Scene Arrival Hour,99,Unknown EMS Scene Arrival Minutes,0,None,0,None,0,None,3715,MIDDLE ISLAND,103,SUFFOLK (103),2018,22,7,Saturday,0,1,3,Principal Arterial - Other,9,Pedalcyclist,99,Unknown,99,Unknown EMS Hospital Arrival Time,4,4:00am-4:59am,40.88586667,40.88586667,3,Dark - Lighted,-72.924641670,-72.924641670,0,Not a Collision with Motor Vehicle In-Transport,0,None,22,22,9,September,1,This section IS ON the NHS,99,Unknown,99,Unknown,1,1,1,1,0,,0000000,Not Applicable,1,State Highway Agency,0,No,1,Non-Junction,2,On Shoulder,,,3,State Highway,1,Rural,0,No,0,No Special Jurisdiction,New York,360632,36,SR-25,,1,Not an Intersection,1,1,10,10,Cloudy,0,No Additional Atmospheric Conditions,Cloudy,0,None,2018
16,4:00pm-4:59pm,20,20,0,None,0,None,0,None,5255,ROCKY POINT,103,SUFFOLK (103),2016,22,5,Thursday,0,1,4,Minor Arterial,12,Motor Vehicle In-Transport ,17,5:00pm-5:59pm,20,20,16,4:00pm-4:59pm,40.94528333,40.94528333,1,Daylight,-72.941466670,-72.941466670,6,Angle ,0,None,16,16,9,September,0,This section IS NOT on the NHS,16,4:00pm-4:59pm,16,16,0,4,0,4,0,,0000000,Not Applicable,1,State Highway Agency,0,No,2,Intersection,1,On Roadway,,,3,State Highway,2,Urban,0,No,0,No Special Jurisdiction,New York,360632,36,SR-25A,HALLOCK LANDING RD,2,Four-Way Intersection,2,2,1,1,Clear,0,No Additional Atmospheric Conditions,Clear,0,None,2016
11,11:00am-11:59am,52,52,0,None,0,None,0,None,4025,NESCONSET,103,SUFFOLK (103),2016,13,3,Tuesday,0,1,4,Minor Arterial,15,Non-Motorist on Personal Conveyance,99,Unknown,99,Unknown EMS Hospital Arrival Time,11,11:00am-11:59am,40.90025000,40.90025000,1,Daylight,-72.867675000,-72.867675000,0,Not a Collision with Motor Vehicle In-Transport,0,None,50,50,9,September,0,This section IS NOT on the NHS,11,11:00am-11:59am,50,50,1,1,1,1,0,,0000000,Not Applicable,2,County Highway Agency,0,No,3,Intersection-Related ,1,On Roadway,,,4,County Road,2,Urban,0,No,0,No Special Jurisdiction,New York,360635,36,CR-25,PLEASANT VIEW RD,3,T-Intersection,1,1,1,1,Clear,0,No Additional Atmospheric Conditions,Clear,0,None,2016
6,6:00am-6:59am,12,12,0,None,0,None,0,None,2840,HUNTINGTON,103,SUFFOLK (103),2019,5,7,Saturday,0,1,1,Interstate,24,Guardrail Face,88,Not Applicable (Not Transported) ,88,Not Applicable (Not Transported),6,6:00am-6:59am,40.78512222,40.78512222,3,Dark - Lighted,-73.395286110,-73.395286110,0,The First Harmful Event was Not a Collision with a Motor Vehicle in Transport,0,None,4,4,10,October,1,This section IS ON the NHS,6,6:00am-6:59am,4,4,0,1,0,1,0,,0000000,Not Applicable,1,State Highway Agency,0,No,1,Non-Junction,4,On Roadside,,,1,Interstate,1,Rural,0,No,0,No Special Jurisdiction,New York,360635,36,I-495 LONG ISLAND EXPY,,1,Not an Intersection,1,1,1,1,Clear,0,No Additional Atmospheric Conditions,Clear,0,None,2019
6,6:00am-6:59am,58,58,0,None,0,None,0,None,5810,SOUTHAMPTON,103,SUFFOLK (103),2018,10,4,Wednesday,0,1,3,Principal Arterial - Other,12,Motor Vehicle In-Transport ,7,7:00am-7:59am,25,25,6,6:00am-6:59am,40.89624444,40.89624444,4,Dawn,-72.416625000,-72.416625000,2,Front-to-Front,0,None,50,50,10,October,1,This section IS ON the NHS,6,6:00am-6:59am,50,50,0,2,0,2,0,,0000000,Not Applicable,1,State Highway Agency,0,No,8,Driveway Access Related,1,On Roadway,,,3,State Highway,2,Urban,0,No,0,No Special Jurisdiction,New York,360638,36,SR-27,,1,Not an Intersection,2,2,1,1,Clear,0,No Additional Atmospheric Conditions,Clear,0,None,2018
99,Unknown EMS Scene Arrival Hour,99,Unknown EMS Scene Arrival Minutes,0,None,0,None,0,None,360,BABYLON,103,SUFFOLK (103),2019,6,3,Tuesday,0,1,7,Local,14,Parked Motor Vehicle ,99,Unknown,99,Unknown EMS Hospital Arrival Time,13,1:00pm-1:59pm,40.69753056,40.69753056,1,Daylight,-73.374219440,-73.374219440,0,The First Harmful Event was Not a Collision with a Motor Vehicle in Transport,0,None,35,35,8,August,0,This section IS NOT on the NHS,99,Unknown,99,Unknown,0,1,0,1,2,,0000000,Not Applicable,3,Town or Township Highway Agency,0,No,1,Non-Junction,7,In Parking Lane/Zone,,,5,Local Street - Township,2,Urban,0,No,0,No Special Jurisdiction,New York,360646,36,N DELAWARE AVE,,1,Not an Intersection,1,3,10,10,Cloudy,0,No Additional Atmospheric Conditions,Cloudy,0,None,2019
14,2:00pm-2:59pm,47,47,0,None,0,None,0,None,2920,ISLIP,103,SUFFOLK (103),2012,18,7,Saturday,0,1,,,42,Tree (Standing Only),88,Not Applicable (Not Transported) ,88,Not Applicable (Not Transported),14,2:00pm-2:59pm,40.73303056,40.73303056,1,Daylight,-73.305152780,-73.305152780,0,Not a Collision with Motor Vehicle In-Transport,0,None,44,44,8,August,1,This section IS ON the NHS,14,2:00pm-2:59pm,44,44,0,1,0,1,0,,0000000,Not Applicable,,,0,No,1,Non-Junction,4,On Roadside,2,Rural-Principal Arterial-Other,3,State Highway,,,0,No,0,No Special Jurisdiction,New York,360650,36,SR-908M,,1,Not an Intersection,1,1,1,1,Clear,0,No Additional Atmospheric Conditions,Clear,0,None,2012
8,8:00am-8:59am,40,40,0,None,0,None,0,None,2920,ISLIP,103,SUFFOLK (103),2018,4,2,Monday,0,1,2,Principal Arterial - Other Freeways and Expressways,12,Motor Vehicle In-Transport ,99,Unknown,99,Unknown EMS Hospital Arrival Time,8,8:00am-8:59am,40.75427500,40.75427500,1,Daylight,-73.231800000,-73.231800000,1,Front-to-Rear ,99998,Not Reported,33,33,6,June,1,This section IS ON the NHS,8,8:00am-8:59am,35,35,0,2,0,2,0,,0000000,Not Applicable,1,State Highway Agency,0,No,1,Non-Junction,1,On Roadway,,,3,State Highway,2,Urban,0,No,0,No Special Jurisdiction,New York,360653,36,SR-908M,,1,Not an Intersection,2,2,2,2,Rain,0,No Additional Atmospheric Conditions,Rain,0,None,2018
99,Unknown EMS Scene Arrival Hour,99,Unknown EMS Scene Arrival Minutes,0,None,0,None,0,None,2920,ISLIP,103,SUFFOLK (103),2018,1,4,Wednesday,0,1,5,Major Collector,33,Curb,99,Unknown,99,Unknown EMS Hospital Arrival Time,13,1:00pm-1:59pm,40.72924722,40.72924722,1,Daylight,-73.278300000,-73.278300000,0,Not a Collision with Motor Vehicle In-Transport,0,None,10,10,8,August,0,This section IS NOT on the NHS,99,Unknown,99,Unknown,0,1,0,1,0,,0000000,Not Applicable,3,Town or Township Highway Agency,0,No,1,Non-Junction,4,On Roadside,,,5,Local Street - Township,2,Urban,0,No,0,No Special Jurisdiction,New York,360654,36,E SUNRISE HWY SERVICE RD,,1,Not an Intersection,1,1,10,10,Cloudy,0,No Additional Atmospheric Conditions,Cloudy,0,None,2018
3,3:00am-3:59am,40,40,0,None,0,None,0,None,2840,HUNTINGTON,103,SUFFOLK (103),2019,1,1,Sunday,1,1,3,Principal Arterial - Other,12,Motor Vehicle In-Transport ,4,4:00am-4:59am,10,10,3,3:00am-3:59am,40.83115833,40.83115833,3,Dark - Lighted,-73.394986110,-73.394986110,6,Angle ,99999,Unknown,33,33,9,September,1,This section IS ON the NHS,3,3:00am-3:59am,33,33,0,3,0,3,0,,0000000,Not Applicable,1,State Highway Agency,0,No,2,Intersection,1,On Roadway,,,3,State Highway,2,Urban,0,No,0,No Special Jurisdiction,New York,360660,36,SR-25,MELVILLE RD,2,Four-Way Intersection,2,2,1,1,Clear,0,No Additional Atmospheric Conditions,Clear,0,None,2019
99,Unknown EMS Scene Arrival Hour,99,Unknown EMS Scene Arrival Minutes,0,None,0,None,0,None,360,BABYLON,103,SUFFOLK (103),2010,13,1,Sunday,0,1,,,8,Pedestrian,99,Unknown,99,Unknown EMS Hospital Arrival Time,15,3:00pm-3:59pm,40.68819722,40.68819722,1,Daylight,-73.396663890,-73.396663890,0,Not a Collision with Motor Vehicle In-Transport,0,None,38,38,6,June,0,This section IS NOT on the NHS,99,Unknown,99,Unknown,1,,,1,,,0000000,Not Applicable,,,0,No,1,Non-Junction,4,On Roadside,16,Urban-Local Road or Street,5,Local Street - Township,,,0,No,0,No Special Jurisdiction,New York,360660,36,DIXON AVE,,1,Not an Intersection,1,1,10,10,Cloudy,0,No Additional Atmospheric Conditions,Cloudy,0,None,2010