ARR_HOUR,ARR_HOURNAME,ARR_MIN,ARR_MINNAME,CF1,CF1NAME,CF2,CF2NAME,CF3,CF3NAME,CITY,CITYNAME,COUNTY,COUNTYNAME,CaseYear,DAY,DAY_WEEK,DAY_WEEKNAME,DRUNK_DR,FATALS,FUNC_SYS,FUNC_SYSNAME,HARM_EV,HARM_EVNAME,HOSP_HR,HOSP_HRNAME,HOSP_MN,HOSP_MNNAME,HOUR,HOURNAME,LATITUDE,LATITUDENAME,LGT_COND,LGT_CONDNAME,LONGITUD,LONGITUDNAME,MAN_COLL,MAN_COLLNAME,MILEPT,MILEPTNAME,MINUTE,MINUTENAME,MONTH,MonthName,NHS,NHSNAME,NOT_HOUR,NOT_HOURNAME,NOT_MIN,NOT_MINNAME,PEDS,PERMVIT,PERNOTMVIT,PERSONS,PVH_INVL,ParkWorks,RAIL,RAILNAME,RD_OWNER,RD_OWNERNAME,RELJCT1,RELJCT1NAME,RELJCT2,RELJCT2NAME,REL_ROAD,REL_ROADNAME,ROAD_FNC,ROAD_FNCNAME,ROUTE,ROUTENAME,RUR_URB,RUR_URBNAME,SCH_BUS,SCH_BUSNAME,SP_JUR,SP_JURNAME,STATENAME,ST_CASE,State,TWAY_ID,TWAY_ID2,TYP_INT,TYP_INTNAME,VE_FORMS,VE_TOTAL,WEATHER,WEATHER1,WEATHER1NAME,WEATHER2,WEATHER2NAME,WEATHERNAME,WRK_ZONE,WRK_ZONENAME,YEAR
99,Unknown EMS Scene Arrival Hour,99,Unknown EMS Scene Arrival Minutes,0,None,0,None,0,None,2920,ISLIP,103,SUFFOLK (103),2019,25,5,Thursday,0,1,7,Local,12,Motor Vehicle In-Transport ,99,Unknown,99,Unknown EMS Hospital Arrival Time,20,8:00pm-8:59pm,40.79919167,40.79919167,1,Daylight,-73.051700000,-73.051700000,2,Front-to-Front,0,None,41,41,7,July,0,This section IS NOT on the NHS,99,Unknown,99,Unknown,0,3,0,3,0,,0000000,Not Applicable,2,County Highway Agency,0,No,1,Non-Junction,1,On Roadway,,,4,County Road,1,Rural,0,No,0,No Special Jurisdiction,New York,360702,36,CR-97 NICOLLS RD,,1,Not an Intersection,2,2,1,1,Clear,0,No Additional Atmospheric Conditions,Clear,0,None,2019
99,Unknown EMS Scene Arrival Hour,99,Unknown EMS Scene Arrival Minutes,15,"Non-occupant struck by falling cargo, or something that came loose from, or something that was set in motion by a vehicle",0,None,0,None,705,BROOKHAVEN,103,SUFFOLK (103),2019,9,6,Friday,0,1,5,Major Collector,1,Rollover/Overturn,99,Unknown,99,Unknown EMS Hospital Arrival Time,13,1:00pm-1:59pm,40.91584444,40.91584444,1,Daylight,-73.038805560,-73.038805560,0,The First Harmful Event was Not a Collision with a Motor Vehicle in Transport,99999,Unknown,25,25,8,August,0,This section IS NOT on the NHS,99,Unknown,99,Unknown,3,1,3,1,0,,0000000,Not Applicable,3,Town or Township Highway Agency,0,No,1,Non-Junction,1,On Roadway,,,5,Local Street - Township,2,Urban,0,No,0,No Special Jurisdiction,New York,360703,36,N BICYCLE PATH,,1,Not an Intersection,1,1,1,1,Clear,0,No Additional Atmospheric Conditions,Clear,4,"Work Zone, Type Unknown",2019
99,Unknown EMS Scene Arrival Hour,99,Unknown EMS Scene Arrival Minutes,0,None,0,None,0,None,4670,PATCHOGUE,103,SUFFOLK (103),2019,8,5,Thursday,1,1,2,Principal Arterial - Other Freeways and Expressways,33,Curb,99,Unknown,99,Unknown EMS Hospital Arrival Time,17,5:00pm-5:59pm,40.77857222,40.77857222,1,Daylight,-73.020605560,-73.020605560,0,The First Harmful Event was Not a Collision with a Motor Vehicle in Transport,0,None,0,0,8,August,1,This section IS ON the NHS,17,5:00pm-5:59pm,2,2,0,1,0,1,0,,0000000,Not Applicable,1,State Highway Agency,0,No,1,Non-Junction,4,On Roadside,,,3,State Highway,2,Urban,0,No,0,No Special Jurisdiction,New York,360704,36,SR-27,,1,Not an Intersection,1,1,1,1,Clear,0,No Additional Atmospheric Conditions,Clear,0,None,2019
22,10:00pm-10:59pm,45,45,0,None,0,None,0,None,360,BABYLON,103,SUFFOLK (103),2017,7,5,Thursday,0,1,7,Local,12,Motor Vehicle In-Transport ,99,Unknown,99,Unknown EMS Hospital Arrival Time,22,10:00pm-10:59pm,40.76422222,40.76422222,3,Dark - Lighted,-73.354963890,-73.354963890,6,Angle ,0,None,42,42,9,September,0,This section IS NOT on the NHS,22,10:00pm-10:59pm,40,40,0,2,0,2,0,,0000000,Not Applicable,3,Town or Township Highway Agency,0,No,3,Intersection-Related ,1,On Roadway,,,5,Local Street - Township,2,Urban,0,No,0,No Special Jurisdiction,New York,360704,36,STRAIGHT PATH,VENEDIA DR,3,T-Intersection,2,2,1,1,Clear,0,No Additional Atmospheric Conditions,Clear,0,None,2017
23,11:00pm-11:59pm,40,40,0,None,0,None,0,None,705,BROOKHAVEN,103,SUFFOLK (103),2011,26,6,Friday,0,1,,,8,Pedestrian,99,Unknown,99,Unknown EMS Hospital Arrival Time,23,11:00pm-11:59pm,40.78231667,40.78231667,2,Dark - Not Lighted,-73.036858330,-73.036858330,0,Not a Collision with Motor Vehicle In-Transport,0,None,34,34,8,August,0,This section IS NOT on the NHS,23,11:00pm-11:59pm,38,38,1,1,1,1,0,,0000000,Not Applicable,,,0,No,3,Intersection-Related ,1,On Roadway,16,Urban-Local Road or Street,6,Local Street - Municipality,,,0,No,0,No Special Jurisdiction,New York,360704,36,WAVERLY AVE,GATEWAY BLVD,3,T-Intersection,1,1,1,1,Clear,0,No Additional Atmospheric Conditions,Clear,0,None,2011
99,Unknown EMS Scene Arrival Hour,99,Unknown EMS Scene Arrival Minutes,0,None,0,None,0,None,5380,SAG HARBOR,103,SUFFOLK (103),2015,3,7,Saturday,1,1,7,Local,12,Motor Vehicle In-Transport ,99,Unknown,99,Unknown EMS Hospital Arrival Time,17,5:00pm-5:59pm,40.99461111,40.99461111,1,Daylight,-72.279508330,-72.279508330,2,Front-to-Front,0,None,25,25,10,October,0,This section IS NOT on the NHS,17,5:00pm-5:59pm,25,25,0,3,0,3,0,,0000000,Not Applicable,3,Town or Township Highway Agency,0,No,1,Non-Junction,1,On Roadway,,,5,Local Street - Township,2,Urban,0,No,0,No Special Jurisdiction,New York,360705,36,HAMPTON ST,,1,Not an Intersection,2,2,10,10,Cloudy,0,No Additional Atmospheric Conditions,Cloudy,0,None,2015
99,Unknown EMS Scene Arrival Hour,99,Unknown EMS Scene Arrival Minutes,0,None,0,None,0,None,4970,PORT JEFFERSON STATION,103,SUFFOLK (103),2019,23,6,Friday,1,1,7,Local,42,Tree (Standing Only),99,Unknown,99,Unknown EMS Hospital Arrival Time,18,6:00pm-6:59pm,40.93468611,40.93468611,1,Daylight,-73.066988890,-73.066988890,0,The First Harmful Event was Not a Collision with a Motor Vehicle in Transport,99999,Unknown,45,45,8,August,0,This section IS NOT on the NHS,99,Unknown,99,Unknown,0,1,0,1,0,,0000000,Not Applicable,4,City or Municipal Highway Agency,0,No,3,Intersection-Related ,4,On Roadside,,,6,Local Street - Municipality,2,Urban,0,No,0,No Special Jurisdiction,New York,360705,36,SHEEP PASTURE RD,WILLIS AVE,3,T-Intersection,1,1,1,1,Clear,0,No Additional Atmospheric Conditions,Clear,0,None,2019
99,Unknown EMS Scene Arrival Hour,99,Unknown EMS Scene Arrival Minutes,16,Non-occupant struck vehicle,0,None,0,None,705,BROOKHAVEN,103,SUFFOLK (103),2019,12,2,Monday,0,1,7,Local,9,Pedalcyclist,99,Unknown,99,Unknown EMS Hospital Arrival Time,6,6:00am-6:59am,40.82044722,40.82044722,1,Daylight,-72.813555560,-72.813555560,0,The First Harmful Event was Not a Collision with a Motor Vehicle in Transport,0,None,6,6,8,August,0,This section IS NOT on the NHS,99,Unknown,99,Unknown,1,2,1,2,0,,0000000,Not Applicable,3,Town or Township Highway Agency,0,No,3,Intersection-Related ,1,On Roadway,,,5,Local Street - Township,2,Urban,0,No,0,No Special Jurisdiction,New York,360706,36,JERUSALEM HOLLOW RD,BEAVER SPUR,3,T-Intersection,1,1,1,1,Clear,0,No Additional Atmospheric Conditions,Clear,0,None,2019
14,2:00pm-2:59pm,38,38,0,None,0,None,0,None,2920,ISLIP,103,SUFFOLK (103),2018,22,7,Saturday,0,1,3,Principal Arterial - Other,5,Fell/Jumped from Vehicle,14,2:00pm-2:59pm,45,45,14,2:00pm-2:59pm,40.72043611,40.72043611,1,Daylight,-73.163547220,-73.163547220,0,Not a Collision with Motor Vehicle In-Transport,0,None,30,30,9,September,1,This section IS ON the NHS,14,2:00pm-2:59pm,30,30,0,1,0,1,0,,0000000,Not Applicable,1,State Highway Agency,0,No,1,Non-Junction,1,On Roadway,,,3,State Highway,2,Urban,0,No,0,No Special Jurisdiction,New York,360706,36,SR-908M,,1,Not an Intersection,1,1,1,1,Clear,0,No Additional Atmospheric Conditions,Clear,0,None,2018
3,3:00am-3:59am,54,54,0,None,0,None,0,None,360,BABYLON,103,SUFFOLK (103),2013,25,1,Sunday,1,1,,,24,Guardrail Face,88,Not Applicable (Not Transported) ,88,Not Applicable (Not Transported),3,3:00am-3:59am,99.99990000,Unknown,3,Dark - Lighted,999.999900000,Unknown,0,Not a Collision with Motor Vehicle In-Transport,0,None,49,49,8,August,1,This section IS ON the NHS,3,3:00am-3:59am,49,49,0,1,0,1,0,,0000000,Not Applicable,,,0,No,1,Non-Junction,3,On Median,2,Rural-Principal Arterial-Other,3,State Highway,,,0,No,0,No Special Jurisdiction,New York,360706,36,SR-908M,,1,Not an Intersection,1,1,1,1,Clear,0,No Additional Atmospheric Conditions,Clear,0,None,2013
22,10:00pm-10:59pm,55,55,0,None,0,None,0,None,2920,ISLIP,103,SUFFOLK (103),2011,10,7,Saturday,1,1,,,5,Fell/Jumped from Vehicle,88,Not Applicable (Not Transported) ,88,Not Applicable (Not Transported),22,10:00pm-10:59pm,40.74203056,40.74203056,2,Dark - Not Lighted,-73.077175000,-73.077175000,0,Not a Collision with Motor Vehicle In-Transport,0,None,50,50,9,September,0,This section IS NOT on the NHS,22,10:00pm-10:59pm,52,52,0,1,0,1,0,,0000000,Not Applicable,,,0,No,2,Intersection,1,On Roadway,13,Urban-Other Principal Arterial,6,Local Street - Municipality,,,0,No,0,No Special Jurisdiction,New York,360706,36,MONTAUK HWY,SOUTH ST,3,T-Intersection,1,1,1,1,Clear,0,No Additional Atmospheric Conditions,Clear,0,None,2011
99,Unknown EMS Scene Arrival Hour,99,Unknown EMS Scene Arrival Minutes,0,None,0,None,0,None,2920,ISLIP,103,SUFFOLK (103),2017,15,6,Friday,0,1,7,Local,12,Motor Vehicle In-Transport ,99,Unknown,99,Unknown EMS Hospital Arrival Time,19,7:00pm-7:59pm,40.80469167,40.80469167,5,Dusk,-73.110627780,-73.110627780,7,Sideswipe - Same Direction,0,None,50,50,9,September,0,This section IS NOT on the NHS,99,Unknown,99,Unknown,0,3,0,3,0,,0000000,Not Applicable,3,Town or Township Highway Agency,0,No,1,Non-Junction,1,On Roadway,,,5,Local Street - Township,2,Urban,0,No,0,No Special Jurisdiction,New York,360706,36,SMITHTOWN AVE,,1,Not an Intersection,2,2,1,1,Clear,0,No Additional Atmospheric Conditions,Clear,0,None,2017
99,Unknown EMS Scene Arrival Hour,99,Unknown EMS Scene Arrival Minutes,0,None,0,None,0,None,705,BROOKHAVEN,103,SUFFOLK (103),2017,25,2,Monday,0,1,7,Local,12,Motor Vehicle In-Transport ,99,Unknown,99,Unknown EMS Hospital Arrival Time,18,6:00pm-6:59pm,40.81671944,40.81671944,1,Daylight,-72.743616670,-72.743616670,6,Angle ,0,None,23,23,9,September,0,This section IS NOT on the NHS,18,6:00pm-6:59pm,25,25,0,4,0,4,0,,0000000,Not Applicable,3,Town or Township Highway Agency,0,No,2,Intersection,1,On Roadway,,,5,Local Street - Township,2,Urban,0,No,0,No Special Jurisdiction,New York,360707,36,E MORICHES BLVD,VALLEY DR,3,T-Intersection,2,2,1,1,Clear,0,No Additional Atmospheric Conditions,Clear,0,None,2017
99,Unknown EMS Scene Arrival Hour,99,Unknown EMS Scene Arrival Minutes,0,None,0,None,0,None,4971,PORT JEFFERSON STA,103,SUFFOLK (103),2019,24,7,Saturday,0,1,3,Principal Arterial - Other,8,Pedestrian,88,Not Applicable (Not Transported) ,88,Not Applicable (Not Transported),21,9:00pm-9:59pm,40.91836944,40.91836944,2,Dark - Not Lighted,-73.053513890,-73.053513890,0,The First Harmful Event was Not a Collision with a Motor Vehicle in Transport,99999,Unknown,27,27,8,August,1,This section IS ON the NHS,99,Unknown,99,Unknown,1,2,1,2,0,,0000000,Not Applicable,1,State Highway Agency,0,No,1,Non-Junction,1,On Roadway,,,3,State Highway,2,Urban,0,No,0,No Special Jurisdiction,New York,360707,36,SR-347,,1,Not an Intersection,2,2,1,1,Clear,0,No Additional Atmospheric Conditions,Clear,0,None,2019
99,Unknown EMS Scene Arrival Hour,99,Unknown EMS Scene Arrival Minutes,0,None,0,None,0,None,2920,ISLIP,103,SUFFOLK (103),2019,31,7,Saturday,0,1,4,Minor Arterial,1,Rollover/Overturn,99,Unknown,99,Unknown EMS Hospital Arrival Time,15,3:00pm-3:59pm,40.79734722,40.79734722,1,Daylight,-73.122113890,-73.122113890,0,The First Harmful Event was Not a Collision with a Motor Vehicle in Transport,99999,Unknown,19,19,8,August,0,This section IS NOT on the NHS,99,Unknown,99,Unknown,0,1,0,1,0,,0000000,Not Applicable,2,County Highway Agency,0,No,1,Non-Junction,4,On Roadside,,,4,County Road,2,Urban,0,No,0,No Special Jurisdiction,New York,360708,36,CR-93,,1,Not an Intersection,1,1,1,1,Clear,0,No Additional Atmospheric Conditions,Clear,0,None,2019
99,Unknown EMS Scene Arrival Hour,99,Unknown EMS Scene Arrival Minutes,0,None,0,None,0,None,5270,RONKONKOMA,103,SUFFOLK (103),2017,8,6,Friday,0,1,7,Local,9,Pedalcyclist,99,Unknown,99,Unknown EMS Hospital Arrival Time,20,8:00pm-8:59pm,40.80633889,40.80633889,2,Dark - Not Lighted,-73.101994440,-73.101994440,0,Not a Collision with Motor Vehicle In-Transport,0,None,30,30,9,September,0,This section IS NOT on the NHS,99,Unknown,99,Unknown,1,2,1,2,0,,0000000,Not Applicable,3,Town or Township Highway Agency,0,No,1,Non-Junction,1,On Roadway,,,5,Local Street - Township,1,Rural,0,No,0,No Special Jurisdiction,New York,360708,36,RAILROAD AVE,,1,Not an Intersection,1,1,1,1,Clear,0,No Additional Atmospheric Conditions,Clear,0,None,2017
99,Unknown EMS Scene Arrival Hour,99,Unknown EMS Scene Arrival Minutes,0,None,0,None,0,None,705,BROOKHAVEN,103,SUFFOLK (103),2011,7,4,Wednesday,0,1,,,12,Motor Vehicle In-Transport ,99,Unknown,99,Unknown EMS Hospital Arrival Time,17,5:00pm-5:59pm,40.86461944,40.86461944,1,Daylight,-72.780366670,-72.780366670,2,Front-to-Front,0,None,22,22,9,September,0,This section IS NOT on the NHS,17,5:00pm-5:59pm,25,25,0,2,0,2,0,,0000000,Not Applicable,,,0,No,1,Non-Junction,1,On Roadway,14,Urban-Minor Arterial,4,County Road,,,0,No,0,No Special Jurisdiction,New York,360708,36,CR-111,,1,Not an Intersection,2,2,2,2,Rain,10,Cloudy,Rain,0,None,2011
99,Unknown EMS Scene Arrival Hour,99,Unknown EMS Scene Arrival Minutes,0,None,0,None,0,None,450,BAY SHORE,103,SUFFOLK (103),2010,24,7,Saturday,0,1,,,8,Pedestrian,99,Unknown,99,Unknown EMS Hospital Arrival Time,21,9:00pm-9:59pm,40.75385556,40.75385556,3,Dark - Lighted,-73.262780560,-73.262780560,0,Not a Collision with Motor Vehicle In-Transport,0,None,13,13,7,July,0,This section IS NOT on the NHS,99,Unknown,99,Unknown,1,,,2,,,0000000,Not Applicable,,,0,No,1,Non-Junction,1,On Roadway,16,Urban-Local Road or Street,5,Local Street - Township,,,0,No,0,No Special Jurisdiction,New York,360709,36,5TH AVE,,1,Not an Intersection,1,1,1,1,Clear,0,No Additional Atmospheric Conditions,Clear,0,None,2010
99,Unknown EMS Scene Arrival Hour,99,Unknown EMS Scene Arrival Minutes,0,None,0,None,0,None,2920,ISLIP,103,SUFFOLK (103),2019,2,2,Monday,1,1,4,Minor Arterial,8,Pedestrian,99,Unknown,99,Unknown EMS Hospital Arrival Time,11,11:00am-11:59am,40.81832778,40.81832778,1,Daylight,-73.126002780,-73.126002780,0,The First Harmful Event was Not a Collision with a Motor Vehicle in Transport,99999,Unknown,40,40,9,September,0,This section IS NOT on the NHS,99,Unknown,99,Unknown,1,1,1,1,0,,0000000,Not Applicable,2,County Highway Agency,0,No,8,Driveway Access Related,2,On Shoulder,,,4,County Road,2,Urban,0,No,0,No Special Jurisdiction,New York,360709,36,CR-93,,1,Not an Intersection,1,1,10,10,Cloudy,0,No Additional Atmospheric Conditions,Cloudy,0,None,2019
99,Unknown EMS Scene Arrival Hour,99,Unknown EMS Scene Arrival Minutes,0,None,0,None,0,None,2920,ISLIP,103,SUFFOLK (103),2019,1,1,Sunday,1,1,7,Local,12,Motor Vehicle In-Transport ,99,Unknown,99,Unknown EMS Hospital Arrival Time,6,6:00am-6:59am,40.74467222,40.74467222,4,Dawn,-73.263913890,-73.263913890,2,Front-to-Front,0,None,10,10,9,September,0,This section IS NOT on the NHS,99,Unknown,99,Unknown,0,2,0,2,0,,0000000,Not Applicable,2,County Highway Agency,0,No,1,Non-Junction,1,On Roadway,,,4,County Road,2,Urban,0,No,0,No Special Jurisdiction,New York,360710,36,CR-13 5TH AVE,,1,Not an Intersection,2,2,1,1,Clear,0,No Additional Atmospheric Conditions,Clear,0,None,2019
7,7:00am-7:59am,26,26,0,None,0,None,0,None,2920,ISLIP,103,SUFFOLK (103),2013,28,7,Saturday,1,1,,,12,Motor Vehicle In-Transport ,7,7:00am-7:59am,54,54,7,7:00am-7:59am,40.78251667,40.78251667,1,Daylight,-73.097733330,-73.097733330,6,Angle ,0,None,19,19,9,September,0,This section IS NOT on the NHS,7,7:00am-7:59am,21,21,0,9,0,9,0,,0000000,Not Applicable,,,0,No,2,Intersection,1,On Roadway,13,Urban-Other Principal Arterial,3,State Highway,,,0,No,0,No Special Jurisdiction,New York,360710,36,SR-454,CR-112,2,Four-Way Intersection,5,5,1,1,Clear,0,No Additional Atmospheric Conditions,Clear,0,None,2013
99,Unknown EMS Scene Arrival Hour,99,Unknown EMS Scene Arrival Minutes,0,None,0,None,0,None,2920,ISLIP,103,SUFFOLK (103),2019,6,6,Friday,1,1,4,Minor Arterial,12,Motor Vehicle In-Transport ,99,Unknown,99,Unknown EMS Hospital Arrival Time,21,9:00pm-9:59pm,40.78136667,40.78136667,3,Dark - Lighted,-73.261488890,-73.261488890,2,Front-to-Front,99999,Unknown,8,8,9,September,0,This section IS NOT on the NHS,99,Unknown,99,Unknown,0,2,0,2,0,,0000000,Not Applicable,2,County Highway Agency,0,No,2,Intersection,1,On Roadway,,,4,County Road,2,Urban,0,No,0,No Special Jurisdiction,New York,360711,36,CR-13,WICKS RD,2,Four-Way Intersection,2,2,1,1,Clear,0,No Additional Atmospheric Conditions,Clear,0,None,2019
18,6:00pm-6:59pm,48,48,0,None,0,None,0,None,2920,ISLIP,103,SUFFOLK (103),2016,13,3,Tuesday,0,1,7,Local,14,Parked Motor Vehicle ,99,Unknown,99,Unknown EMS Hospital Arrival Time,18,6:00pm-6:59pm,40.73866944,40.73866944,1,Daylight,-73.121547220,-73.121547220,0,Not a Collision with Motor Vehicle In-Transport,0,None,43,43,9,September,0,This section IS NOT on the NHS,18,6:00pm-6:59pm,43,43,0,1,1,2,2,,0000000,Not Applicable,3,Town or Township Highway Agency,0,No,1,Non-Junction,5,Outside Trafficway,,,4,County Road,1,Rural,0,No,0,No Special Jurisdiction,New York,360711,36,CR-85 MONTAUK HWY,,1,Not an Intersection,1,3,1,1,Clear,0,No Additional Atmospheric Conditions,Clear,0,None,2016
5,5:00am-5:59am,42,42,0,None,0,None,0,None,2920,ISLIP,103,SUFFOLK (103),2011,17,7,Saturday,0,1,,,8,Pedestrian,99,Unknown,99,Unknown EMS Hospital Arrival Time,5,5:00am-5:59am,40.78196944,40.78196944,2,Dark - Not Lighted,-73.085569440,-73.085569440,0,Not a Collision with Motor Vehicle In-Transport,0,None,30,30,9,September,1,This section IS ON the NHS,5,5:00am-5:59am,35,35,1,2,1,2,0,,0000000,Not Applicable,,,0,No,1,Non-Junction,1,On Roadway,2,Rural-Principal Arterial-Other,3,State Highway,,,0,No,0,No Special Jurisdiction,New York,360711,36,SR-454,,1,Not an Intersection,2,2,1,1,Clear,0,No Additional Atmospheric Conditions,Clear,0,None,2011
99,Unknown EMS Scene Arrival Hour,99,Unknown EMS Scene Arrival Minutes,0,None,0,None,0,None,3590,MASTIC BEACH,103,SUFFOLK (103),2019,13,6,Friday,0,1,7,Local,42,Tree (Standing Only),99,Unknown,99,Unknown EMS Hospital Arrival Time,8,8:00am-8:59am,40.77241667,40.77241667,1,Daylight,-72.839316670,-72.839316670,0,The First Harmful Event was Not a Collision with a Motor Vehicle in Transport,99999,Unknown,44,44,9,September,0,This section IS NOT on the NHS,99,Unknown,99,Unknown,0,4,0,4,0,,0000000,Not Applicable,4,City or Municipal Highway Agency,0,No,3,Intersection-Related ,4,On Roadside,,,6,Local Street - Municipality,2,Urban,0,No,0,No Special Jurisdiction,New York,360712,36,PINE RD,LAKEVIEW DR,2,Four-Way Intersection,1,1,1,1,Clear,0,No Additional Atmospheric Conditions,Clear,0,None,2019
99,Unknown EMS Scene Arrival Hour,99,Unknown EMS Scene Arrival Minutes,0,None,0,None,0,None,705,BROOKHAVEN,103,SUFFOLK (103),2018,30,1,Sunday,1,1,7,Local,8,Pedestrian,99,Unknown,99,Unknown EMS Hospital Arrival Time,13,1:00pm-1:59pm,40.88115000,40.88115000,1,Daylight,-72.806397220,-72.806397220,0,Not a Collision with Motor Vehicle In-Transport,99998,Not Reported,56,56,9,September,0,This section IS NOT on the NHS,99,Unknown,99,Unknown,5,1,5,1,0,,0000000,Not Applicable,3,Town or Township Highway Agency,0,No,1,Non-Junction,2,On Shoulder,,,5,Local Street - Township,1,Rural,0,No,0,No Special Jurisdiction,New York,360712,36,DAVID TERRY RD,,1,Not an Intersection,1,1,1,1,Clear,0,No Additional Atmospheric Conditions,Clear,0,None,2018
18,6:00pm-6:59pm,25,25,0,None,0,None,0,None,2840,HUNTINGTON,103,SUFFOLK (103),2017,25,4,Wednesday,0,1,7,Local,8,Pedestrian,18,6:00pm-6:59pm,45,45,18,6:00pm-6:59pm,40.86886389,40.86886389,2,Dark - Not Lighted,-73.296275000,-73.296275000,0,Not a Collision with Motor Vehicle In-Transport,0,None,20,20,10,October,0,This section IS NOT on the NHS,18,6:00pm-6:59pm,21,21,1,1,1,1,0,,0000000,Not Applicable,3,Town or Township Highway Agency,0,No,1,Non-Junction,1,On Roadway,,,5,Local Street - Township,2,Urban,0,No,0,No Special Jurisdiction,New York,360712,36,CLAY PITTS RD,,1,Not an Intersection,1,1,10,10,Cloudy,0,No Additional Atmospheric Conditions,Cloudy,0,None,2017
99,Unknown EMS Scene Arrival Hour,99,Unknown EMS Scene Arrival Minutes,0,None,0,None,0,None,705,BROOKHAVEN,103,SUFFOLK (103),2019,14,7,Saturday,0,1,4,Minor Arterial,12,Motor Vehicle In-Transport ,99,Unknown,99,Unknown EMS Hospital Arrival Time,13,1:00pm-1:59pm,40.78180000,40.78180000,1,Daylight,-72.945352780,-72.945352780,6,Angle ,99999,Unknown,59,59,9,September,0,This section IS NOT on the NHS,99,Unknown,99,Unknown,0,2,0,2,0,,0000000,Not Applicable,3,Town or Township Highway Agency,0,No,2,Intersection,1,On Roadway,,,5,Local Street - Township,2,Urban,0,No,0,No Special Jurisdiction,New York,360713,36,STATION RD,HAMPTON AVE,2,Four-Way Intersection,2,2,1,1,Clear,0,No Additional Atmospheric Conditions,Clear,0,None,2019
99,Unknown EMS Scene Arrival Hour,99,Unknown EMS Scene Arrival Minutes,0,None,0,None,0,None,5810,SOUTHAMPTON,103,SUFFOLK (103),2015,5,2,Monday,0,1,4,Minor Arterial,8,Pedestrian,99,Unknown,99,Unknown EMS Hospital Arrival Time,7,7:00am-7:59am,40.93538889,40.93538889,1,Daylight,-72.306480560,-72.306480560,0,Not a Collision with Motor Vehicle In-Transport,0,None,22,22,10,October,0,This section IS NOT on the NHS,99,Unknown,99,Unknown,1,1,1,1,0,,0000000,Not Applicable,1,State Highway Agency,0,No,1,Non-Junction,1,On Roadway,,,3,State Highway,2,Urban,0,No,0,No Special Jurisdiction,New York,360714,36,SR-27A MONTAUK HWY,,1,Not an Intersection,1,1,1,1,Clear,0,No Additional Atmospheric Conditions,Clear,0,None,2015
99,Unknown EMS Scene Arrival Hour,99,Unknown EMS Scene Arrival Minutes,0,None,0,None,0,None,705,BROOKHAVEN,103,SUFFOLK (103),2019,15,1,Sunday,1,1,6,Minor Collector,42,Tree (Standing Only),88,Not Applicable (Not Transported) ,88,Not Applicable (Not Transported),13,1:00pm-1:59pm,40.87894722,40.87894722,1,Daylight,-72.789552780,-72.789552780,0,The First Harmful Event was Not a Collision with a Motor Vehicle in Transport,99999,Unknown,1,1,9,September,0,This section IS NOT on the NHS,99,Unknown,99,Unknown,0,1,0,1,0,,0000000,Not Applicable,3,Town or Township Highway Agency,0,No,1,Non-Junction,4,On Roadside,,,6,Local Street - Municipality,1,Rural,0,No,0,No Special Jurisdiction,New York,360715,36,MILL RD,,1,Not an Intersection,1,1,1,1,Clear,0,No Additional Atmospheric Conditions,Clear,0,None,2019
99,Unknown EMS Scene Arrival Hour,99,Unknown EMS Scene Arrival Minutes,0,None,0,None,0,None,705,BROOKHAVEN,103,SUFFOLK (103),2019,21,7,Saturday,0,1,5,Major Collector,8,Pedestrian,99,Unknown,99,Unknown EMS Hospital Arrival Time,5,5:00am-5:59am,40.89911667,40.89911667,3,Dark - Lighted,-72.949847220,-72.949847220,0,The First Harmful Event was Not a Collision with a Motor Vehicle in Transport,99999,Unknown,45,45,9,September,0,This section IS NOT on the NHS,99,Unknown,99,Unknown,1,1,1,1,0,,0000000,Not Applicable,3,Town or Township Highway Agency,0,No,1,Non-Junction,1,On Roadway,,,5,Local Street - Township,2,Urban,0,No,0,No Special Jurisdiction,New York,360716,36,MILLER PLACE-YAPHANK RD,,1,Not an Intersection,1,1,1,1,Clear,0,No Additional Atmospheric Conditions,Clear,0,None,2019
99,Unknown EMS Scene Arrival Hour,99,Unknown EMS Scene Arrival Minutes,0,None,0,None,0,None,360,BABYLON,103,SUFFOLK (103),2011,15,5,Thursday,0,1,,,8,Pedestrian,99,Unknown,99,Unknown EMS Hospital Arrival Time,13,1:00pm-1:59pm,40.68598611,40.68598611,1,Daylight,-73.376605560,-73.376605560,0,Not a Collision with Motor Vehicle In-Transport,0,None,48,48,9,September,0,This section IS NOT on the NHS,99,Unknown,99,Unknown,1,1,1,1,0,,0000000,Not Applicable,,,0,No,3,Intersection-Related ,1,On Roadway,16,Urban-Local Road or Street,6,Local Street - Municipality,,,0,No,0,No Special Jurisdiction,New York,360716,36,S BROADWAY,W HOFFMAN AVE,3,T-Intersection,1,1,10,10,Cloudy,0,No Additional Atmospheric Conditions,Cloudy,0,None,2011