ARR_HOUR,ARR_HOURNAME,ARR_MIN,ARR_MINNAME,CF1,CF1NAME,CF2,CF2NAME,CF3,CF3NAME,CITY,CITYNAME,COUNTY,COUNTYNAME,CaseYear,DAY,DAY_WEEK,DAY_WEEKNAME,DRUNK_DR,FATALS,FUNC_SYS,FUNC_SYSNAME,HARM_EV,HARM_EVNAME,HOSP_HR,HOSP_HRNAME,HOSP_MN,HOSP_MNNAME,HOUR,HOURNAME,LATITUDE,LATITUDENAME,LGT_COND,LGT_CONDNAME,LONGITUD,LONGITUDNAME,MAN_COLL,MAN_COLLNAME,MILEPT,MILEPTNAME,MINUTE,MINUTENAME,MONTH,MonthName,NHS,NHSNAME,NOT_HOUR,NOT_HOURNAME,NOT_MIN,NOT_MINNAME,PEDS,PERMVIT,PERNOTMVIT,PERSONS,PVH_INVL,ParkWorks,RAIL,RAILNAME,RD_OWNER,RD_OWNERNAME,RELJCT1,RELJCT1NAME,RELJCT2,RELJCT2NAME,REL_ROAD,REL_ROADNAME,ROAD_FNC,ROAD_FNCNAME,ROUTE,ROUTENAME,RUR_URB,RUR_URBNAME,SCH_BUS,SCH_BUSNAME,SP_JUR,SP_JURNAME,STATENAME,ST_CASE,State,TWAY_ID,TWAY_ID2,TYP_INT,TYP_INTNAME,VE_FORMS,VE_TOTAL,WEATHER,WEATHER1,WEATHER1NAME,WEATHER2,WEATHER2NAME,WEATHERNAME,WRK_ZONE,WRK_ZONENAME,YEAR
12,12:00pm-12:59pm,40,40,25,Toll Booth/Plaza Related,0,None,0,None,2920,ISLIP,103,SUFFOLK (103),2019,16,7,Saturday,1,1,2,Principal Arterial - Other Freeways and Expressways,43,Other Fixed Object,88,Not Applicable (Not Transported) ,88,Not Applicable (Not Transported),12,12:00pm-12:59pm,40.71641111,40.71641111,1,Daylight,-73.164505560,-73.164505560,0,The First Harmful Event was Not a Collision with a Motor Vehicle in Transport,99999,Unknown,29,29,11,November,1,This section IS ON the NHS,12,12:00pm-12:59pm,29,29,0,1,0,1,0,,0000000,Not Applicable,1,State Highway Agency,0,No,1,Non-Junction,1,On Roadway,,,3,State Highway,2,Urban,0,No,0,No Special Jurisdiction,New York,360748,36,SR-908M,,1,Not an Intersection,1,1,1,1,Clear,0,No Additional Atmospheric Conditions,Clear,0,None,2019
99,Unknown EMS Scene Arrival Hour,99,Unknown EMS Scene Arrival Minutes,0,None,0,None,0,None,2920,ISLIP,103,SUFFOLK (103),2016,16,6,Friday,0,1,7,Local,8,Pedestrian,99,Unknown,99,Unknown EMS Hospital Arrival Time,1,1:00am-1:59am,40.79047778,40.79047778,3,Dark - Lighted,-73.202841670,-73.202841670,0,Not a Collision with Motor Vehicle In-Transport,0,None,58,58,9,September,0,This section IS NOT on the NHS,99,Unknown,99,Unknown,1,1,1,1,0,,0000000,Not Applicable,3,Town or Township Highway Agency,0,No,1,Non-Junction,1,On Roadway,,,5,Local Street - Township,2,Urban,0,No,0,No Special Jurisdiction,New York,360750,36,SUFFOLK AVE,,1,Not an Intersection,1,1,10,10,Cloudy,0,No Additional Atmospheric Conditions,Cloudy,0,None,2016
99,Unknown EMS Scene Arrival Hour,99,Unknown EMS Scene Arrival Minutes,0,None,0,None,0,None,360,BABYLON,103,SUFFOLK (103),2015,7,3,Tuesday,0,1,7,Local,12,Motor Vehicle In-Transport ,99,Unknown,99,Unknown EMS Hospital Arrival Time,20,8:00pm-8:59pm,40.72640000,40.72640000,1,Daylight,-73.396502780,-73.396502780,6,Angle ,0,None,6,6,7,July,0,This section IS NOT on the NHS,99,Unknown,99,Unknown,0,2,0,2,0,,0000000,Not Applicable,3,Town or Township Highway Agency,0,No,1,Non-Junction,1,On Roadway,,,5,Local Street - Township,2,Urban,0,No,0,No Special Jurisdiction,New York,360750,36,WELLWOOD AVE,,1,Not an Intersection,2,2,1,1,Clear,0,No Additional Atmospheric Conditions,Clear,0,None,2015
99,Unknown EMS Scene Arrival Hour,99,Unknown EMS Scene Arrival Minutes,0,None,0,None,0,None,705,BROOKHAVEN,103,SUFFOLK (103),2015,24,6,Friday,0,1,7,Local,42,Tree (Standing Only),99,Unknown,99,Unknown EMS Hospital Arrival Time,7,7:00am-7:59am,40.90089722,40.90089722,1,Daylight,-72.749725000,-72.749725000,0,Not a Collision with Motor Vehicle In-Transport,0,None,45,45,7,July,0,This section IS NOT on the NHS,99,Unknown,99,Unknown,0,1,0,1,0,,0000000,Not Applicable,3,Town or Township Highway Agency,0,No,1,Non-Junction,4,On Roadside,,,5,Local Street - Township,1,Rural,0,No,0,No Special Jurisdiction,New York,360755,36,MILL RD,,1,Not an Intersection,1,1,1,1,Clear,0,No Additional Atmospheric Conditions,Clear,0,None,2015
99,Unknown EMS Scene Arrival Hour,99,Unknown EMS Scene Arrival Minutes,0,None,0,None,0,None,5769,SMITHTOWN,103,SUFFOLK (103),2014,2,5,Thursday,0,1,,,42,Tree (Standing Only),99,Unknown,99,Unknown EMS Hospital Arrival Time,2,2:00am-2:59am,40.86553333,40.86553333,3,Dark - Lighted,-73.201616670,-73.201616670,0,Not a Collision with Motor Vehicle In-Transport,0,None,25,25,10,October,0,This section IS NOT on the NHS,99,Unknown,99,Unknown,0,1,0,1,0,,0000000,Not Applicable,,,0,No,1,Non-Junction,5,Outside Trafficway,16,Urban-Local Road or Street,6,Local Street - Municipality,,,0,No,0,No Special Jurisdiction,New York,360755,36,LANDING AVE,,1,Not an Intersection,1,1,2,10,Cloudy,2,Rain,Rain,0,None,2014
99,Unknown EMS Scene Arrival Hour,99,Unknown EMS Scene Arrival Minutes,0,None,0,None,0,None,705,BROOKHAVEN,103,SUFFOLK (103),2010,1,4,Wednesday,0,1,,,12,Motor Vehicle In-Transport ,99,Unknown,99,Unknown EMS Hospital Arrival Time,8,8:00am-8:59am,40.83476944,40.83476944,1,Daylight,-73.021263890,-73.021263890,6,Angle ,0,None,9,9,9,September,0,This section IS NOT on the NHS,99,Unknown,99,Unknown,0,,,3,,,0000000,Not Applicable,,,0,No,2,Intersection,1,On Roadway,2,Rural-Principal Arterial-Other,4,County Road,,,0,No,0,No Special Jurisdiction,New York,360756,36,CR-83,GRANNY RD,2,Four-Way Intersection,3,3,1,1,Clear,0,No Additional Atmospheric Conditions,Clear,0,None,2010
99,Unknown EMS Scene Arrival Hour,99,Unknown EMS Scene Arrival Minutes,0,None,0,None,0,None,705,BROOKHAVEN,103,SUFFOLK (103),2014,3,6,Friday,0,1,,,8,Pedestrian,99,Unknown,99,Unknown EMS Hospital Arrival Time,5,5:00am-5:59am,40.81399722,40.81399722,3,Dark - Lighted,-73.108019440,-73.108019440,0,Not a Collision with Motor Vehicle In-Transport,0,None,30,30,10,October,0,This section IS NOT on the NHS,99,Unknown,99,Unknown,1,1,1,1,0,,0000000,Not Applicable,,,0,No,3,Intersection-Related ,1,On Roadway,16,Urban-Local Road or Street,5,Local Street - Township,,,0,No,0,No Special Jurisdiction,New York,360757,36,EXPRESSWAY DR N,HAWKINS AVE,2,Four-Way Intersection,1,1,1,1,Clear,0,No Additional Atmospheric Conditions,Clear,0,None,2014
6,6:00am-6:59am,24,24,0,None,0,None,0,None,2920,ISLIP,103,SUFFOLK (103),2014,4,7,Saturday,1,1,,,42,Tree (Standing Only),6,6:00am-6:59am,31,31,5,5:00am-5:59am,40.77112778,40.77112778,4,Dawn,-73.221330560,-73.221330560,0,Not a Collision with Motor Vehicle In-Transport,0,None,56,56,10,October,0,This section IS NOT on the NHS,6,6:00am-6:59am,3,3,0,2,0,2,0,,0000000,Not Applicable,,,0,No,3,Intersection-Related ,5,Outside Trafficway,16,Urban-Local Road or Street,5,Local Street - Township,,,0,No,0,No Special Jurisdiction,New York,360758,36,GRAND BLVD,NOBLE ST,2,Four-Way Intersection,1,1,10,10,Cloudy,0,No Additional Atmospheric Conditions,Cloudy,0,None,2014
99,Unknown EMS Scene Arrival Hour,99,Unknown EMS Scene Arrival Minutes,0,None,0,None,0,None,1685,EAST MORICHES,103,SUFFOLK (103),2012,17,2,Monday,0,1,,,30,Utility Pole/Light Support,99,Unknown,99,Unknown EMS Hospital Arrival Time,23,11:00pm-11:59pm,40.79958889,40.79958889,3,Dark - Lighted,-72.772397220,-72.772397220,0,Not a Collision with Motor Vehicle In-Transport,0,None,5,5,9,September,0,This section IS NOT on the NHS,99,Unknown,99,Unknown,0,1,0,1,0,,0000000,Not Applicable,,,0,No,1,Non-Junction,4,On Roadside,4,Rural-Major Collector,4,County Road,,,0,No,0,No Special Jurisdiction,New York,360758,36,CR-80,,1,Not an Intersection,1,1,1,1,Clear,0,No Additional Atmospheric Conditions,Clear,0,None,2012
11,11:00am-11:59am,30,30,0,None,0,None,0,None,5810,SOUTHAMPTON,103,SUFFOLK (103),2012,18,3,Tuesday,0,1,,,1,Rollover/Overturn,88,Not Applicable (Not Transported) ,88,Not Applicable (Not Transported),11,11:00am-11:59am,99.99990000,Unknown,1,Daylight,999.999900000,Unknown,0,Not a Collision with Motor Vehicle In-Transport,0,None,8,8,9,September,1,This section IS ON the NHS,11,11:00am-11:59am,8,8,0,1,0,1,0,,0000000,Not Applicable,,,0,No,1,Non-Junction,4,On Roadside,2,Rural-Principal Arterial-Other,3,State Highway,,,0,No,0,No Special Jurisdiction,New York,360759,36,SR-27,,1,Not an Intersection,1,1,10,10,Cloudy,0,No Additional Atmospheric Conditions,Cloudy,0,None,2012
99,Unknown EMS Scene Arrival Hour,99,Unknown EMS Scene Arrival Minutes,0,None,0,None,0,None,4670,PATCHOGUE,103,SUFFOLK (103),2014,1,4,Wednesday,0,1,,,12,Motor Vehicle In-Transport ,99,Unknown,99,Unknown EMS Hospital Arrival Time,5,5:00am-5:59am,40.78903889,40.78903889,3,Dark - Lighted,-73.016666670,-73.016666670,6,Angle ,0,None,4,4,10,October,0,This section IS NOT on the NHS,99,Unknown,99,Unknown,0,2,0,2,0,,0000000,Not Applicable,,,0,No,2,Intersection,1,On Roadway,14,Urban-Minor Arterial,4,County Road,,,0,No,0,No Special Jurisdiction,New York,360760,36,CR-83 N OCEAN AVE,VEHSLAGE ST,2,Four-Way Intersection,2,2,2,2,Rain,0,No Additional Atmospheric Conditions,Rain,0,None,2014
99,Unknown EMS Scene Arrival Hour,99,Unknown EMS Scene Arrival Minutes,0,None,0,None,0,None,2920,ISLIP,103,SUFFOLK (103),2016,10,7,Saturday,1,1,7,Local,30,Utility Pole/Light Support,99,Unknown,99,Unknown EMS Hospital Arrival Time,3,3:00am-3:59am,40.76858333,40.76858333,3,Dark - Lighted,-73.210791670,-73.210791670,0,Not a Collision with Motor Vehicle In-Transport,0,None,55,55,9,September,0,This section IS NOT on the NHS,99,Unknown,99,Unknown,0,1,0,1,0,,0000000,Not Applicable,3,Town or Township Highway Agency,0,No,3,Intersection-Related ,4,On Roadside,,,3,State Highway,2,Urban,0,No,0,No Special Jurisdiction,New York,360760,36,SR-111,SYCAMORE ST,3,T-Intersection,1,1,1,1,Clear,0,No Additional Atmospheric Conditions,Clear,0,None,2016
17,5:00pm-5:59pm,28,28,0,None,0,None,0,None,5210,RIVERHEAD,103,SUFFOLK (103),2016,3,5,Thursday,0,1,3,Principal Arterial - Other,12,Motor Vehicle In-Transport ,18,6:00pm-6:59pm,13,13,17,5:00pm-5:59pm,40.94490000,40.94490000,5,Dusk,-72.831444440,-72.831444440,2,Front-to-Front,0,None,23,23,11,November,1,This section IS ON the NHS,17,5:00pm-5:59pm,23,23,0,3,0,3,0,,0000000,Not Applicable,1,State Highway Agency,0,No,2,Intersection,1,On Roadway,,,3,State Highway,1,Rural,0,No,0,No Special Jurisdiction,New York,360761,36,SR-25A SOUND AVE,LITTLE LEAF CT,3,T-Intersection,2,2,1,1,Clear,0,No Additional Atmospheric Conditions,Clear,0,None,2016
99,Unknown EMS Scene Arrival Hour,99,Unknown EMS Scene Arrival Minutes,0,None,0,None,0,None,2920,ISLIP,103,SUFFOLK (103),2010,6,2,Monday,0,1,,,9,Pedalcyclist,88,Not Applicable (Not Transported) ,88,Not Applicable (Not Transported),20,8:00pm-8:59pm,40.77277222,40.77277222,3,Dark - Lighted,-73.260211110,-73.260211110,0,Not a Collision with Motor Vehicle In-Transport,0,None,18,18,9,September,0,This section IS NOT on the NHS,99,Unknown,99,Unknown,1,,,1,,,0000000,Not Applicable,,,0,No,1,Non-Junction,1,On Roadway,16,Urban-Local Road or Street,6,Local Street - Municipality,,,0,No,0,No Special Jurisdiction,New York,360761,36,FIFTH AVE,,1,Not an Intersection,1,1,1,1,Clear,0,No Additional Atmospheric Conditions,Clear,0,None,2010
7,7:00am-7:59am,41,41,0,None,0,None,0,None,3523,MANORVILLE,103,SUFFOLK (103),2012,18,3,Tuesday,0,1,,,8,Pedestrian,8,8:00am-8:59am,26,26,7,7:00am-7:59am,40.83369167,40.83369167,1,Daylight,-72.789072220,-72.789072220,0,Not a Collision with Motor Vehicle In-Transport,0,None,35,35,9,September,0,This section IS NOT on the NHS,7,7:00am-7:59am,38,38,1,1,1,1,0,,0000000,Not Applicable,,,0,No,1,Non-Junction,4,On Roadside,6,Rural-Local Road or Street,6,Local Street - Municipality,,,0,No,0,No Special Jurisdiction,New York,360761,36,CHAPMAN BLVD,,1,Not an Intersection,1,1,10,10,Cloudy,0,No Additional Atmospheric Conditions,Cloudy,0,None,2012
99,Unknown EMS Scene Arrival Hour,99,Unknown EMS Scene Arrival Minutes,0,None,0,None,0,None,3715,MIDDLE ISLAND,103,SUFFOLK (103),2015,22,7,Saturday,0,1,5,Major Collector,42,Tree (Standing Only),88,Not Applicable (Not Transported) ,88,Not Applicable (Not Transported),0,0:00am-0:59am,40.86846111,40.86846111,2,Dark - Not Lighted,-72.900472220,-72.900472220,0,Not a Collision with Motor Vehicle In-Transport,0,None,0,0,8,August,0,This section IS NOT on the NHS,99,Unknown,99,Unknown,0,1,0,1,0,,0000000,Not Applicable,2,County Highway Agency,0,No,1,Non-Junction,4,On Roadside,,,4,County Road,1,Rural,0,No,0,No Special Jurisdiction,New York,360763,36,CR-46,,1,Not an Intersection,1,1,1,1,Clear,0,No Additional Atmospheric Conditions,Clear,0,None,2015
99,Unknown EMS Scene Arrival Hour,99,Unknown EMS Scene Arrival Minutes,0,None,0,None,0,None,3768,MILLER PLACE,103,SUFFOLK (103),2014,18,7,Saturday,0,1,,,8,Pedestrian,99,Unknown,99,Unknown EMS Hospital Arrival Time,23,11:00pm-11:59pm,40.94945000,40.94945000,3,Dark - Lighted,-72.979875000,-72.979875000,0,Not a Collision with Motor Vehicle In-Transport,0,None,13,13,10,October,0,This section IS NOT on the NHS,99,Unknown,99,Unknown,1,1,1,1,0,,0000000,Not Applicable,,,0,No,1,Non-Junction,1,On Roadway,16,Urban-Local Road or Street,6,Local Street - Municipality,,,0,No,0,No Special Jurisdiction,New York,360763,36,362 N COUNTRY RD,,1,Not an Intersection,1,1,10,10,Cloudy,0,No Additional Atmospheric Conditions,Cloudy,0,None,2014
99,Unknown EMS Scene Arrival Hour,99,Unknown EMS Scene Arrival Minutes,0,None,0,None,0,None,3103,LAKE GROVE,103,SUFFOLK (103),2015,2,4,Wednesday,0,1,4,Minor Arterial,12,Motor Vehicle In-Transport ,99,Unknown,99,Unknown EMS Hospital Arrival Time,19,7:00pm-7:59pm,40.86209722,40.86209722,1,Daylight,-73.131300000,-73.131300000,2,Front-to-Front,0,None,3,3,9,September,0,This section IS NOT on the NHS,99,Unknown,99,Unknown,0,4,0,4,0,,0000000,Not Applicable,1,State Highway Agency,0,No,2,Intersection,1,On Roadway,,,3,State Highway,2,Urban,0,No,0,No Special Jurisdiction,New York,360764,36,SR-25,SMITH HAVEN MALL,3,T-Intersection,2,2,1,1,Clear,0,No Additional Atmospheric Conditions,Clear,0,None,2015
5,5:00am-5:59am,13,13,0,None,0,None,0,None,1743,EAST SETAUKET,103,SUFFOLK (103),2015,5,7,Saturday,0,1,3,Principal Arterial - Other,31,"Other Post, Other Pole or Other Supports",99,Unknown,99,Unknown EMS Hospital Arrival Time,5,5:00am-5:59am,40.90596111,40.90596111,3,Dark - Lighted,-73.070188890,-73.070188890,0,Not a Collision with Motor Vehicle In-Transport,0,None,0,0,9,September,0,This section IS NOT on the NHS,5,5:00am-5:59am,3,3,0,1,0,1,0,,0000000,Not Applicable,1,State Highway Agency,0,No,1,Non-Junction,3,On Median,,,3,State Highway,2,Urban,0,No,0,No Special Jurisdiction,New York,360766,36,SR-347,,1,Not an Intersection,1,1,1,1,Clear,0,No Additional Atmospheric Conditions,Clear,0,None,2015
99,Unknown EMS Scene Arrival Hour,99,Unknown EMS Scene Arrival Minutes,23,Indication of a Stalled/Disabled Vehicle,0,None,0,None,450,BAY SHORE,103,SUFFOLK (103),2014,29,4,Wednesday,0,1,,,14,Parked Motor Vehicle ,99,Unknown,99,Unknown EMS Hospital Arrival Time,12,12:00pm-12:59pm,40.73567500,40.73567500,1,Daylight,-73.248858330,-73.248858330,0,Not a Collision with Motor Vehicle In-Transport,0,None,34,34,10,October,1,This section IS ON the NHS,99,Unknown,99,Unknown,0,1,2,3,2,,0000000,Not Applicable,,,0,No,1,Non-Junction,2,On Shoulder,12,Urban-Principal Arterial-Other Freeways or Expressways,3,State Highway,,,0,No,0,No Special Jurisdiction,New York,360766,36,SR-27,,1,Not an Intersection,1,3,1,1,Clear,0,No Additional Atmospheric Conditions,Clear,0,None,2014
99,Unknown EMS Scene Arrival Hour,99,Unknown EMS Scene Arrival Minutes,0,None,0,None,0,None,705,BROOKHAVEN,103,SUFFOLK (103),2010,8,4,Wednesday,0,1,,,12,Motor Vehicle In-Transport ,99,Unknown,99,Unknown EMS Hospital Arrival Time,11,11:00am-11:59am,40.83869167,40.83869167,1,Daylight,-73.054352780,-73.054352780,6,Angle ,0,None,15,15,9,September,0,This section IS NOT on the NHS,99,Unknown,99,Unknown,0,,,3,,,0000000,Not Applicable,,,0,No,2,Intersection,1,On Roadway,6,Rural-Local Road or Street,5,Local Street - Township,,,0,No,0,No Special Jurisdiction,New York,360766,36,COLLEGE RD,HORSEBLOCK RD,2,Four-Way Intersection,3,3,1,1,Clear,0,No Additional Atmospheric Conditions,Clear,0,None,2010
99,Unknown EMS Scene Arrival Hour,99,Unknown EMS Scene Arrival Minutes,0,None,0,None,0,None,2728,HOLBROOK,103,SUFFOLK (103),2016,15,7,Saturday,0,1,7,Local,12,Motor Vehicle In-Transport ,99,Unknown,99,Unknown EMS Hospital Arrival Time,12,12:00pm-12:59pm,40.78943056,40.78943056,1,Daylight,-73.079402780,-73.079402780,6,Angle ,0,None,32,32,10,October,0,This section IS NOT on the NHS,99,Unknown,99,Unknown,0,2,0,2,0,,0000000,Not Applicable,3,Town or Township Highway Agency,0,No,2,Intersection,1,On Roadway,,,5,Local Street - Township,2,Urban,0,No,0,No Special Jurisdiction,New York,360766,36,COATES AVE,LEONARD ST,3,T-Intersection,2,2,1,1,Clear,0,No Additional Atmospheric Conditions,Clear,0,None,2016
99,Unknown EMS Scene Arrival Hour,99,Unknown EMS Scene Arrival Minutes,0,None,0,None,0,None,705,BROOKHAVEN,103,SUFFOLK (103),2014,16,5,Thursday,0,1,,,12,Motor Vehicle In-Transport ,99,Unknown,99,Unknown EMS Hospital Arrival Time,12,12:00pm-12:59pm,40.86186667,40.86186667,1,Daylight,-72.987361110,-72.987361110,6,Angle ,0,None,45,45,10,October,0,This section IS NOT on the NHS,99,Unknown,99,Unknown,0,2,0,2,0,,0000000,Not Applicable,,,0,No,1,Non-Junction,1,On Roadway,16,Urban-Local Road or Street,5,Local Street - Township,,,1,Yes,0,No Special Jurisdiction,New York,360767,36,MILL RD,,1,Not an Intersection,2,2,10,10,Cloudy,0,No Additional Atmospheric Conditions,Cloudy,0,None,2014
99,Unknown EMS Scene Arrival Hour,99,Unknown EMS Scene Arrival Minutes,0,None,0,None,0,None,705,BROOKHAVEN,103,SUFFOLK (103),2014,3,4,Wednesday,0,1,,,12,Motor Vehicle In-Transport ,88,Not Applicable (Not Transported) ,88,Not Applicable (Not Transported),21,9:00pm-9:59pm,40.94064722,40.94064722,3,Dark - Lighted,-73.000213890,-73.000213890,6,Angle ,0,None,24,24,9,September,0,This section IS NOT on the NHS,99,Unknown,99,Unknown,0,2,0,2,0,,0000000,Not Applicable,,,0,No,1,Non-Junction,1,On Roadway,13,Urban-Other Principal Arterial,3,State Highway,,,0,No,0,No Special Jurisdiction,New York,360768,36,SR-25A,,1,Not an Intersection,2,2,1,1,Clear,0,No Additional Atmospheric Conditions,Clear,0,None,2014
99,Unknown EMS Scene Arrival Hour,99,Unknown EMS Scene Arrival Minutes,0,None,0,None,0,None,705,BROOKHAVEN,103,SUFFOLK (103),2010,19,1,Sunday,0,1,,,12,Motor Vehicle In-Transport ,99,Unknown,99,Unknown EMS Hospital Arrival Time,14,2:00pm-2:59pm,40.86925000,40.86925000,1,Daylight,-73.131177780,-73.131177780,2,Front-to-Front,996,996,32,32,9,September,1,This section IS ON the NHS,99,Unknown,99,Unknown,0,,,6,,,0000000,Not Applicable,,,0,No,2,Intersection,1,On Roadway,13,Urban-Other Principal Arterial,3,State Highway,,,0,No,0,No Special Jurisdiction,New York,360768,36,SR-347,MORICHES RD,2,Four-Way Intersection,3,3,1,1,Clear,0,No Additional Atmospheric Conditions,Clear,0,None,2010
99,Unknown EMS Scene Arrival Hour,99,Unknown EMS Scene Arrival Minutes,0,None,0,None,0,None,450,BAY SHORE,103,SUFFOLK (103),2015,5,7,Saturday,0,1,7,Local,8,Pedestrian,99,Unknown,99,Unknown EMS Hospital Arrival Time,3,3:00am-3:59am,40.72968889,40.72968889,3,Dark - Lighted,-73.245269440,-73.245269440,0,Not a Collision with Motor Vehicle In-Transport,0,None,10,10,9,September,0,This section IS NOT on the NHS,99,Unknown,99,Unknown,1,1,1,1,0,,0000000,Not Applicable,3,Town or Township Highway Agency,0,No,1,Non-Junction,1,On Roadway,,,5,Local Street - Township,2,Urban,0,No,0,No Special Jurisdiction,New York,360768,36,REDINGTON ST,,1,Not an Intersection,1,1,1,1,Clear,0,No Additional Atmospheric Conditions,Clear,0,None,2015
99,Unknown EMS Scene Arrival Hour,99,Unknown EMS Scene Arrival Minutes,0,None,0,None,0,None,360,BABYLON,103,SUFFOLK (103),2015,17,5,Thursday,0,1,7,Local,8,Pedestrian,99,Unknown,99,Unknown EMS Hospital Arrival Time,21,9:00pm-9:59pm,99.99990000,Unknown,2,Dark - Not Lighted,999.999900000,Unknown,0,Not a Collision with Motor Vehicle In-Transport,0,None,19,19,9,September,0,This section IS NOT on the NHS,99,Unknown,99,Unknown,1,1,1,1,0,,0000000,Not Applicable,3,Town or Township Highway Agency,0,No,1,Non-Junction,1,On Roadway,,,5,Local Street - Township,1,Rural,0,No,0,No Special Jurisdiction,New York,360769,36,MELVILLE RD,,1,Not an Intersection,1,1,1,1,Clear,0,No Additional Atmospheric Conditions,Clear,0,None,2015
99,Unknown EMS Scene Arrival Hour,99,Unknown EMS Scene Arrival Minutes,0,None,0,None,0,None,2840,HUNTINGTON,103,SUFFOLK (103),2014,30,5,Thursday,0,1,,,8,Pedestrian,99,Unknown,99,Unknown EMS Hospital Arrival Time,6,6:00am-6:59am,40.86983889,40.86983889,4,Dawn,-73.433100000,-73.433100000,0,Not a Collision with Motor Vehicle In-Transport,0,None,55,55,10,October,0,This section IS NOT on the NHS,99,Unknown,99,Unknown,1,1,1,1,0,,0000000,Not Applicable,,,0,No,3,Intersection-Related ,1,On Roadway,14,Urban-Minor Arterial,3,State Highway,,,0,No,0,No Special Jurisdiction,New York,360769,36,SR-25A W MAIN ST,SCUDDER PL,2,Four-Way Intersection,1,1,1,1,Clear,0,No Additional Atmospheric Conditions,Clear,0,None,2014
99,Unknown EMS Scene Arrival Hour,99,Unknown EMS Scene Arrival Minutes,0,None,0,None,0,None,5675,SHIRLEY,103,SUFFOLK (103),2015,20,1,Sunday,0,1,4,Minor Arterial,42,Tree (Standing Only),99,Unknown,99,Unknown EMS Hospital Arrival Time,11,11:00am-11:59am,40.93252222,40.93252222,1,Daylight,-72.878716670,-72.878716670,0,Not a Collision with Motor Vehicle In-Transport,0,None,0,0,9,September,0,This section IS NOT on the NHS,99,Unknown,99,Unknown,0,1,0,1,0,,0000000,Not Applicable,2,County Highway Agency,0,No,1,Non-Junction,4,On Roadside,,,4,County Road,1,Rural,0,No,0,No Special Jurisdiction,New York,360770,36,CR-46,,1,Not an Intersection,1,1,10,10,Cloudy,0,No Additional Atmospheric Conditions,Cloudy,0,None,2015
99,Unknown EMS Scene Arrival Hour,99,Unknown EMS Scene Arrival Minutes,0,None,0,None,0,None,705,BROOKHAVEN,103,SUFFOLK (103),2012,20,5,Thursday,0,1,,,12,Motor Vehicle In-Transport ,99,Unknown,99,Unknown EMS Hospital Arrival Time,18,6:00pm-6:59pm,40.79643611,40.79643611,1,Daylight,-72.862925000,-72.862925000,6,Angle ,0,None,25,25,9,September,0,This section IS NOT on the NHS,99,Unknown,99,Unknown,0,2,0,2,0,,0000000,Not Applicable,,,0,No,2,Intersection,1,On Roadway,16,Urban-Local Road or Street,6,Local Street - Municipality,,,0,No,0,No Special Jurisdiction,New York,360770,36,FLOYD RD,ESSEX CIRCLE,2,Four-Way Intersection,2,2,10,10,Cloudy,0,No Additional Atmospheric Conditions,Cloudy,0,None,2012
99,Unknown EMS Scene Arrival Hour,99,Unknown EMS Scene Arrival Minutes,0,None,0,None,0,None,2840,HUNTINGTON,103,SUFFOLK (103),2012,21,6,Friday,0,1,,,8,Pedestrian,99,Unknown,99,Unknown EMS Hospital Arrival Time,19,7:00pm-7:59pm,40.87513333,40.87513333,2,Dark - Not Lighted,-73.324191670,-73.324191670,0,Not a Collision with Motor Vehicle In-Transport,0,None,50,50,9,September,0,This section IS NOT on the NHS,99,Unknown,99,Unknown,1,2,1,2,0,,0000000,Not Applicable,,,0,No,3,Intersection-Related ,1,On Roadway,16,Urban-Local Road or Street,6,Local Street - Municipality,,,0,No,0,No Special Jurisdiction,New York,360771,36,LARKFIELD RD,WEBSTER PL,3,T-Intersection,1,1,1,1,Clear,0,No Additional Atmospheric Conditions,Clear,0,None,2012
21,9:00pm-9:59pm,6,6,0,None,0,None,0,None,2920,ISLIP,103,SUFFOLK (103),2015,2,4,Wednesday,0,1,3,Principal Arterial - Other,8,Pedestrian,88,Not Applicable (Not Transported) ,88,Not Applicable (Not Transported),21,9:00pm-9:59pm,40.78704167,40.78704167,3,Dark - Lighted,-73.127136110,-73.127136110,0,Not a Collision with Motor Vehicle In-Transport,0,None,0,0,9,September,1,This section IS ON the NHS,21,9:00pm-9:59pm,0,0,1,1,1,1,0,,0000000,Not Applicable,1,State Highway Agency,0,No,2,Intersection,1,On Roadway,,,3,State Highway,2,Urban,0,No,0,No Special Jurisdiction,New York,360771,36,SR-454 VETERANS HWY,FEUEREISEN AVE,2,Four-Way Intersection,1,1,10,10,Cloudy,0,No Additional Atmospheric Conditions,Cloudy,0,None,2015
99,Unknown EMS Scene Arrival Hour,99,Unknown EMS Scene Arrival Minutes,0,None,0,None,0,None,5675,SHIRLEY,103,SUFFOLK (103),2015,21,2,Monday,0,1,4,Minor Arterial,8,Pedestrian,99,Unknown,99,Unknown EMS Hospital Arrival Time,11,11:00am-11:59am,40.78515000,40.78515000,1,Daylight,-72.863772220,-72.863772220,0,Not a Collision with Motor Vehicle In-Transport,0,None,18,18,9,September,0,This section IS NOT on the NHS,99,Unknown,99,Unknown,1,1,1,1,0,,0000000,Not Applicable,2,County Highway Agency,0,No,1,Non-Junction,1,On Roadway,,,4,County Road,2,Urban,0,No,0,No Special Jurisdiction,New York,360772,36,CR-46,,1,Not an Intersection,1,1,1,1,Clear,0,No Additional Atmospheric Conditions,Clear,0,None,2015