ARR_HOUR,ARR_HOURNAME,ARR_MIN,ARR_MINNAME,CF1,CF1NAME,CF2,CF2NAME,CF3,CF3NAME,CITY,CITYNAME,COUNTY,COUNTYNAME,CaseYear,DAY,DAY_WEEK,DAY_WEEKNAME,DRUNK_DR,FATALS,FUNC_SYS,FUNC_SYSNAME,HARM_EV,HARM_EVNAME,HOSP_HR,HOSP_HRNAME,HOSP_MN,HOSP_MNNAME,HOUR,HOURNAME,LATITUDE,LATITUDENAME,LGT_COND,LGT_CONDNAME,LONGITUD,LONGITUDNAME,MAN_COLL,MAN_COLLNAME,MILEPT,MILEPTNAME,MINUTE,MINUTENAME,MONTH,MonthName,NHS,NHSNAME,NOT_HOUR,NOT_HOURNAME,NOT_MIN,NOT_MINNAME,PEDS,PERMVIT,PERNOTMVIT,PERSONS,PVH_INVL,ParkWorks,RAIL,RAILNAME,RD_OWNER,RD_OWNERNAME,RELJCT1,RELJCT1NAME,RELJCT2,RELJCT2NAME,REL_ROAD,REL_ROADNAME,ROAD_FNC,ROAD_FNCNAME,ROUTE,ROUTENAME,RUR_URB,RUR_URBNAME,SCH_BUS,SCH_BUSNAME,SP_JUR,SP_JURNAME,STATENAME,ST_CASE,State,TWAY_ID,TWAY_ID2,TYP_INT,TYP_INTNAME,VE_FORMS,VE_TOTAL,WEATHER,WEATHER1,WEATHER1NAME,WEATHER2,WEATHER2NAME,WEATHERNAME,WRK_ZONE,WRK_ZONENAME,YEAR
4,4:00am-4:59am,53,53,0,None,0,None,0,None,3654,MEDFORD,103,SUFFOLK (103),2013,16,2,Monday,0,1,,,1,Rollover/Overturn,5,5:00am-5:59am,56,56,4,4:00am-4:59am,99.99990000,Unknown,3,Dark - Lighted,999.999900000,Unknown,0,Not a Collision with Motor Vehicle In-Transport,0,None,45,45,9,September,0,This section IS NOT on the NHS,4,4:00am-4:59am,49,49,0,1,0,1,0,,0000000,Not Applicable,,,0,No,1,Non-Junction,1,On Roadway,3,Rural-Minor Arterial,5,Local Street - Township,,,0,No,0,No Special Jurisdiction,New York,360820,36,EXPRESSWAY DR N,,1,Not an Intersection,1,1,1,1,Clear,0,No Additional Atmospheric Conditions,Clear,0,None,2013
3,3:00am-3:59am,44,44,0,None,0,None,0,None,2920,ISLIP,103,SUFFOLK (103),2011,30,1,Sunday,0,1,,,8,Pedestrian,4,4:00am-4:59am,8,8,3,3:00am-3:59am,40.74253056,40.74253056,2,Dark - Not Lighted,-73.199897220,-73.199897220,0,Not a Collision with Motor Vehicle In-Transport,0,None,36,36,10,October,0,This section IS NOT on the NHS,3,3:00am-3:59am,36,36,1,1,1,1,0,,0000000,Not Applicable,,,0,No,1,Non-Junction,1,On Roadway,12,Urban-Principal Arterial-Other Freeways or Expressways,3,State Highway,,,0,No,0,No Special Jurisdiction,New York,360820,36,SR-27,,1,Not an Intersection,1,1,10,10,Cloudy,0,No Additional Atmospheric Conditions,Cloudy,0,None,2011
23,11:00pm-11:59pm,5,5,0,None,0,None,0,None,360,BABYLON,103,SUFFOLK (103),2018,24,2,Monday,0,1,5,Major Collector,8,Pedestrian,23,11:00pm-11:59pm,30,30,23,11:00pm-11:59pm,40.76368611,40.76368611,3,Dark - Lighted,-73.312000000,-73.312000000,0,Not a Collision with Motor Vehicle In-Transport,0,None,3,3,12,December,0,This section IS NOT on the NHS,23,11:00pm-11:59pm,3,3,1,1,1,1,0,,0000000,Not Applicable,3,Town or Township Highway Agency,0,No,3,Intersection-Related ,1,On Roadway,,,5,Local Street - Township,2,Urban,0,No,0,No Special Jurisdiction,New York,360820,36,COMMACK RD,MARCUS BLVD,3,T-Intersection,1,1,1,1,Clear,0,No Additional Atmospheric Conditions,Clear,0,None,2018
99,Unknown EMS Scene Arrival Hour,99,Unknown EMS Scene Arrival Minutes,0,None,0,None,0,None,705,BROOKHAVEN,103,SUFFOLK (103),2011,28,6,Friday,0,1,,,12,Motor Vehicle In-Transport ,99,Unknown,99,Unknown EMS Hospital Arrival Time,20,8:00pm-8:59pm,40.77044722,40.77044722,3,Dark - Lighted,-72.963833330,-72.963833330,2,Front-to-Front,0,None,10,10,10,October,1,This section IS ON the NHS,99,Unknown,99,Unknown,0,3,0,3,0,,0000000,Not Applicable,,,0,No,2,Intersection,1,On Roadway,2,Rural-Principal Arterial-Other,3,State Highway,,,0,No,0,No Special Jurisdiction,New York,360822,36,SR-27A,N DUNTON AVE,2,Four-Way Intersection,2,2,1,1,Clear,0,No Additional Atmospheric Conditions,Clear,0,None,2011
99,Unknown EMS Scene Arrival Hour,99,Unknown EMS Scene Arrival Minutes,0,None,0,None,0,None,450,BAY SHORE,103,SUFFOLK (103),2013,30,2,Monday,0,1,,,8,Pedestrian,99,Unknown,99,Unknown EMS Hospital Arrival Time,6,6:00am-6:59am,99.99990000,Unknown,4,Dawn,999.999900000,Unknown,0,Not a Collision with Motor Vehicle In-Transport,0,None,10,10,9,September,0,This section IS NOT on the NHS,6,6:00am-6:59am,13,13,1,1,1,1,0,,0000000,Not Applicable,,,0,No,2,Intersection,1,On Roadway,16,Urban-Local Road or Street,5,Local Street - Township,,,0,No,0,No Special Jurisdiction,New York,360823,36,CR-13 5TH AVE,MARVIN RD,2,Four-Way Intersection,1,1,1,1,Clear,0,No Additional Atmospheric Conditions,Clear,0,None,2013
99,Unknown EMS Scene Arrival Hour,99,Unknown EMS Scene Arrival Minutes,0,None,0,None,0,None,2840,HUNTINGTON,103,SUFFOLK (103),2011,26,4,Wednesday,0,1,,,8,Pedestrian,99,Unknown,99,Unknown EMS Hospital Arrival Time,13,1:00pm-1:59pm,40.77168056,40.77168056,1,Daylight,-73.334911110,-73.334911110,0,Not a Collision with Motor Vehicle In-Transport,0,None,47,47,10,October,0,This section IS NOT on the NHS,99,Unknown,99,Unknown,1,1,1,1,0,,0000000,Not Applicable,,,0,No,1,Non-Junction,1,On Roadway,6,Rural-Local Road or Street,6,Local Street - Municipality,,,0,No,0,No Special Jurisdiction,New York,360824,36,OLD COUNTRY RD,,1,Not an Intersection,1,1,10,10,Cloudy,0,No Additional Atmospheric Conditions,Cloudy,0,None,2011
0,0:00am-0:59am,32,32,0,None,0,None,0,None,2520,HAMPTON BAYS,103,SUFFOLK (103),2012,13,7,Saturday,0,1,,,42,Tree (Standing Only),1,1:00am-1:59am,10,10,0,0:00am-0:59am,40.90605278,40.90605278,2,Dark - Not Lighted,-72.557919440,-72.557919440,0,Not a Collision with Motor Vehicle In-Transport,0,None,10,10,10,October,0,This section IS NOT on the NHS,0,0:00am-0:59am,16,16,0,3,0,3,0,,0000000,Not Applicable,,,0,No,1,Non-Junction,5,Outside Trafficway,6,Rural-Local Road or Street,6,Local Street - Municipality,,,0,No,0,No Special Jurisdiction,New York,360825,36,RED CREEK RD,,1,Not an Intersection,1,1,1,1,Clear,0,No Additional Atmospheric Conditions,Clear,0,None,2012
99,Unknown EMS Scene Arrival Hour,99,Unknown EMS Scene Arrival Minutes,0,None,0,None,0,None,5210,RIVERHEAD,103,SUFFOLK (103),2015,25,6,Friday,0,1,6,Minor Collector,12,Motor Vehicle In-Transport ,99,Unknown,99,Unknown EMS Hospital Arrival Time,20,8:00pm-8:59pm,40.92436944,40.92436944,3,Dark - Lighted,-72.702269440,-72.702269440,2,Front-to-Front,0,None,4,4,9,September,0,This section IS NOT on the NHS,99,Unknown,99,Unknown,0,3,0,3,0,,0000000,Not Applicable,2,County Highway Agency,0,No,2,Intersection,1,On Roadway,,,4,County Road,2,Urban,0,No,0,No Special Jurisdiction,New York,360825,36,CR-58 1733,STORE ENTERENCE,3,T-Intersection,2,2,1,1,Clear,0,No Additional Atmospheric Conditions,Clear,0,None,2015
99,Unknown EMS Scene Arrival Hour,99,Unknown EMS Scene Arrival Minutes,0,None,0,None,0,None,705,BROOKHAVEN,103,SUFFOLK (103),2015,1,5,Thursday,0,1,7,Local,8,Pedestrian,99,Unknown,99,Unknown EMS Hospital Arrival Time,19,7:00pm-7:59pm,40.77516944,40.77516944,3,Dark - Lighted,-72.977533330,-72.977533330,0,Not a Collision with Motor Vehicle In-Transport,0,None,55,55,10,October,0,This section IS NOT on the NHS,99,Unknown,99,Unknown,1,1,1,1,0,,0000000,Not Applicable,2,County Highway Agency,0,No,1,Non-Junction,1,On Roadway,,,4,County Road,1,Rural,0,No,0,No Special Jurisdiction,New York,360826,36,CR-101,,1,Not an Intersection,1,1,2,2,Rain,0,No Additional Atmospheric Conditions,Rain,0,None,2015
99,Unknown EMS Scene Arrival Hour,99,Unknown EMS Scene Arrival Minutes,0,None,0,None,0,None,705,BROOKHAVEN,103,SUFFOLK (103),2019,14,2,Monday,0,1,3,Principal Arterial - Other,12,Motor Vehicle In-Transport ,99,Unknown,99,Unknown EMS Hospital Arrival Time,9,9:00am-9:59am,40.94381944,40.94381944,1,Daylight,-72.855566670,-72.855566670,6,Angle ,0,None,48,48,10,October,1,This section IS ON the NHS,99,Unknown,99,Unknown,0,2,0,2,0,,0000000,Not Applicable,1,State Highway Agency,0,No,8,Driveway Access Related,1,On Roadway,,,3,State Highway,2,Urban,0,No,0,No Special Jurisdiction,New York,360827,36,SR-25A,,1,Not an Intersection,2,2,1,1,Clear,0,No Additional Atmospheric Conditions,Clear,0,None,2019
99,Unknown EMS Scene Arrival Hour,99,Unknown EMS Scene Arrival Minutes,0,None,0,None,0,None,2920,ISLIP,103,SUFFOLK (103),2019,24,5,Thursday,0,1,4,Minor Arterial,12,Motor Vehicle In-Transport ,99,Unknown,99,Unknown EMS Hospital Arrival Time,13,1:00pm-1:59pm,40.73114167,40.73114167,1,Daylight,-73.190838890,-73.190838890,2,Front-to-Front,0,None,40,40,10,October,0,This section IS NOT on the NHS,99,Unknown,99,Unknown,0,3,0,3,0,,0000000,Not Applicable,1,State Highway Agency,0,No,2,Intersection,1,On Roadway,,,3,State Highway,2,Urban,0,No,0,No Special Jurisdiction,New York,360828,36,SR-27A W MAIN ST,CARLETON AVE,2,Four-Way Intersection,2,2,1,1,Clear,0,No Additional Atmospheric Conditions,Clear,0,None,2019
7,7:00am-7:59am,1,1,0,None,0,None,0,None,2850,HUNTINGTON BAY,103,SUFFOLK (103),2011,30,1,Sunday,1,1,,,25,Concrete Traffic Barrier,99,Unknown,99,Unknown EMS Hospital Arrival Time,4,4:00am-4:59am,99.99990000,Unknown,3,Dark - Lighted,999.999900000,Unknown,0,Not a Collision with Motor Vehicle In-Transport,0,None,9,9,10,October,1,This section IS ON the NHS,6,6:00am-6:59am,6,6,0,3,0,3,0,,0000000,Not Applicable,,,0,No,1,Non-Junction,3,On Median,1,Rural-Principal Arterial-Interstate,1,Interstate,,,0,No,0,No Special Jurisdiction,New York,360828,36,I-908G,,1,Not an Intersection,1,1,2,2,Rain,10,Cloudy,Rain,0,None,2011
99,Unknown EMS Scene Arrival Hour,99,Unknown EMS Scene Arrival Minutes,0,None,0,None,0,None,705,BROOKHAVEN,103,SUFFOLK (103),2019,2,7,Saturday,0,1,7,Local,8,Pedestrian,99,Unknown,99,Unknown EMS Hospital Arrival Time,22,10:00pm-10:59pm,40.83594444,40.83594444,3,Dark - Lighted,-73.048241670,-73.048241670,0,The First Harmful Event was Not a Collision with a Motor Vehicle in Transport,0,None,18,18,11,November,0,This section IS NOT on the NHS,99,Unknown,99,Unknown,1,2,1,2,0,,0000000,Not Applicable,2,County Highway Agency,0,No,3,Intersection-Related ,1,On Roadway,,,4,County Road,2,Urban,0,No,0,No Special Jurisdiction,New York,360829,36,CR-16 HORSEBLOCK RD,WAVERLY AVE,2,Four-Way Intersection,1,1,10,10,Cloudy,0,No Additional Atmospheric Conditions,Cloudy,0,None,2019
99,Unknown EMS Scene Arrival Hour,99,Unknown EMS Scene Arrival Minutes,0,None,0,None,0,None,360,BABYLON,103,SUFFOLK (103),2019,5,3,Tuesday,0,1,7,Local,8,Pedestrian,99,Unknown,99,Unknown EMS Hospital Arrival Time,17,5:00pm-5:59pm,40.68004444,40.68004444,3,Dark - Lighted,-73.398794440,-73.398794440,0,The First Harmful Event was Not a Collision with a Motor Vehicle in Transport,0,None,22,22,11,November,0,This section IS NOT on the NHS,99,Unknown,99,Unknown,1,1,1,1,0,,0000000,Not Applicable,3,Town or Township Highway Agency,0,No,1,Non-Junction,1,On Roadway,,,5,Local Street - Township,2,Urban,0,No,0,No Special Jurisdiction,New York,360830,36,OAK ST,,1,Not an Intersection,1,1,10,10,Cloudy,0,No Additional Atmospheric Conditions,Cloudy,0,None,2019
99,Unknown EMS Scene Arrival Hour,99,Unknown EMS Scene Arrival Minutes,0,None,0,None,0,None,360,BABYLON,103,SUFFOLK (103),2019,5,3,Tuesday,0,1,7,Local,14,Parked Motor Vehicle ,99,Unknown,99,Unknown EMS Hospital Arrival Time,11,11:00am-11:59am,40.70174722,40.70174722,1,Daylight,-73.319013890,-73.319013890,0,The First Harmful Event was Not a Collision with a Motor Vehicle in Transport,0,None,10,10,11,November,0,This section IS NOT on the NHS,99,Unknown,99,Unknown,0,2,0,2,1,,0000000,Not Applicable,3,Town or Township Highway Agency,0,No,1,Non-Junction,7,In Parking Lane/Zone,,,5,Local Street - Township,2,Urban,0,No,0,No Special Jurisdiction,New York,360831,36,JOHN ST,,1,Not an Intersection,2,3,10,10,Cloudy,0,No Additional Atmospheric Conditions,Cloudy,0,None,2019
99,Unknown EMS Scene Arrival Hour,99,Unknown EMS Scene Arrival Minutes,0,None,0,None,0,None,2840,HUNTINGTON,103,SUFFOLK (103),2018,20,5,Thursday,0,1,3,Principal Arterial - Other,8,Pedestrian,99,Unknown,99,Unknown EMS Hospital Arrival Time,21,9:00pm-9:59pm,40.82091944,40.82091944,3,Dark - Lighted,-73.412263890,-73.412263890,0,Not a Collision with Motor Vehicle In-Transport,0,None,30,30,12,December,1,This section IS ON the NHS,99,Unknown,99,Unknown,1,2,1,2,0,,0000000,Not Applicable,1,State Highway Agency,0,No,3,Intersection-Related ,1,On Roadway,,,3,State Highway,2,Urban,0,No,0,No Special Jurisdiction,New York,360831,36,SR-110 WALT WHITMAN RD,LIVINGSTON ST,3,T-Intersection,2,2,2,2,Rain,0,No Additional Atmospheric Conditions,Rain,0,None,2018
5,5:00am-5:59am,35,35,23,Indication of a Stalled/Disabled Vehicle,0,None,0,None,2920,ISLIP,103,SUFFOLK (103),2019,13,4,Wednesday,0,1,2,Principal Arterial - Other Freeways and Expressways,8,Pedestrian,5,5:00am-5:59am,53,53,5,5:00am-5:59am,40.76618611,40.76618611,2,Dark - Not Lighted,-73.076719440,-73.076719440,0,The First Harmful Event was Not a Collision with a Motor Vehicle in Transport,0,None,20,20,11,November,1,This section IS ON the NHS,5,5:00am-5:59am,23,23,1,1,1,1,1,,0000000,Not Applicable,1,State Highway Agency,0,No,1,Non-Junction,2,On Shoulder,,,3,State Highway,1,Rural,0,No,0,No Special Jurisdiction,New York,360832,36,SR-27 SUNRISE HWY,,1,Not an Intersection,1,2,1,1,Clear,0,No Additional Atmospheric Conditions,Clear,0,None,2019
99,Unknown EMS Scene Arrival Hour,99,Unknown EMS Scene Arrival Minutes,0,None,0,None,0,None,5769,SMITHTOWN,103,SUFFOLK (103),2010,14,7,Saturday,0,1,,,12,Motor Vehicle In-Transport ,99,Unknown,99,Unknown EMS Hospital Arrival Time,22,10:00pm-10:59pm,40.85230278,40.85230278,3,Dark - Lighted,-73.154097220,-73.154097220,6,Angle ,0,None,50,50,8,August,1,This section IS ON the NHS,99,Unknown,99,Unknown,0,,,5,,,0000000,Not Applicable,,,0,No,2,Intersection,1,On Roadway,13,Urban-Other Principal Arterial,3,State Highway,,,0,No,0,No Special Jurisdiction,New York,360832,36,SR-347,LAKE AVE,2,Four-Way Intersection,2,2,1,1,Clear,0,No Additional Atmospheric Conditions,Clear,0,None,2010
99,Unknown EMS Scene Arrival Hour,99,Unknown EMS Scene Arrival Minutes,0,None,0,None,0,None,5769,SMITHTOWN,103,SUFFOLK (103),2010,29,4,Wednesday,0,1,,,12,Motor Vehicle In-Transport ,99,Unknown,99,Unknown EMS Hospital Arrival Time,16,4:00pm-4:59pm,40.85664167,40.85664167,1,Daylight,-73.217344440,-73.217344440,6,Angle ,313,313,55,55,9,September,1,This section IS ON the NHS,99,Unknown,99,Unknown,0,,,5,,,0000000,Not Applicable,,,0,No,1,Non-Junction,1,On Roadway,13,Urban-Other Principal Arterial,3,State Highway,,,0,No,0,No Special Jurisdiction,New York,360833,36,SR-25,,1,Not an Intersection,3,3,1,1,Clear,0,No Additional Atmospheric Conditions,Clear,0,None,2010
99,Unknown EMS Scene Arrival Hour,99,Unknown EMS Scene Arrival Minutes,14,"Motor Vehicle struck by falling cargo,or something that came loose from or something that was set in motion by a vehicle",0,None,0,None,705,BROOKHAVEN,103,SUFFOLK (103),2019,21,5,Thursday,0,1,7,Local,12,Motor Vehicle In-Transport ,99,Unknown,99,Unknown EMS Hospital Arrival Time,8,8:00am-8:59am,40.86642778,40.86642778,1,Daylight,-73.036083330,-73.036083330,2,Front-to-Front,0,None,30,30,11,November,0,This section IS NOT on the NHS,99,Unknown,99,Unknown,0,4,0,4,0,,0000000,Not Applicable,3,Town or Township Highway Agency,0,No,2,Intersection,1,On Roadway,,,5,Local Street - Township,2,Urban,0,No,0,No Special Jurisdiction,New York,360833,36,MIDDLE COUNTRY RD,DARE RD,2,Four-Way Intersection,4,4,1,1,Clear,0,No Additional Atmospheric Conditions,Clear,0,None,2019
4,4:00am-4:59am,27,27,0,None,0,None,0,None,2840,HUNTINGTON,103,SUFFOLK (103),2011,24,2,Monday,0,1,,,8,Pedestrian,88,Not Applicable (Not Transported) ,88,Not Applicable (Not Transported),4,4:00am-4:59am,40.83458333,40.83458333,3,Dark - Lighted,-73.336005560,-73.336005560,0,Not a Collision with Motor Vehicle In-Transport,0,None,15,15,10,October,0,This section IS NOT on the NHS,4,4:00am-4:59am,20,20,1,1,1,1,0,,0000000,Not Applicable,,,0,No,3,Intersection-Related ,1,On Roadway,13,Urban-Other Principal Arterial,4,County Road,,,0,No,0,No Special Jurisdiction,New York,360834,36,CR-66,SR-25,4,Y-Intersection,1,1,1,1,Clear,0,No Additional Atmospheric Conditions,Clear,0,None,2011
99,Unknown EMS Scene Arrival Hour,99,Unknown EMS Scene Arrival Minutes,0,None,0,None,0,None,5769,SMITHTOWN,103,SUFFOLK (103),2010,2,5,Thursday,1,1,,,33,Curb,99,Unknown,99,Unknown EMS Hospital Arrival Time,23,11:00pm-11:59pm,40.84877222,40.84877222,3,Dark - Lighted,-73.279227780,-73.279227780,0,Not a Collision with Motor Vehicle In-Transport,0,None,45,45,9,September,0,This section IS NOT on the NHS,99,Unknown,99,Unknown,0,,,1,,,0000000,Not Applicable,,,0,No,1,Non-Junction,4,On Roadside,16,Urban-Local Road or Street,5,Local Street - Township,,,0,No,0,No Special Jurisdiction,New York,360834,36,INDIAN HEAD RD,,1,Not an Intersection,1,1,10,10,Cloudy,0,No Additional Atmospheric Conditions,Cloudy,0,None,2010
99,Unknown EMS Scene Arrival Hour,99,Unknown EMS Scene Arrival Minutes,20,Police Pursuit Involved,0,None,0,None,360,BABYLON,103,SUFFOLK (103),2010,26,1,Sunday,1,1,,,39,Wall,88,Not Applicable (Not Transported) ,88,Not Applicable (Not Transported),4,4:00am-4:59am,40.70971111,40.70971111,3,Dark - Lighted,-73.348911110,-73.348911110,0,Not a Collision with Motor Vehicle In-Transport,0,None,15,15,9,September,0,This section IS NOT on the NHS,99,Unknown,99,Unknown,0,,,1,,,0000000,Not Applicable,,,0,No,2,Intersection,4,On Roadside,15,Urban-Collector,5,Local Street - Township,,,0,No,0,No Special Jurisdiction,New York,360835,36,LITTLE E NECK RD,BELMONT AVE,2,Four-Way Intersection,1,1,1,1,Clear,0,No Additional Atmospheric Conditions,Clear,0,None,2010
99,Unknown EMS Scene Arrival Hour,99,Unknown EMS Scene Arrival Minutes,0,None,0,None,0,None,360,BABYLON,103,SUFFOLK (103),2017,6,4,Wednesday,0,1,7,Local,8,Pedestrian,99,Unknown,99,Unknown EMS Hospital Arrival Time,6,6:00am-6:59am,40.75406944,40.75406944,4,Dawn,-73.360508330,-73.360508330,0,Not a Collision with Motor Vehicle In-Transport,0,None,5,5,9,September,0,This section IS NOT on the NHS,99,Unknown,99,Unknown,1,1,1,1,0,,0000000,Not Applicable,3,Town or Township Highway Agency,0,No,3,Intersection-Related ,1,On Roadway,,,5,Local Street - Township,2,Urban,0,No,0,No Special Jurisdiction,New York,360835,36,LONG ISLAND AVE,STRAIGHT PATH,2,Four-Way Intersection,1,1,10,10,Cloudy,0,No Additional Atmospheric Conditions,Cloudy,0,None,2017
99,Unknown EMS Scene Arrival Hour,99,Unknown EMS Scene Arrival Minutes,0,None,0,None,0,None,360,BABYLON,103,SUFFOLK (103),2017,2,5,Thursday,0,1,3,Principal Arterial - Other,8,Pedestrian,20,8:00pm-8:59pm,39,39,20,8:00pm-8:59pm,40.67899444,40.67899444,3,Dark - Lighted,-73.362930560,-73.362930560,0,Not a Collision with Motor Vehicle In-Transport,0,None,10,10,11,November,1,This section IS ON the NHS,20,8:00pm-8:59pm,8,8,1,1,1,1,0,,0000000,Not Applicable,1,State Highway Agency,0,No,1,Non-Junction,1,On Roadway,,,3,State Highway,2,Urban,0,No,0,No Special Jurisdiction,New York,360836,36,SR-27A MONTAUK HWY,,1,Not an Intersection,1,1,1,1,Clear,0,No Additional Atmospheric Conditions,Clear,0,None,2017
6,6:00am-6:59am,52,52,0,None,0,None,0,None,705,BROOKHAVEN,103,SUFFOLK (103),2010,25,7,Saturday,1,1,,,38,Fence,88,Not Applicable (Not Transported) ,88,Not Applicable (Not Transported),6,6:00am-6:59am,40.80513611,40.80513611,4,Dawn,-73.247866670,-73.247866670,0,Not a Collision with Motor Vehicle In-Transport,0,None,40,40,9,September,0,This section IS NOT on the NHS,6,6:00am-6:59am,43,43,0,,,1,,,0000000,Not Applicable,,,0,No,1,Non-Junction,4,On Roadside,16,Urban-Local Road or Street,5,Local Street - Township,,,0,No,0,No Special Jurisdiction,New York,360836,36,EXPRESS DR S,,1,Not an Intersection,1,1,1,1,Clear,0,No Additional Atmospheric Conditions,Clear,0,None,2010
21,9:00pm-9:59pm,43,43,0,None,0,None,0,None,3270,LINDENHURST,103,SUFFOLK (103),2015,28,6,Friday,0,1,3,Principal Arterial - Other,8,Pedestrian,88,Not Applicable (Not Transported) ,88,Not Applicable (Not Transported),21,9:00pm-9:59pm,40.69385000,40.69385000,3,Dark - Lighted,-73.393683330,-73.393683330,0,Not a Collision with Motor Vehicle In-Transport,0,None,32,32,8,August,0,This section IS NOT on the NHS,21,9:00pm-9:59pm,37,37,1,1,1,1,0,,0000000,Not Applicable,1,State Highway Agency,0,No,1,Non-Junction,1,On Roadway,,,3,State Highway,2,Urban,0,No,0,No Special Jurisdiction,New York,360836,36,SR-27 1285,,1,Not an Intersection,1,1,1,1,Clear,0,No Additional Atmospheric Conditions,Clear,0,None,2015
99,Unknown EMS Scene Arrival Hour,99,Unknown EMS Scene Arrival Minutes,0,None,0,None,0,None,450,BAY SHORE,103,SUFFOLK (103),2015,22,3,Tuesday,0,1,7,Local,12,Motor Vehicle In-Transport ,99,Unknown,99,Unknown EMS Hospital Arrival Time,8,8:00am-8:59am,40.74076111,40.74076111,1,Daylight,-73.295250000,-73.295250000,6,Angle ,0,None,0,0,9,September,0,This section IS NOT on the NHS,99,Unknown,99,Unknown,0,2,0,2,0,,0000000,Not Applicable,3,Town or Township Highway Agency,0,No,2,Intersection,1,On Roadway,,,5,Local Street - Township,2,Urban,0,No,0,No Special Jurisdiction,New York,360837,36,UDALL RD,STEWART ST,3,T-Intersection,2,2,1,1,Clear,0,No Additional Atmospheric Conditions,Clear,0,None,2015
99,Unknown EMS Scene Arrival Hour,99,Unknown EMS Scene Arrival Minutes,0,None,0,None,0,None,360,BABYLON,103,SUFFOLK (103),2012,20,7,Saturday,0,1,,,12,Motor Vehicle In-Transport ,99,Unknown,99,Unknown EMS Hospital Arrival Time,10,10:00am-10:59am,40.71355000,40.71355000,1,Daylight,-73.345963890,-73.345963890,1,Front-to-Rear ,0,None,54,54,10,October,0,This section IS NOT on the NHS,99,Unknown,99,Unknown,0,2,0,2,0,,0000000,Not Applicable,,,0,No,1,Non-Junction,1,On Roadway,13,Urban-Other Principal Arterial,3,State Highway,,,0,No,0,No Special Jurisdiction,New York,360837,36,SR-27,,1,Not an Intersection,2,2,1,1,Clear,0,No Additional Atmospheric Conditions,Clear,0,None,2012
3,3:00am-3:59am,25,25,0,None,0,None,0,None,2920,ISLIP,103,SUFFOLK (103),2017,5,1,Sunday,0,1,7,Local,8,Pedestrian,88,Not Applicable (Not Transported) ,88,Not Applicable (Not Transported),3,3:00am-3:59am,40.78263889,40.78263889,3,Dark - Lighted,-73.239877780,-73.239877780,0,Not a Collision with Motor Vehicle In-Transport,0,None,19,19,11,November,0,This section IS NOT on the NHS,3,3:00am-3:59am,19,19,1,1,1,1,0,,0000000,Not Applicable,3,Town or Township Highway Agency,0,No,1,Non-Junction,1,On Roadway,,,5,Local Street - Township,2,Urban,0,No,0,No Special Jurisdiction,New York,360837,36,SUFFOLK AVE,,1,Not an Intersection,1,1,10,10,Cloudy,0,No Additional Atmospheric Conditions,Cloudy,0,None,2017
22,10:00pm-10:59pm,40,40,0,None,0,None,0,None,705,BROOKHAVEN,103,SUFFOLK (103),2011,21,4,Wednesday,0,1,,,8,Pedestrian,22,10:00pm-10:59pm,59,59,22,10:00pm-10:59pm,40.86386111,40.86386111,3,Dark - Lighted,-73.047361110,-73.047361110,0,Not a Collision with Motor Vehicle In-Transport,0,None,35,35,9,September,1,This section IS ON the NHS,22,10:00pm-10:59pm,38,38,1,1,1,1,0,,0000000,Not Applicable,,,0,No,1,Non-Junction,1,On Roadway,13,Urban-Other Principal Arterial,3,State Highway,,,0,No,0,No Special Jurisdiction,New York,360837,36,SR-25,,1,Not an Intersection,1,1,10,10,Cloudy,0,No Additional Atmospheric Conditions,Cloudy,0,None,2011
4,4:00am-4:59am,24,24,0,None,0,None,0,None,2920,ISLIP,103,SUFFOLK (103),2013,4,2,Monday,1,1,,,42,Tree (Standing Only),99,Unknown,99,Unknown EMS Hospital Arrival Time,4,4:00am-4:59am,40.75375000,40.75375000,3,Dark - Lighted,-73.235205560,-73.235205560,0,Not a Collision with Motor Vehicle In-Transport,0,None,22,22,11,November,1,This section IS ON the NHS,4,4:00am-4:59am,22,22,0,1,0,1,0,,0000000,Not Applicable,,,0,No,1,Non-Junction,4,On Roadside,2,Rural-Principal Arterial-Other,3,State Highway,,,0,No,0,No Special Jurisdiction,New York,360838,36,SR-908M SOUTHERN STATE PARKWAY,,1,Not an Intersection,1,1,10,10,Cloudy,0,No Additional Atmospheric Conditions,Cloudy,0,None,2013
99,Unknown EMS Scene Arrival Hour,99,Unknown EMS Scene Arrival Minutes,0,None,0,None,0,None,5210,RIVERHEAD,103,SUFFOLK (103),2016,5,7,Saturday,0,1,7,Local,8,Pedestrian,99,Unknown,99,Unknown EMS Hospital Arrival Time,18,6:00pm-6:59pm,40.93431667,40.93431667,3,Dark - Lighted,-72.663622220,-72.663622220,0,Not a Collision with Motor Vehicle In-Transport,0,None,6,6,11,November,0,This section IS NOT on the NHS,99,Unknown,99,Unknown,1,1,1,1,0,,0000000,Not Applicable,3,Town or Township Highway Agency,0,No,1,Non-Junction,1,On Roadway,,,5,Local Street - Township,1,Rural,0,No,0,No Special Jurisdiction,New York,360838,36,OLIVER ST,,1,Not an Intersection,1,1,10,10,Cloudy,0,No Additional Atmospheric Conditions,Cloudy,0,None,2016