ARR_HOUR,ARR_HOURNAME,ARR_MIN,ARR_MINNAME,CF1,CF1NAME,CF2,CF2NAME,CF3,CF3NAME,CITY,CITYNAME,COUNTY,COUNTYNAME,CaseYear,DAY,DAY_WEEK,DAY_WEEKNAME,DRUNK_DR,FATALS,FUNC_SYS,FUNC_SYSNAME,HARM_EV,HARM_EVNAME,HOSP_HR,HOSP_HRNAME,HOSP_MN,HOSP_MNNAME,HOUR,HOURNAME,LATITUDE,LATITUDENAME,LGT_COND,LGT_CONDNAME,LONGITUD,LONGITUDNAME,MAN_COLL,MAN_COLLNAME,MILEPT,MILEPTNAME,MINUTE,MINUTENAME,MONTH,MonthName,NHS,NHSNAME,NOT_HOUR,NOT_HOURNAME,NOT_MIN,NOT_MINNAME,PEDS,PERMVIT,PERNOTMVIT,PERSONS,PVH_INVL,ParkWorks,RAIL,RAILNAME,RD_OWNER,RD_OWNERNAME,RELJCT1,RELJCT1NAME,RELJCT2,RELJCT2NAME,REL_ROAD,REL_ROADNAME,ROAD_FNC,ROAD_FNCNAME,ROUTE,ROUTENAME,RUR_URB,RUR_URBNAME,SCH_BUS,SCH_BUSNAME,SP_JUR,SP_JURNAME,STATENAME,ST_CASE,State,TWAY_ID,TWAY_ID2,TYP_INT,TYP_INTNAME,VE_FORMS,VE_TOTAL,WEATHER,WEATHER1,WEATHER1NAME,WEATHER2,WEATHER2NAME,WEATHERNAME,WRK_ZONE,WRK_ZONENAME,YEAR
99,Unknown EMS Scene Arrival Hour,99,Unknown EMS Scene Arrival Minutes,0,None,0,None,0,None,360,BABYLON,103,SUFFOLK (103),2018,21,6,Friday,1,1,3,Principal Arterial - Other,8,Pedestrian,99,Unknown,99,Unknown EMS Hospital Arrival Time,20,8:00pm-8:59pm,40.73455000,40.73455000,3,Dark - Lighted,-73.320516670,-73.320516670,0,Not a Collision with Motor Vehicle In-Transport,0,None,25,25,12,December,1,This section IS ON the NHS,99,Unknown,99,Unknown,1,1,1,1,0,,0000000,Not Applicable,1,State Highway Agency,0,No,3,Intersection-Related ,1,On Roadway,,,3,State Highway,2,Urban,0,No,0,No Special Jurisdiction,New York,360874,36,SR-231,AUGUST RD,2,Four-Way Intersection,1,1,3,3,Sleet or Hail,0,No Additional Atmospheric Conditions,Sleet or Hail,0,None,2018
99,Unknown EMS Scene Arrival Hour,99,Unknown EMS Scene Arrival Minutes,0,None,0,None,0,None,705,BROOKHAVEN,103,SUFFOLK (103),2018,4,3,Tuesday,0,1,3,Principal Arterial - Other,8,Pedestrian,99,Unknown,99,Unknown EMS Hospital Arrival Time,10,10:00am-10:59am,40.91412500,40.91412500,1,Daylight,-73.116322220,-73.116322220,0,Not a Collision with Motor Vehicle In-Transport,0,None,50,50,12,December,1,This section IS ON the NHS,99,Unknown,99,Unknown,1,1,1,1,0,,0000000,Not Applicable,2,County Highway Agency,0,No,3,Intersection-Related ,1,On Roadway,,,4,County Road,2,Urban,0,No,0,No Special Jurisdiction,New York,360875,36,CR-97,SHIRLEY KENNY DR,2,Four-Way Intersection,1,1,1,1,Clear,0,No Additional Atmospheric Conditions,Clear,0,None,2018
99,Unknown EMS Scene Arrival Hour,99,Unknown EMS Scene Arrival Minutes,0,None,0,None,0,None,360,BABYLON,103,SUFFOLK (103),2014,24,6,Friday,0,1,,,12,Motor Vehicle In-Transport ,99,Unknown,99,Unknown EMS Hospital Arrival Time,19,7:00pm-7:59pm,40.71035000,40.71035000,3,Dark - Lighted,-73.390644440,-73.390644440,2,Front-to-Front,0,None,4,4,10,October,0,This section IS NOT on the NHS,99,Unknown,99,Unknown,0,2,0,2,0,,0000000,Not Applicable,,,0,No,2,Intersection,1,On Roadway,16,Urban-Local Road or Street,4,County Road,,,0,No,0,No Special Jurisdiction,New York,360875,36,CR-3,ROBBINS ST,3,T-Intersection,2,2,10,10,Cloudy,0,No Additional Atmospheric Conditions,Cloudy,0,None,2014
99,Unknown EMS Scene Arrival Hour,99,Unknown EMS Scene Arrival Minutes,0,None,0,None,0,None,5769,SMITHTOWN,103,SUFFOLK (103),2017,29,6,Friday,1,1,7,Local,8,Pedestrian,99,Unknown,99,Unknown EMS Hospital Arrival Time,16,4:00pm-4:59pm,99.99990000,Unknown,1,Daylight,999.999900000,Unknown,0,Not a Collision with Motor Vehicle In-Transport,0,None,37,37,9,September,0,This section IS NOT on the NHS,99,Unknown,99,Unknown,1,1,1,1,0,,0000000,Not Applicable,3,Town or Township Highway Agency,0,No,1,Non-Junction,1,On Roadway,,,5,Local Street - Township,1,Rural,0,No,0,No Special Jurisdiction,New York,360876,36,SUNKEN MEADOW RD,,1,Not an Intersection,1,1,1,1,Clear,0,No Additional Atmospheric Conditions,Clear,0,None,2017
99,Unknown EMS Scene Arrival Hour,99,Unknown EMS Scene Arrival Minutes,0,None,0,None,0,None,705,BROOKHAVEN,103,SUFFOLK (103),2018,22,7,Saturday,1,2,7,Local,12,Motor Vehicle In-Transport ,99,Unknown,99,Unknown EMS Hospital Arrival Time,22,10:00pm-10:59pm,40.75396667,40.75396667,3,Dark - Lighted,-72.857927780,-72.857927780,6,Angle ,0,None,11,11,12,December,0,This section IS NOT on the NHS,99,Unknown,99,Unknown,0,4,0,4,1,,0000000,Not Applicable,3,Town or Township Highway Agency,0,No,2,Intersection,1,On Roadway,,,5,Local Street - Township,1,Rural,0,No,0,No Special Jurisdiction,New York,360876,36,HUGUENOT DR,FOREST RD W,2,Four-Way Intersection,2,3,1,1,Clear,0,No Additional Atmospheric Conditions,Clear,0,None,2018
99,Unknown EMS Scene Arrival Hour,99,Unknown EMS Scene Arrival Minutes,0,None,0,None,0,None,360,BABYLON,103,SUFFOLK (103),2018,15,7,Saturday,1,1,7,Local,12,Motor Vehicle In-Transport ,99,Unknown,99,Unknown EMS Hospital Arrival Time,2,2:00am-2:59am,40.72870556,40.72870556,3,Dark - Lighted,-73.373930560,-73.373930560,2,Front-to-Front,0,None,0,0,12,December,0,This section IS NOT on the NHS,99,Unknown,99,Unknown,0,3,0,3,0,,0000000,Not Applicable,2,County Highway Agency,0,No,3,Intersection-Related ,1,On Roadway,,,4,County Road,2,Urban,0,No,0,No Special Jurisdiction,New York,360877,36,CR-2,GORDON AVE,3,T-Intersection,2,2,2,2,Rain,0,No Additional Atmospheric Conditions,Rain,0,None,2018
99,Unknown EMS Scene Arrival Hour,99,Unknown EMS Scene Arrival Minutes,0,None,0,None,0,None,5210,RIVERHEAD,103,SUFFOLK (103),2012,9,6,Friday,0,1,,,12,Motor Vehicle In-Transport ,99,Unknown,99,Unknown EMS Hospital Arrival Time,10,10:00am-10:59am,40.92779167,40.92779167,1,Daylight,-72.790686110,-72.790686110,6,Angle ,0,None,2,2,11,November,0,This section IS NOT on the NHS,99,Unknown,99,Unknown,0,3,0,3,0,,0000000,Not Applicable,,,0,No,2,Intersection,1,On Roadway,13,Urban-Other Principal Arterial,3,State Highway,,,0,No,0,No Special Jurisdiction,New York,360877,36,SR-25,SR-25A,4,Y-Intersection,2,2,1,1,Clear,0,No Additional Atmospheric Conditions,Clear,0,None,2012
99,Unknown EMS Scene Arrival Hour,99,Unknown EMS Scene Arrival Minutes,0,None,0,None,0,None,2920,ISLIP,103,SUFFOLK (103),2018,28,6,Friday,0,1,4,Minor Arterial,8,Pedestrian,99,Unknown,98,Unknown if Transported,18,6:00pm-6:59pm,40.77893889,40.77893889,3,Dark - Lighted,-73.256250000,-73.256250000,0,Not a Collision with Motor Vehicle In-Transport,99998,Not Reported,38,38,12,December,0,This section IS NOT on the NHS,99,Unknown,99,Unknown,1,3,1,3,0,,0000000,Not Applicable,2,County Highway Agency,0,No,3,Intersection-Related ,1,On Roadway,,,4,County Road,1,Rural,0,No,0,No Special Jurisdiction,New York,360878,36,CR-100,GRANT AVE,3,T-Intersection,2,2,2,2,Rain,0,No Additional Atmospheric Conditions,Rain,0,None,2018
20,8:00pm-8:59pm,28,28,0,None,0,None,0,None,3715,MIDDLE ISLAND,103,SUFFOLK (103),2018,24,2,Monday,0,1,7,Local,8,Pedestrian,88,Not Applicable (Not Transported) ,88,Not Applicable (Not Transported),20,8:00pm-8:59pm,40.89376944,40.89376944,3,Dark - Lighted,-72.943577780,-72.943577780,0,Not a Collision with Motor Vehicle In-Transport,0,None,22,22,12,December,0,This section IS NOT on the NHS,20,8:00pm-8:59pm,22,22,1,4,1,4,0,,0000000,Not Applicable,2,County Highway Agency,0,No,1,Non-Junction,1,On Roadway,,,4,County Road,2,Urban,0,No,0,No Special Jurisdiction,New York,360879,36,CR-21,,1,Not an Intersection,2,2,2,2,Rain,0,No Additional Atmospheric Conditions,Rain,0,None,2018
99,Unknown EMS Scene Arrival Hour,99,Unknown EMS Scene Arrival Minutes,0,None,0,None,0,None,5210,RIVERHEAD,103,SUFFOLK (103),2012,10,7,Saturday,0,1,,,12,Motor Vehicle In-Transport ,99,Unknown,99,Unknown EMS Hospital Arrival Time,11,11:00am-11:59am,40.93709722,40.93709722,1,Daylight,-72.648980560,-72.648980560,6,Angle ,0,None,41,41,11,November,0,This section IS NOT on the NHS,99,Unknown,99,Unknown,0,3,0,3,0,,0000000,Not Applicable,,,0,No,2,Intersection,1,On Roadway,14,Urban-Minor Arterial,6,Local Street - Municipality,,,0,No,0,No Special Jurisdiction,New York,360879,36,MAIN ST,DOCTORS PATH,2,Four-Way Intersection,2,2,1,1,Clear,0,No Additional Atmospheric Conditions,Clear,0,None,2012
99,Unknown EMS Scene Arrival Hour,99,Unknown EMS Scene Arrival Minutes,0,None,0,None,0,None,2920,ISLIP,103,SUFFOLK (103),2018,27,5,Thursday,0,1,7,Local,12,Motor Vehicle In-Transport ,13,1:00pm-1:59pm,45,45,13,1:00pm-1:59pm,40.73079444,40.73079444,1,Daylight,-73.228294440,-73.228294440,6,Angle ,0,None,15,15,12,December,0,This section IS NOT on the NHS,99,Unknown,99,Unknown,0,3,0,3,0,,0000000,Not Applicable,3,Town or Township Highway Agency,0,No,2,Intersection,1,On Roadway,,,5,Local Street - Township,2,Urban,0,No,0,No Special Jurisdiction,New York,360880,36,SAXON AVE,CR-50,2,Four-Way Intersection,2,2,1,1,Clear,0,No Additional Atmospheric Conditions,Clear,0,None,2018
22,10:00pm-10:59pm,3,3,0,None,0,None,0,None,5810,SOUTHAMPTON,103,SUFFOLK (103),2019,17,3,Tuesday,2,2,2,Principal Arterial - Other Freeways and Expressways,12,Motor Vehicle In-Transport ,23,11:00pm-11:59pm,17,17,22,10:00pm-10:59pm,40.87429444,40.87429444,2,Dark - Not Lighted,-72.601663890,-72.601663890,2,Front-to-Front,0,None,0,0,12,December,1,This section IS ON the NHS,22,10:00pm-10:59pm,0,0,0,2,0,2,0,,0000000,Not Applicable,1,State Highway Agency,0,No,1,Non-Junction,1,On Roadway,,,3,State Highway,1,Rural,0,No,0,No Special Jurisdiction,New York,360886,36,SR-27,,1,Not an Intersection,2,2,2,2,Rain,0,No Additional Atmospheric Conditions,Rain,0,None,2019
99,Unknown EMS Scene Arrival Hour,99,Unknown EMS Scene Arrival Minutes,0,None,0,None,0,None,2840,HUNTINGTON,103,SUFFOLK (103),2015,22,1,Sunday,0,1,7,Local,24,Guardrail Face,99,Unknown,99,Unknown EMS Hospital Arrival Time,1,1:00am-1:59am,40.81618333,40.81618333,2,Dark - Not Lighted,-73.427197220,-73.427197220,0,Not a Collision with Motor Vehicle In-Transport,0,None,21,21,11,November,0,This section IS NOT on the NHS,99,Unknown,99,Unknown,0,4,0,4,0,,0000000,Not Applicable,3,Town or Township Highway Agency,0,No,1,Non-Junction,4,On Roadside,,,5,Local Street - Township,1,Rural,0,No,0,No Special Jurisdiction,New York,360887,36,SWEET HOLLOW RD,,1,Not an Intersection,1,1,1,1,Clear,0,No Additional Atmospheric Conditions,Clear,0,None,2015
22,10:00pm-10:59pm,25,25,0,None,0,None,0,None,2930,ISLIP TERRACE,103,SUFFOLK (103),2014,11,3,Tuesday,0,1,,,12,Motor Vehicle In-Transport ,99,Unknown,99,Unknown EMS Hospital Arrival Time,22,10:00pm-10:59pm,40.75652222,40.75652222,3,Dark - Lighted,-73.186627780,-73.186627780,2,Front-to-Front,0,None,12,12,11,November,0,This section IS NOT on the NHS,22,10:00pm-10:59pm,12,12,0,2,0,2,0,,0000000,Not Applicable,,,0,No,1,Non-Junction,1,On Roadway,13,Urban-Other Principal Arterial,3,State Highway,,,0,No,0,No Special Jurisdiction,New York,360887,36,SR-908M,,1,Not an Intersection,2,2,5,5,"Fog, Smog, Smoke",0,No Additional Atmospheric Conditions,"Fog, Smog, Smoke",0,None,2014
99,Unknown EMS Scene Arrival Hour,99,Unknown EMS Scene Arrival Minutes,0,None,0,None,0,None,705,BROOKHAVEN,103,SUFFOLK (103),2017,19,3,Tuesday,0,1,7,Local,42,Tree (Standing Only),99,Unknown,99,Unknown EMS Hospital Arrival Time,2,2:00am-2:59am,40.84744167,40.84744167,2,Dark - Not Lighted,-72.863277780,-72.863277780,0,Not a Collision with Motor Vehicle In-Transport,0,None,30,30,12,December,0,This section IS NOT on the NHS,99,Unknown,99,Unknown,0,3,0,3,0,,0000000,Not Applicable,3,Town or Township Highway Agency,0,No,1,Non-Junction,4,On Roadside,,,5,Local Street - Township,1,Rural,0,No,0,No Special Jurisdiction,New York,360888,36,NORTH ST,,1,Not an Intersection,1,1,1,1,Clear,0,No Additional Atmospheric Conditions,Clear,0,None,2017
99,Unknown EMS Scene Arrival Hour,99,Unknown EMS Scene Arrival Minutes,0,None,0,None,0,None,705,BROOKHAVEN,103,SUFFOLK (103),2013,8,5,Thursday,0,1,,,1,Rollover/Overturn,88,Not Applicable (Not Transported) ,88,Not Applicable (Not Transported),7,7:00am-7:59am,40.84846111,40.84846111,1,Daylight,-72.740441670,-72.740441670,0,Not a Collision with Motor Vehicle In-Transport,0,None,46,46,8,August,0,This section IS NOT on the NHS,99,Unknown,99,Unknown,0,1,0,1,0,,0000000,Not Applicable,,,0,No,1,Non-Junction,3,On Median,6,Rural-Local Road or Street,4,County Road,,,0,No,0,No Special Jurisdiction,New York,360889,36,CR-111,,1,Not an Intersection,1,1,10,10,Cloudy,0,No Additional Atmospheric Conditions,Cloudy,0,None,2013
99,Unknown EMS Scene Arrival Hour,99,Unknown EMS Scene Arrival Minutes,0,None,0,None,0,None,705,BROOKHAVEN,103,SUFFOLK (103),2013,2,4,Wednesday,0,1,,,8,Pedestrian,88,Not Applicable (Not Transported) ,88,Not Applicable (Not Transported),7,7:00am-7:59am,40.88108611,40.88108611,1,Daylight,-73.029577780,-73.029577780,0,Not a Collision with Motor Vehicle In-Transport,0,None,55,55,10,October,0,This section IS NOT on the NHS,99,Unknown,99,Unknown,1,2,1,2,0,,0000000,Not Applicable,,,0,No,1,Non-Junction,1,On Roadway,16,Urban-Local Road or Street,5,Local Street - Township,,,0,No,0,No Special Jurisdiction,New York,360891,36,HAWKINS RD,,1,Not an Intersection,1,1,1,1,Clear,0,No Additional Atmospheric Conditions,Clear,0,None,2013
1,1:00am-1:59am,12,12,0,None,0,None,0,None,1650,EAST HAMPTON,103,SUFFOLK (103),2015,24,5,Thursday,1,1,4,Minor Arterial,42,Tree (Standing Only),2,2:00am-2:59am,40,40,1,1:00am-1:59am,40.97123056,40.97123056,2,Dark - Not Lighted,-72.221402780,-72.221402780,0,Not a Collision with Motor Vehicle In-Transport,0,None,6,6,9,September,0,This section IS NOT on the NHS,1,1:00am-1:59am,6,6,0,1,0,1,0,,0000000,Not Applicable,1,State Highway Agency,0,No,1,Non-Junction,4,On Roadside,,,3,State Highway,2,Urban,0,No,0,No Special Jurisdiction,New York,360891,36,SR-114,,1,Not an Intersection,1,1,1,1,Clear,0,No Additional Atmospheric Conditions,Clear,0,None,2015
7,7:00am-7:59am,14,14,0,None,0,None,0,None,705,BROOKHAVEN,103,SUFFOLK (103),2013,13,1,Sunday,1,1,,,24,Guardrail Face,88,Not Applicable (Not Transported) ,88,Not Applicable (Not Transported),7,7:00am-7:59am,40.90914722,40.90914722,1,Daylight,-73.005711110,-73.005711110,0,Not a Collision with Motor Vehicle In-Transport,0,None,6,6,10,October,1,This section IS ON the NHS,7,7:00am-7:59am,6,6,0,1,0,1,0,,0000000,Not Applicable,,,0,No,1,Non-Junction,3,On Median,13,Urban-Other Principal Arterial,6,Local Street - Municipality,,,0,No,0,No Special Jurisdiction,New York,360892,36,CR-83,,1,Not an Intersection,1,1,10,10,Cloudy,0,No Additional Atmospheric Conditions,Cloudy,0,None,2013
21,9:00pm-9:59pm,39,39,0,None,0,None,0,None,2840,HUNTINGTON,103,SUFFOLK (103),2018,13,5,Thursday,0,1,3,Principal Arterial - Other,42,Tree (Standing Only),99,Unknown,99,Unknown EMS Hospital Arrival Time,17,5:00pm-5:59pm,99.99990000,Unknown,3,Dark - Lighted,999.999900000,Unknown,0,Not a Collision with Motor Vehicle In-Transport,0,None,30,30,12,December,1,This section IS ON the NHS,21,9:00pm-9:59pm,31,31,0,1,0,1,0,,0000000,Not Applicable,1,State Highway Agency,0,No,1,Non-Junction,4,On Roadside,,,3,State Highway,1,Rural,0,No,0,No Special Jurisdiction,New York,360892,36,SR-908G,,1,Not an Intersection,1,1,1,1,Clear,0,No Additional Atmospheric Conditions,Clear,0,None,2018
22,10:00pm-10:59pm,2,2,0,None,0,None,0,None,2840,HUNTINGTON,103,SUFFOLK (103),2016,26,2,Monday,0,1,7,Local,12,Motor Vehicle In-Transport ,22,10:00pm-10:59pm,32,32,21,9:00pm-9:59pm,40.87286111,40.87286111,3,Dark - Lighted,-73.323538890,-73.323538890,1,Front-to-Rear ,0,None,52,52,12,December,0,This section IS NOT on the NHS,21,9:00pm-9:59pm,53,53,0,7,0,7,0,,0000000,Not Applicable,3,Town or Township Highway Agency,0,No,3,Intersection-Related ,1,On Roadway,,,5,Local Street - Township,2,Urban,0,No,0,No Special Jurisdiction,New York,360892,36,LARKFIELD RD,5TH AVE,2,Four-Way Intersection,4,4,10,10,Cloudy,0,No Additional Atmospheric Conditions,Cloudy,0,None,2016
23,11:00pm-11:59pm,55,55,0,None,0,None,0,None,5810,SOUTHAMPTON,103,SUFFOLK (103),2018,18,1,Sunday,1,1,3,Principal Arterial - Other,8,Pedestrian,88,Not Applicable (Not Transported) ,88,Not Applicable (Not Transported),23,11:00pm-11:59pm,40.91397778,40.91397778,2,Dark - Not Lighted,-72.641163890,-72.641163890,0,Not a Collision with Motor Vehicle In-Transport,99998,Not Reported,52,52,11,November,1,This section IS ON the NHS,23,11:00pm-11:59pm,54,54,1,1,1,1,0,,0000000,Not Applicable,2,County Highway Agency,0,No,1,Non-Junction,1,On Roadway,,,4,County Road,2,Urban,0,No,0,No Special Jurisdiction,New York,360893,36,CR-105,,1,Not an Intersection,1,1,10,10,Cloudy,0,No Additional Atmospheric Conditions,Cloudy,0,None,2018
99,Unknown EMS Scene Arrival Hour,99,Unknown EMS Scene Arrival Minutes,0,None,0,None,0,None,2430,GREENPORT,103,SUFFOLK (103),2019,5,7,Saturday,0,1,3,Principal Arterial - Other,8,Pedestrian,99,Unknown,99,Unknown EMS Hospital Arrival Time,15,3:00pm-3:59pm,41.10254167,41.10254167,1,Daylight,-72.359136110,-72.359136110,0,The First Harmful Event was Not a Collision with a Motor Vehicle in Transport,0,None,0,0,10,October,1,This section IS ON the NHS,99,Unknown,99,Unknown,1,1,1,1,0,,0000000,Not Applicable,1,State Highway Agency,0,No,3,Intersection-Related ,1,On Roadway,,,3,State Highway,2,Urban,0,No,0,No Special Jurisdiction,New York,360894,36,SR-25 FRONT ST,MAIN ST,2,Four-Way Intersection,1,1,1,1,Clear,0,No Additional Atmospheric Conditions,Clear,0,None,2019
99,Unknown EMS Scene Arrival Hour,99,Unknown EMS Scene Arrival Minutes,0,None,0,None,0,None,360,BABYLON,103,SUFFOLK (103),2018,24,4,Wednesday,0,1,4,Minor Arterial,8,Pedestrian,99,Unknown,99,Unknown EMS Hospital Arrival Time,1,1:00am-1:59am,40.67991667,40.67991667,2,Dark - Not Lighted,-73.399294440,-73.399294440,0,Not a Collision with Motor Vehicle In-Transport,99998,Not Reported,10,10,10,October,0,This section IS NOT on the NHS,99,Unknown,99,Unknown,1,1,1,1,0,,0000000,Not Applicable,2,County Highway Agency,0,No,3,Intersection-Related ,1,On Roadway,,,4,County Road,2,Urban,0,No,0,No Special Jurisdiction,New York,360895,36,CR-47,CR-12,2,Four-Way Intersection,1,1,1,1,Clear,0,No Additional Atmospheric Conditions,Clear,0,None,2018
99,Unknown EMS Scene Arrival Hour,99,Unknown EMS Scene Arrival Minutes,0,None,0,None,0,None,2840,HUNTINGTON,103,SUFFOLK (103),2013,18,6,Friday,0,1,,,8,Pedestrian,99,Unknown,99,Unknown EMS Hospital Arrival Time,9,9:00am-9:59am,40.87077222,40.87077222,1,Daylight,-73.430777780,-73.430777780,0,Not a Collision with Motor Vehicle In-Transport,0,None,23,23,10,October,1,This section IS ON the NHS,99,Unknown,99,Unknown,1,1,1,1,0,,0000000,Not Applicable,,,0,No,2,Intersection,1,On Roadway,13,Urban-Other Principal Arterial,3,State Highway,,,0,No,0,No Special Jurisdiction,New York,360895,36,SR-25A,W NECK RD,2,Four-Way Intersection,1,1,1,1,Clear,0,No Additional Atmospheric Conditions,Clear,0,None,2013
99,Unknown EMS Scene Arrival Hour,99,Unknown EMS Scene Arrival Minutes,0,None,0,None,0,None,2920,ISLIP,103,SUFFOLK (103),2017,10,1,Sunday,0,1,3,Principal Arterial - Other,12,Motor Vehicle In-Transport ,99,Unknown,99,Unknown EMS Hospital Arrival Time,19,7:00pm-7:59pm,40.77741111,40.77741111,1,Daylight,-73.215563890,-73.215563890,6,Angle ,0,None,0,0,9,September,0,This section IS NOT on the NHS,99,Unknown,99,Unknown,0,5,0,5,0,,0000000,Not Applicable,3,Town or Township Highway Agency,0,No,8,Driveway Access Related,1,On Roadway,,,3,State Highway,2,Urban,0,No,0,No Special Jurisdiction,New York,360895,36,SR-111,,1,Not an Intersection,3,3,1,1,Clear,0,No Additional Atmospheric Conditions,Clear,0,None,2017
13,1:00pm-1:59pm,5,5,0,None,0,None,0,None,3835,MONTAUK,103,SUFFOLK (103),2017,29,1,Sunday,1,1,7,Local,40,Fire Hydrant,13,1:00pm-1:59pm,54,54,13,1:00pm-1:59pm,99.99990000,Unknown,1,Daylight,999.999900000,Unknown,0,Not a Collision with Motor Vehicle In-Transport,0,None,2,2,10,October,0,This section IS NOT on the NHS,13,1:00pm-1:59pm,99,Unknown,0,1,0,1,0,,0000000,Not Applicable,3,Town or Township Highway Agency,0,No,1,Non-Junction,4,On Roadside,,,5,Local Street - Township,2,Urban,0,No,0,No Special Jurisdiction,New York,360896,36,STAR ISLAND DR,,1,Not an Intersection,1,1,10,10,Cloudy,0,No Additional Atmospheric Conditions,Cloudy,0,None,2017
99,Unknown EMS Scene Arrival Hour,99,Unknown EMS Scene Arrival Minutes,0,None,0,None,0,None,3270,LINDENHURST,103,SUFFOLK (103),2018,26,4,Wednesday,0,1,7,Local,12,Motor Vehicle In-Transport ,99,Unknown,99,Unknown EMS Hospital Arrival Time,11,11:00am-11:59am,40.68960833,40.68960833,1,Daylight,-73.365166670,-73.365166670,6,Angle ,0,None,58,58,12,December,0,This section IS NOT on the NHS,99,Unknown,99,Unknown,0,3,0,3,0,,0000000,Not Applicable,3,Town or Township Highway Agency,0,No,2,Intersection,1,On Roadway,,,5,Local Street - Township,2,Urban,0,No,0,No Special Jurisdiction,New York,360896,36,E HOFFMAN AVE,N DELAWARE AVE,2,Four-Way Intersection,2,2,1,1,Clear,0,No Additional Atmospheric Conditions,Clear,0,None,2018
99,Unknown EMS Scene Arrival Hour,99,Unknown EMS Scene Arrival Minutes,0,None,0,None,0,None,5769,SMITHTOWN,103,SUFFOLK (103),2018,30,1,Sunday,0,1,3,Principal Arterial - Other,8,Pedestrian,99,Unknown,99,Unknown EMS Hospital Arrival Time,14,2:00pm-2:59pm,40.85524444,40.85524444,1,Daylight,-73.193536110,-73.193536110,0,Not a Collision with Motor Vehicle In-Transport,0,None,26,26,12,December,1,This section IS ON the NHS,99,Unknown,99,Unknown,1,1,1,1,0,,0000000,Not Applicable,1,State Highway Agency,0,No,3,Intersection-Related ,1,On Roadway,,,3,State Highway,2,Urban,0,No,0,No Special Jurisdiction,New York,360897,36,SR-25A MAIN ST,LAWRENCE AVE,3,T-Intersection,1,1,10,10,Cloudy,0,No Additional Atmospheric Conditions,Cloudy,0,None,2018
99,Unknown EMS Scene Arrival Hour,99,Unknown EMS Scene Arrival Minutes,0,None,0,None,0,None,705,BROOKHAVEN,103,SUFFOLK (103),2013,31,5,Thursday,0,1,,,8,Pedestrian,88,Not Applicable (Not Transported) ,88,Not Applicable (Not Transported),2,2:00am-2:59am,40.78460556,40.78460556,2,Dark - Not Lighted,-73.040680560,-73.040680560,0,Not a Collision with Motor Vehicle In-Transport,0,None,5,5,10,October,0,This section IS NOT on the NHS,99,Unknown,99,Unknown,1,2,1,2,0,,0000000,Not Applicable,,,0,No,1,Non-Junction,1,On Roadway,6,Rural-Local Road or Street,6,Local Street - Municipality,,,0,No,0,No Special Jurisdiction,New York,360897,36,WAVERLY AVE,,1,Not an Intersection,1,1,10,10,Cloudy,0,No Additional Atmospheric Conditions,Cloudy,0,None,2013
99,Unknown EMS Scene Arrival Hour,99,Unknown EMS Scene Arrival Minutes,0,None,0,None,0,None,705,BROOKHAVEN,103,SUFFOLK (103),2017,14,7,Saturday,0,1,7,Local,12,Motor Vehicle In-Transport ,99,Unknown,99,Unknown EMS Hospital Arrival Time,17,5:00pm-5:59pm,40.82325556,40.82325556,1,Daylight,-73.013225000,-73.013225000,6,Angle ,0,None,10,10,10,October,0,This section IS NOT on the NHS,99,Unknown,99,Unknown,0,4,0,4,0,,0000000,Not Applicable,3,Town or Township Highway Agency,0,No,2,Intersection,1,On Roadway,,,5,Local Street - Township,2,Urban,0,No,0,No Special Jurisdiction,New York,360897,36,EXPRESS DR S,OLD MEDFORD AVE,2,Four-Way Intersection,2,2,10,10,Cloudy,0,No Additional Atmospheric Conditions,Cloudy,0,None,2017
20,8:00pm-8:59pm,19,19,0,None,0,None,0,None,5769,SMITHTOWN,103,SUFFOLK (103),2011,5,7,Saturday,0,1,,,12,Motor Vehicle In-Transport ,20,8:00pm-8:59pm,36,36,20,8:00pm-8:59pm,40.86552500,40.86552500,3,Dark - Lighted,-73.220447220,-73.220447220,2,Front-to-Front,0,None,10,10,11,November,1,This section IS ON the NHS,20,8:00pm-8:59pm,15,15,0,3,0,3,0,,0000000,Not Applicable,,,0,No,2,Intersection,1,On Roadway,12,Urban-Principal Arterial-Other Freeways or Expressways,3,State Highway,,,0,No,0,No Special Jurisdiction,New York,360897,36,SR-25A,RIVER HEIGHTS DR,3,T-Intersection,2,2,1,1,Clear,0,No Additional Atmospheric Conditions,Clear,0,None,2011